word,phonetic,pos,meaning,example_en,example_zh,tags,difficulty
abandon,ə'bændən,v./n.,"放弃, 抛弃, 遗弃, 使屈从, 沉溺, 放纵；放任, 无拘束, 狂热",,,六级,1
abbreviation,ə.bri:vi'eiʃən,n.,"缩写词, 缩写, 缩短, 节略",,,六级,2
abide,ə'baid,v.,"停留, 遵守, 居留, 继续下去；忍受, 经受, 屈从于",,,六级,2
abnormal,æb'nɒ:məl,adj./n.,"反常的, 不规则的, 变态的, 畸形的；畸形的人",,,六级,2
abolish,ə'bɒliʃ,v.,"废止, 革除, 消灭；废除, 取消, 裁撤",,,六级,1
abrupt,ə'brʌpt,adj.,"突然的, 唐突的, 陡峭的, 不连贯的",,,六级,2
absence,'æbsəns,n.,"缺席, 缺乏, 没有；失神",,,六级,1
absent,'æbsənt,adj./v.,"缺席的, 不在的, 缺乏的, 漫不经心的；使缺席",,,六级,1
absolute,'æbsəlu:t,adj./n.,"绝对的, 专制的, 完全的, 独立的；绝对事物",,,六级,1
absorb,əb'sɒ:b,v.,"吸收, 使全神贯注, 同化, 买进, 理解, 承受, 忍受, 承担；吸收",,,六级,1
absorption,əb'sɒ:pʃən,n.,"吸收, 专心, 全神贯注；吸收; 吸收作用",,,六级,2
abstract,'æbstrækt,adj./n./v.,"抽象的, 深奥的；摘要, 抽象概念；摘要, 提炼, 使抽象化；摘录; 摘要; 抽象",,,六级,1
absurd,əb'sə:d,adj./n.,"荒谬的, 不合理的, 可笑的；荒诞",,,六级,2
abundance,ə'bʌndəns,n.,"丰富, 充足, 大量；丰富, 充裕",,,六级,2
abuse,ə'bju:s.ə'bju:z,n./v.,"滥用, 虐待, 恶习, 辱骂；滥用, 辱骂, 虐待",,,六级,1
academic,.ækə'demik,adj./n.,"学院的, 学术的, 不切实际的；大学生, 大学教师, 学者, 学会会员",,,六级,1
academy,ə'kædəmi,n.,"学院, 院校, 学会",,,六级,1
accelerate,ək'seləreit,v.,"加速, 促进",,,六级,2
acceptance,ək'septəns,n.,"接受, 接纳, 承认, 同意, 赞同, 容忍, 相信；承兑, 认付, (工程)验收",,,六级,1
access,'ækses,n./v.,"通路, 入口, 接近, 进入, 使用权, 发作；访问, 存取, 接近, 使用；访问, 存取",,,六级,1
accessary,ək'sesəri,adj./n.,"附属的, 附带的, 从犯的；附件, 同谋, 从犯",,,六级,3
accessible,ək'sesəbl,adj.,"易接近的, 可进入的, 可使用的, 易受影响的, 可理解的",,,六级,1
accessory,ək'sesəri,n./adj.,"附件, 零件, 附加物, 从犯, 同谋；附属的, 补充的, 同谋的, 帮凶的, 非主要的, 副的；附件",,,六级,2
accidental,.æksi'dentl,adj./n.,"意外的, 偶然的, 非主要的, 附属的；临时记号, 次要方面",,,六级,2
accommodate,ə'kɒmədeit,v.,"使适应, 调和, 通融, 容纳, 向...提供；适应",,,六级,1
accommodation,ə.kɒmə'deiʃən,n.,"膳宿, 预订铺位, 适应性调节, 调和, 贷款；调节(眼); 适应",,,六级,1
accompany,ə'kʌmpəni,v.,"陪伴, 伴随, 补充, 为...伴奏；伴奏, 伴唱",,,六级,1
accomplishment,ə'kʌmpliʃmənt,n.,"成就, 完成",,,六级,2
accord,ə'kɒ:d,n./v.,"一致, 调和, 协定；给与, 使一致；相符合",,,六级,1
accordance,ə'kɒ:dəns,n.,"一致, 和谐",,,六级,2
accordingly,ə'kɒ:diŋli,adv.,"相应地, 因此, 于是",,,六级,1
accumulate,ə'kju:mjuleit,v.,"积聚, 堆积",,,六级,1
accuracy,'ækjurəsi,n.,"精确, 正确；准确度",,,六级,1
accurate,'ækjurət,adj.,"正确的, 精确的；准确的, 精确的",,,六级,1
accuse,ə'kju:z,v.,"指责, 控告, 归咎于；指责, 控告",,,六级,1
accustom,ə'kʌstəm,v.,使习惯于,,,六级,2
accustomed,ə'kʌstəmd,adj.,"惯常的, 习惯了的",,,六级,2
achieve,ə'tʃi:v,v.,"完成, 达到；如愿以偿",,,六级,1
achievement,ə'tʃi:vmənt,n.,"完成, 成就, 功业",,,六级,1
acid,'æsid,n./adj.,"酸, 酸类物质, 尖刻, 迷幻药；酸的, 酸性的, 尖刻的, 敏锐的；自动文档互参与索引生成程序",,,六级,1
acknowledge,ək'nɒlidʒ,v.,"承认, 告知收悉, 答谢, 报偿；承认, 答谢, 收到的通知",,,六级,1
acquaint,ə'kweint,v.,"使认识, 介绍",,,六级,2
acquaintance,ə'kweintəns,n.,"认识, 相识者",,,六级,2
acquire,ə'kwaiə,v.,"获得, 学到；目标锁定",,,六级,1
acquisition,.ækwi'ziʃən,n.,"获得, 获得物；收购, 招揽, 取得",,,六级,1
acquisitive,ə'kwizitiv,adj.,"渴望获得的, 贪婪的；取得的, 获得的, 贪得无厌的",,,六级,2
action,'ækʃən,n./v.,"行动, 活动, 动作, 作用, 战斗, 行为, 诉讼；对...起诉；方式",,,六级,1
actually,'æktʃuəli,adv.,"事实上, 竟然, 如今, 现在",,,六级,1
acute,ə'kju:t,adj.,"尖锐的, 敏锐的, 激烈的, 严重的, 急性的；急性的; 尖锐的",,,六级,1
adapt,ə'dæpt,v.,"使适应, 改编；适应",,,六级,1
addict,ə'dikt,v./n.,"使沉溺, 使上瘾；入迷的人, 上瘾者",,,六级,2
addition,ə'diʃən,n.,"加法, 增加的人(或物)；加法",,,六级,1
additional,ə'diʃənəl,adj.,"附加的, 另外的, 额外的；加添的, 附加的",,,六级,1
address,ə'dres,n./v.,"住址, 演说, 举止, 灵巧, 求爱；发表(演说或讲话), 对付, 写地址；地址, 寻址",,,六级,1
adequate,'ædikwət,adj.,"适当的, 足够的；胜任的, 适当的, 充分的",,,六级,1
adhere,əd'hiə,v.,"依附, 粘着, 坚持, 追随, 拥护；使粘附",,,六级,2
adjacent,ə'dʒeisənt,adj.,"毗连的, 邻近的, 连接的；相邻的, 邻位的, 交界的",,,六级,2
adjoin,ə'dʒɒin,v.,"邻接, 毗连",,,六级,2
adjust,ə'dʒʌst,v.,"调整, 使适应于, 校准；适应于, 被调节, 相互熟悉而适应",,,六级,1
adjustable,ə'dʒʌstəbl,adj.,可调节的；可调整的,,,六级,2
administration,əd.mini'streiʃən,n.,"行政, 管理, 政府机关；给药",,,六级,1
admiration,.ædmə'reiʃən,n.,"赞赏, 钦佩, 引人赞赏的对象",,,六级,2
admission,əd'miʃən,n.,"准许进入, 入场费, 录用, 承认；加入, 入股",,,六级,1
adolescent,.ædəu'lesənt,adj./n.,"青春期的, 青少年的；青少年",,,六级,2
adopt,ə'dɒpt,v.,"采用, 正式通过, 收养, 接受；采取",,,六级,1
adoption,ə'dɒpʃən,n.,"采用, 采纳, 收养；收养, 采纳, 采用",,,六级,1
adore,ə'dɒ:,v.,"崇拜, 爱慕, 喜爱；崇拜, 爱慕",,,六级,2
advance,əd'vɑ:ns,n./v./adj.,"前进, 进展, 行过的路程；前进, 进展, 提高, 上涨；使前进, 促进, 提出, 提高, 使提前, 预付；前面的, 预先的",,,六级,1
advantageous,.ædvən'teidʒəs,adj.,"有利的, 有益的",,,六级,2
adverse,'ædvə:s,adj.,"不利的, 敌对的, 相反的, 逆的；相反的, 敌对的, 逆的",,,六级,2
advertise,'ædvətaiz,v.,"做广告, 通知, 公布；做广告",,,六级,1
advice,əd'vais,n.,"忠告, 劝告, 意见, 报道, 通知；通知书, 通知, 建议",,,六级,1
advisable,əd'vaizəbl,adj.,"适当的, 明智的",,,六级,2
advise,əd'vaiz,v.,"劝告, 给...出主意, 通知, 建议；提意见, 商量",,,六级,1
advocate,'ædvəkeit,n./v.,"提倡者, 拥护者；主张, 提倡",,,六级,1
aerial,'єəriəl,adj./n.,"空中的, 航空的, 空气的, 空想的；天线",,,六级,2
aeroplane,'єərəplein,n.,飞机；飞机,,,六级,2
aerospace,'єərəuspeis,n.,"航天空间, 航天技术",,,六级,2
aesthetic,i:s'θetik,adj.,"美学的, 审美的, 有美感的",,,六级,2
affair,ə'fєə,n.,"事件, 事务, 恋爱事件",,,六级,1
affect,ə'fekt,v./n.,"影响, 感动, 假装, 模仿, 爱好, 倾向于；自觉感情",,,六级,1
affection,ə'fekʃən,n.,"影响, 病, 喜爱, 情感, 倾向；疾患, 病变, 病; 感情",,,六级,1
affective,ə'fektiv,adj.,"情感的, 表达感情的；感情的, 情感的",,,六级,2
affiliate,ə'filieit,v.,"使紧密联系, 使附属, 接纳, 收养；发生联系, 参加",,,六级,2
affirm,ə'fə:m,v.,"断言, 确认",,,六级,2
afflict,ə'flikt,v.,"使苦恼, 折磨",,,六级,2
affluence,'æfluəns,n.,"富裕, 丰富, 流注；丰富, 流入",,,六级,2
afford,ə'fɒ:d,v.,"买得起, 足以, 给予",,,六级,1
afterward,'ɑ:ftəwəd,adv.,"然后, 后来",,,六级,2
aggravate,'ægrəveit,v.,"使恶化, 使更严重, 加重",,,六级,2
aggression,ə'greʃən,n.,"侵犯, 侵略；攻击",,,六级,1
aggressive,ə'gresiv,adj.,"侵略的, 挑畔的, 进取的；侵略的, 爱挑衅的, 行为过火的",,,六级,1
agitation,.ædʒi'teiʃən,n.,"激动, 焦虑, 煽动, 搅动, 摇动；搅拌; 搅拌作用",,,六级,2
agony,'ægəni,n.,"极大的痛苦, 挣扎；濒死苦闷; 剧痛",,,六级,2
agreeable,ə'griəbl,adj.,"令人愉快的, 同意的；佳适的",,,六级,2
agriculture,'ægrikʌltʃə,n.,"农业；农业, 农学",,,六级,1
aid,eid,n./v.,"帮助, 外援, 助手；援助, 帮助, 有助于；帮助；自动内部诊断",,,六级,1
aim,eim,n./v.,"目标, 瞄准, 击中目标的能力；对准目标, 致力, 打算；瞄准；医学文摘索引, 存取隔离机构, 高级信息管理程序, 先进接口模块；应用接口模块, 医学人工智能, 相联索引法, 异步接口模块；自动化信息管理, 自动化综合制造, 自动化库存管理",,,六级,1
alas,ə'læs,int.,唉,,,六级,2
album,'ælbəm,n.,"粘贴簿, 唱片套；白色物",,,六级,1
alert,ə'lə:t,adj./n./v.,"警觉的, 灵敏的, 留心的；警报；使警觉, 通知, 使意识到",,,六级,1
algebra,'ældʒibrə,n.,代数学,,,六级,2
alien,'eiljən,n./adj.,"外国人, 外侨；外国的, 相异的",,,六级,2
alignment,ə'lainmənt,n.,"队列, 结盟, 校正；校准; 对齐; 对准",,,六级,2
alike,ə'laik,adj./adv.,"相似的, 同样的；一样, 以同样的方式",,,六级,1
alive,ə'laiv,adj.,"活着的, 活泼的, 敏感的, 热闹的",,,六级,1
allegation,.æli'geiʃən,n.,"断言, 主张, 申辩；声明, 事实陈述, 断言",,,六级,1
allege,ə'ledʒ,v.,"宣称, 主张, 提出, 断言；断言, 指称, 指证",,,六级,1
allegiance,ə'li:dʒəns,n.,"忠贞, 效忠",,,六级,2
alleviate,ə'li:vieit,v.,"减轻, 使缓和",,,六级,2
alliance,ə'laiəns,n.,"联盟, 联合；同盟, 联盟, 联姻",,,六级,1
allied,ə'laid,adj.,"联盟的, 联姻的, 联系起来的",,,六级,1
allocate,'æləukeit,v.,"分派, 分配；分配",,,六级,1
allowance,ə'lauəns,n./v.,"津贴, 零用钱, 限额, 折扣, 允许；定量供应",,,六级,1
alloy,'ælɒi. ə'lɒi,n./v.,"合金；将...铸成合金, 减低成色；合铸",,,六级,2
ally,'ælai. ə'lai,n./v.,"同盟者, 同盟国, 助手；使联盟, 使联合, 使有关系；结盟",,,六级,1
alongside,ə'lɒŋ'said,adv./prep.,"在旁边, 靠拢着；在...旁边, 与...在一起",,,六级,1
alphabet,'ælfəbit,n.,字母；字母表,,,六级,2
alter,'ɒ:ltə,v.,改变,,,六级,1
alteration,.ɒ:ltə'reiʃən,n.,"变更, 改动；变更",,,六级,1
alternate,'ɒ:ltənət,adj./v.,"交替的, 轮流的, 间隔的；轮流, (使)交替",,,六级,2
alternative,ɒ:l'tə:nətiv,n./adj.,"两者择一, 供替代的选择；两者择一的, 供选择的；选择对象",,,六级,1
altitude,'æltitju:d,n.,"高度, 海拔, 高处；高度",,,六级,2
aluminium,.ælju'miniəm,n./adj.,铝；铝的,,,六级,2
amateur,'æmətə,n.,"业余爱好者, 外行, 爱好者；业余家",,,六级,2
amaze,ə'meiz,v.,使吃惊,,,六级,2
ambassador,æm'bæsədə,n.,"大使；大使, 使节, 代理",,,六级,1
ambient,'æmbiənt,adj./n.,周围的；周围环境,,,六级,2
ambiguity,.æmbi'gju:iti,n.,"不明确, 含糊；二义性; 多义性",,,六级,2
ambiguous,æm'bigjuəs,adj.,"不明确的, 模棱两可的；意思含糊的, 模棱两可的, 暧昧的",,,六级,2
ambition,æm'biʃən,n.,"野心, 志向",,,六级,1
ambitious,æm'biʃəs,adj.,"有野心的, 抱负不凡的, 雄心勃勃的",,,六级,1
amends,ə'mendz,n.,赔偿；赔偿,,,六级,2
amid,ə'mid,prep.,"在其间, 在其中；在...中",,,六级,2
ampere,'æmpєə,n.,安培；安培,,,六级,3
ample,'æmpl,adj.,"大量的, 充足的, 丰富的",,,六级,2
amplify,'æmplifai,v.,"增强, 放大, 扩大, 详述；引伸",,,六级,2
amplitude,'æmplitju:d,n.,"广阔, 充足, 幅度；振幅",,,六级,2
amuse,ə'mju:z,v.,"消遣, 娱乐, 使发笑",,,六级,2
amusement,ə'mju:zmənt,n.,"兴味, 娱乐, 消遣；娱乐, 娱乐活动",,,六级,2
analogous,ə'næləgəs,adj.,"类似的, 相似的；类似的, 类同的",,,六级,2
analogue,'ænəlɒg,n.,"类似物, 相似情况；类似物, 同型物, 相似器官, 同功异质体",,,六级,2
analogy,ə'nælədʒi,n.,"相似, 类似；模拟",,,六级,2
analyse,'ænəlaiz,v.,"分析, 细察, 分解；分析",,,六级,1
analysis,ə'næləsis,n.,分析；分析机; 分析员; 分析; 分析程序,,,六级,1
analyst,'ænəlist,n.,"分析者, 精神分析学家；分析员; 化验员",,,六级,1
analytic,.ænə'litik,adj.,"分析的, 善于分析的, 解析的；分析的",,,六级,2
analytical,.ænə'litikl,adj.,"分析的, 善于分析的, 解析的；分析的",,,六级,2
ancestor,'ænsestə,n.,"祖先, 祖宗",,,六级,1
anchor,'æŋkə,n./v.,"锚；抛锚停泊, 使固定；锚",,,六级,2
ancient,'einʃənt,adj.,"古代的, 古老的, 年老的, 旧的",,,六级,1
ankle,'æŋkl,n.,"踝；踝, 踝关节",,,六级,1
anniversary,æni'və:səri,n.,周年纪念,,,六级,1
announce,ə'nauns,v.,"宣布, 声称, 显示, 预告；当报幕员, 宣布参加竞选",,,六级,1
annually,'ænjuəli,adv.,"一年一次, 每年；年度的, 每年的",,,六级,2
anode,'ænəud,n.,阳极；阳极; 正极,,,六级,3
anonymous,ə'nɒniməs,adj.,"姓氏不详的, 无名的, 无特色的；无记录",,,六级,1
antarctic,ænt'ɑ:ktik,adj./n.,"南极的, 南极地带的；南极地区",,,六级,2
antenna,æn'tenə,n.,"天线, 触须, 触角；天线",,,六级,2
anticipate,æn'tisipeit,v.,"预期, 占先, 加速, 提前使用；提前出现, 先期发生",,,六级,1
antique,æn'ti:k,n./adj.,"古董, 古物；古老的, 古风的, 旧式的, 过时的",,,六级,2
antisocial,.ænti'səuʃəl,,"不爱社交的, 反社会的, 有害于公众利益的；不喜社交的",,,六级,2
anxiety,æŋ'zaiəti,n.,"焦虑, 忧虑, 令人焦虑的事；焦虑",,,六级,1
anxious,'æŋʃəs,adj.,"忧虑的, 发愁的, 渴望的",,,六级,1
apparatus,.æpə'reitəs,n.,"装置, 器具, 器官；仪器; 器械",,,六级,2
apparent,ə'pærənt,adj.,"清晰可见的, 显然的, 表面上的；外在的",,,六级,1
appeal,ə'pi:l,n./v.,"恳求, 诉请, 上诉, 吸引力；呼吁, 诉请, 要求, 上诉, 有吸引力；将...上诉",,,六级,1
appealing,ə'pi:liŋ,adj.,"有感染力的, 动人的, 恳求的",,,六级,2
appendix,ə'pendiks,n.,"附录, 附加物, 阑尾；增补",,,六级,1
appetite,'æpitait,n.,"食欲, 欲望, 爱好；食欲",,,六级,2
applaud,ə'plɒ:d,v.,"拍手喝彩, 称赞, 赞同",,,六级,2
applause,ə'plɒ:z,n.,"鼓掌, 喝彩, 赞许",,,六级,2
appliance,ə'plaiəns,n.,"器械, 用具, 应用；矫正器; 器",,,六级,2
applicable,'æplikəbl,adj.,"合适的, 可应用的；适用的, 适应的",,,六级,1
application,.æpli'keiʃən,n.,"应用, 申请, 志愿书, 应用程序；应用, 应用程序",,,六级,1
apply,ə'plai,v.,"涂, 应用；申请, 适用",,,六级,1
appoint,ə'pɒint,v.,"任命, 指定, 下令；派, 派任, 任命",,,六级,1
appointment,ə'pɒintmənt,n.,"约会, 委任的职位, 委派；任命, 派, 指定",,,六级,1
appraisal,ə'preizəl,n.,"评价, 估价；评价, 评估",,,六级,2
appraise,ə'preiz,v.,"评价, 估价；评价, 鉴定",,,六级,2
appreciable,ə'pri:ʃiəbl,adj.,"可感知的, 可评估的",,,六级,2
appreciate,ə'pri:ʃieit,v.,"赏识, 鉴别, 为...而感激, 领会, 欣赏；增值, 涨价",,,六级,1
appreciation,ə.pri:ʃi'eiʃən,n.,"感激, 赏识, 鉴别；涨价, 增值",,,六级,1
approach,ə'prəutʃ,n./v.,"接近, 入门；接近, 近似, 找...商量；靠近",,,六级,1
appropriate,ə'prəupriət,adj.,"适当的；适当的, 拨出, 占用",,,六级,1
approval,ə'pru:vl,n.,"赞成, 批准；核准",,,六级,1
approve,ə'pru:v,v.,"赞同, 核准, 为...提供证据；赞许",,,六级,1
approximate,ə'prɒksimət,adj./v.,"大约的, 接近的, 近似的；接近, 使接近, 粗略估计；接近于",,,六级,2
approximately,ə'prɒksimətli,adv.,"大约, 大致, 近于；大约, 近似",,,六级,1
apt,æpt,adj.,"有...倾向的, 易于的, 恰当的, 聪明的；自动数控语言, 自动图象传输, 自动程序控制, 自动程序设计工具",,,六级,2
arabian,ə'reibiən,adj.,"阿拉伯的, 阿拉伯人的",,,六级,2
arbitrary,'ɑ:bitrəri,adj.,"任意的, 武断的, 专治的, 霸道的",,,六级,2
arc,ɑ:k,n.,"弧, 弧形, 弓形, 弧光；弧",,,六级,2
arch,ɑ:tʃ,n./v./adj.,"拱门, 拱形, 足弓；使成弓形；拱起, 成弓形；主要的, 调皮的, 傲慢无礼的, 狡猾的",,,六级,1
architect,'ɑ:kitekt,n.,"建筑师, 设计者, 缔造者",,,六级,1
architecture,'ɑ:kitektʃə,n.,"建筑学, 建筑式样；体系结构",,,六级,1
arctic,'ɑ:ktik,adj./n.,"北极的, 极寒的；北极圈, 北极",,,六级,2
argue,'ɑ:gju,v.,"提出理由, 争论, 辩论；主张, 辩论, 证明, 说服",,,六级,1
arise,ə'raiz,v.,"站立, 出现, 起来",,,六级,1
arithmetic,ə'riθmətik,n.,"算术, 算术知识；算术; 算术的",,,六级,2
arouse,ə'rauz,v.,"唤醒, 鼓励, 引起；醒来",,,六级,1
array,ə'rei,n./v.,"排列, 衣服, 大批, 军队；布署, 打扮, 排列；数组; 阵列",,,六级,1
arrest,ə'rest,n./v.,"逮捕, 监禁；拘捕, 抑制, 吸引, 阻止",,,六级,1
arrogant,'ærəɡənt,adj.,"自大的, 傲慢的",,,六级,2
articulate,ɑ:'tikjulit,adj./v.,"发音清晰的, 口才好的；明白地说, 以关节连接, 使成为系统的整体",,,六级,2
artificial,.ɑ:ti'fiʃəl,adj.,"人造的, 假的, 非原地产的；人工的, 人造的, 伟牟",,,六级,1
artistic,ɑ:'tistik,adj.,"艺术的, 艺术家的, 富有艺术性的",,,六级,1
ascend,ə'send,v.,"上升, 追溯, 登高；攀登",,,六级,2
ascertain,.æsə'tein,v.,"确定, 查明；查明, 弄清, 确定",,,六级,2
ascribe,ə'skraib,v.,"归因于, 归咎于；归咎于",,,六级,2
ashore,ə'ʃɒ:,adv.,"向岸, 在岸上",,,六级,2
aspect,'æspekt,n.,"外观, 方面, 面貌, 方向；方面, 局面; 外观",,,六级,1
aspiration,.æspə'reiʃən,n.,"热望, 志向, 渴望；吸入; 吸[引], 吸引术",,,六级,1
ass,æs,n.,"驴, 傻瓜, 笨蛋, 屁股；模拟仿真系统",,,六级,2
assassinate,ə'sæsineit,v.,"暗杀, 行刺；暗杀, 行刺, 中伤",,,六级,2
assault,ə'sɒ:t,n./v.,"攻击, 袭击；袭击, 攻击；发动攻击",,,六级,1
assemble,ə'sembl,v.,"集合, 收集, 装配；集合；汇编",,,六级,1
assert,ə'sə:t,v.,"主张, 坚称, 断言；宣称, 断言, 维护",,,六级,1
assertive,ə'sə:tiv,adj.,"武断的, 过分自信的；断言的",,,六级,2
assess,ə'ses,v.,"估定, 对...征税, 评定；估计, 估价, 确定(税款罚款等)的金额",,,六级,1
assessment,ə'sesmənt,n.,"评估, 估定, 评定的款额；评估",,,六级,1
asset,'æset,n.,"资产, 有益的东西",,,六级,1
assign,ə'sain,v.,"分配, 指派, 赋值；赋值",,,六级,1
assignment,ə'sainmənt,n.,"分配, 功课, 任务, 转让, 归因, 陈述；赋值",,,六级,1
assimilate,ə'simileit,v.,"使同化, 吸收, 使相拟, 把...比作；被吸收, 被同化",,,六级,2
assimilation,ə.simi'leiʃən,n.,"同化, 同化作用, 吸收；同化; 同化作用",,,六级,2
assist,ə'sist,n./v.,"帮助, 协助；帮助, 促进；协助, 参加",,,六级,1
assistant,ə'sistənt,n./adj.,"助手, 助理, 助教；有帮助的, 辅助的, 助理的",,,六级,1
associate,ə'səuʃieit,n./v.,"同伴, 伙伴, 关联的事物；使联合, 使发生联系；交往；关联",,,六级,1
association,ə.səuʃə'eiʃən,n.,协会；关联,,,六级,1
assume,ə'sju:m,v.,"假定, 承担, 呈现；装腔作势, 僭越",,,六级,1
assumption,ə'sʌmpʃən,n.,"假定, 自负, 担任, 假装；假定, 承担",,,六级,1
assurance,ə'ʃuərəns,n.,"保证, 把握, 信心, 保险；保证, 担保, 保险",,,六级,1
assure,ə'ʃuə,v.,"保证, 使确信, 弄清楚, 担保；确信, 保证, 保障",,,六级,1
astonishment,ə'stɒniʃmənt,n.,"惊异, 惊愕, 使人惊异的事物",,,六级,2
astronaut,'æstrənɒ:t,n.,"太空旅行者, 宇航员；美国太空人",,,六级,2
astronomy,ə'strɒnəmi,n.,天文学,,,六级,2
athlete,'æθli:t,n.,"运动员, 运动选手；运动员",,,六级,2
athletic,æθ'letik,adj.,运动的,,,六级,2
atmosphere,'ætməsfiə,n.,"大气, 空气, 气氛；大气; 大气压",,,六级,1
atmospheric,ætməs'ferik,adj.,大气的；大气的; 大气压的,,,六级,2
atom,'ætəm,n.,"原子, 核能, 微粒, 微量；原子",,,六级,1
attach,ə'tætʃ,v.,"附上, 使依附, 使附属, 使喜爱, 系, 缚；附属, 归属, 联系在一起；挂接服务器命令, 关联, 挂接, 附加",,,六级,1
attachment,ə'tʃætʃmənt,n.,"连接, 附属物, 连接物, 爱慕；附加, 附件",,,六级,2
attack,ə'tæk,n./v.,"攻击, 抨击；攻击, 抨击, 动手干；攻击",,,六级,1
attain,ə'tein,v.,"达到, 获得；达到",,,六级,2
attempt,ə'tempt,n./v.,"尝试, 企图；尝试, 企图",,,六级,1
attendance,ə'tendəns,n.,"出席, 出席的人数, 照料；管理, 照料, 资助",,,六级,1
attendant,ə'tendənt,n./adj.,"随从, 侍者, 出席者；侍候的, 伴随的, 出席的, 在场的",,,六级,2
attent,ə'tent,,"注意的, 留意的",,,六级,3
attentive,ə'tentiv,adj.,"注意的, 留心的",,,六级,2
attorney,ə'tə:ni,n.,"代理人, 律师；律师, 代理人",,,六级,2
attribute,ə'tribju:t,n./v.,"属性, 标志, 定语；把...归于, 认为...属于；属性",,,六级,1
audience,'ɒ:diəns,n.,"听众, 观众, 读者；听讼, 观众, 听众",,,六级,1
augment,ɒ:g'ment,v.,"增加, 增长；增加; 增量; 添加",,,六级,2
aural,'ɒ:rəl,adj.,"耳的, 听觉的, 气氛的, 气味的, 光环的；耳的; 先兆的",,,六级,2
authentic,ɒ:'θentik,adj.,"可靠的, 可信的, 真正的；被认证的, 确认的, 可信的",,,六级,2
author,'ɒ:θə,n.,"作家, 作家的著作, 创始人；作者, 著作人, 本人",,,六级,1
authority,ɒ:'θɒriti,n.,"权力, 当权者, 当局, 权威, 专家；代理权, 授权, 权威",,,六级,1
automate,'ɔ:təmeit,v.,vi. (使)自动化；自动化,,,六级,2
automatic,.ɒ:tə'mætik,n./adj.,"自动手枪, 自动机械；自动的, 机械的, 必然的, 无意识的",,,六级,1
automation,.ɒ:tə'meiʃən,n.,"自动化, 自动操作；自动学; 自动化",,,六级,2
automobile,'ɒ:təməbi:l,n.,汽车；汽车,,,六级,2
auxiliary,ɒ:g'ziljəri,n./adj.,"辅助者, 辅助物, 附属机构, 助动词；辅助的, 备用的",,,六级,2
avail,ə'veil,v./n.,"有用, 有利；有利于；效用, 利益",,,六级,2
availability,ə.veilə'biliti,n.,"有效性, 可利用性, 可利用的人；有效性; 可用性",,,六级,1
available,ə'veiləbl,adj.,"可利用的, 可获得的, 有效的；有效的, 可得的",,,六级,1
avert,ə'və:t,v.,"转开, 避免, 防止",,,六级,2
aviation,.eivi'eiʃən,n.,"航空, 航空学, 飞行术；航空, 飞行, 飞行术",,,六级,2
awake,ə'weik,adj./v.,"醒着的；唤醒, 唤起, 使意识到；醒来, 被唤起, 意识到",,,六级,1
award,ə'wɒ:d,n./v.,"奖品, 裁定, 判决；授予, 给予",,,六级,1
awful,'ɒ:ful,adj.,"可怕的, 庄严的, 虔敬的",,,六级,1
awkward,'ɒ:kwəd,adj.,"笨拙的, 棘手的",,,六级,1
axial,'æksiəl,adj.,"轴的, 成轴的, 轴向的；轴的, 中轴的",,,六级,2
axis,'æksis,n.,轴；坐标轴,,,六级,2
axle,'æksl,n.,"轴, 车轴；轴",,,六级,2
bachelor,'bætʃələ,n.,"单身汉, 学士；学士, 单身汉",,,六级,2
backbone,'bækbəun,n.,"脊椎, 志气, 骨干, 支柱；主干网, 主干网点",,,六级,2
bacon,'beikən,n.,熏猪肉；腌肉,,,六级,2
bacteria,bæk'tiəriə,n.,"细菌；细菌, [无芽胞]杆菌",,,六级,2
bacterium,bæk'tiəriəm,n.,细菌；[无芽胞]杆菌属,,,六级,1
badge,bædʒ,n.,"徽章, 标记；标记",,,六级,2
badminton,'bædmintən,n.,羽毛球运动,,,六级,2
baffle,'bæfl,v./n.,"困惑, 为难, 使挫折；徒作挣扎；迷惑, 挡板",,,六级,2
bait,beit,n./v.,"饵；以饵引诱, 欺负；中途休息",,,六级,2
balcony,'bælkəni,n.,"阳台, 戏院楼厅",,,六级,2
bald,bɒ:ld,adj./v.,"秃头的, 光秃的, 单调的, 赤裸的；变秃",,,六级,2
ballet,'bælei,n.,芭蕾舞,,,六级,1
ballot,'bælət,n./v.,"投票, 投票用纸, 抽签；投票, 抽签；投票选出, 拉选票",,,六级,2
bamboo,bæm'bu:,n.,竹子；竹类,,,六级,2
ban,bæn,n./v.,"禁令；禁止, 取缔",,,六级,1
bandage,'bændidʒ,n.,绷带；帘布筒; 实心轮胎; 紧带; 绷带,,,六级,2
bandit,'bændit,n.,强盗,,,六级,2
bang,bæŋ,n./v./adv.,"重击, 突然巨响, 刘海；发巨响, 重击；砰然地, 突然巨响地, 直接地；撞击符",,,六级,1
banker,'bæŋkə,n.,"银行家, 庄家；银行业者, 银行家",,,六级,1
bankrupt,'bæŋkrʌpt,n./adj./v.,破产者；破产的；使破产,,,六级,2
bankruptcy,'bæŋkrəptsi,n.,"破产者；破产, 倒闭",,,六级,2
banquet,'bæŋkwit,n.,宴会,,,六级,2
barely,'bєəli,adv.,几乎不,,,六级,1
bargain,'bɑ:gin,n./v.,"交易, 买卖协定, 特价商品；讲价, 交易",,,六级,1
barge,bɑ:dʒ,n./v.,"驳船；用船运输；蹒跚, 闯入",,,六级,2
bark,bɑ:k,n./v.,"树皮, 吠声；吠, 叫骂；喊出, 剥树皮",,,六级,2
barley,'bɑ:li,n.,大麦；大麦,,,六级,2
barn,bɑ:n,n.,谷仓；靶(恩)(核反应截面单位),,,六级,1
barometer,bə'rɒmitə,n.,气压计；气压计,,,六级,2
baron,'bærən,n.,"男爵；男爵, 贵族, 大王",,,六级,2
barrel,'bærəl,n./v.,桶；装入桶内,,,六级,1
barren,'bærən,adj./n.,"不育的, 贫瘠的；荒地",,,六级,2
barrier,'bæriə,n.,"障碍, 栅栏；势垒; 阻片; 阻挡层",,,六级,1
baseball,'beisbɒ:l,n.,棒球；棒球系统,,,六级,2
basement,'beismənt,n.,"地下室, 墙脚；地下室",,,六级,2
basin,'beisn,n.,"盆, 盆地；第三脑室, 骨盆",,,六级,1
batch,bætʃ,n./v.,"一次所烘的面包, 一次所制之量, 一组, 批, 成批, 分批；成批, 分批处理；一批",,,六级,2
battery,'bætəri,n.,"电池, 殴打；蓄电池",,,六级,1
battle,'bætl,n./v.,战役；战斗,,,六级,1
bay,bei,n./v.,"海湾, 狗吠声, 月桂；吠, 使走投无路；吠",,,六级,1
bazaar,bə'zɑ:,n.,"集市, 市场, 义卖市场",,,六级,2
bead,bi:d,n./v.,"珠子, 滴；用珠装饰；形成珠；珠",,,六级,2
beam,bi:m,n./v.,"横梁, 杆, 光线, 容光焕发；用梁支承, 微笑, 射出光线；照耀, 感到欣喜；束",,,六级,1
bean,bi:n,n.,豆子；油嘴; 豆,,,六级,1
bearing,'bєəriŋ,n.,"举止, 轴承, 忍受, 关系, 意义, 方向, 生育；轴承",,,六级,2
beetle,'bi:tl,n./v.,"甲虫, 大槌；快速移动；捶",,,六级,2
beforehand,bi'fɒ:hænd,adv.,预先,,,六级,2
beggar,'begə,n./v.,"乞丐；使贫穷, 使成乞丐",,,六级,2
beginning,bi'giniŋ,n.,开始,,,六级,1
behalf,bi'hɑ:f,n.,"利益, 方面",,,六级,1
behave,bi'heiv,v.,"举止端正, 行为规矩；检点(自己的)行为, 使表现好",,,六级,1
behavior,bi'heivjə,n.,"行为, 举止；行为",,,六级,2
bench,bentʃ,n.,长椅子；台,,,六级,1
bend,bend,v./n.,"变弯曲, 屈服；使弯曲, 使屈服；弯曲",,,六级,1
beneficiary,.beni'fiʃəri,n./adj.,"受惠者, 受益人；受封的",,,六级,2
benefit,'benifit,n./v.,利益；有益于；受益,,,六级,1
benign,bi'nain,adj.,"善良的, 良性的；良性的",,,六级,2
bestow,bi'stəu,v.,"授予, 使用, 贮藏, 留宿",,,六级,2
betray,bi'trei,v.,"出卖, 背叛, 辜负, 暴露；出卖, 背叛, 泄漏",,,六级,2
beware,bi'wєə,v.,"小心, 谨防",,,六级,2
bewilder,bi'wildə,v.,"使迷惑, 使不知所措",,,六级,3
bias,'baiəs,n./adj./adv./v.,"偏见, 斜纹；偏斜的；偏斜；使有偏见；偏流; 偏压; 偏磁; 偏离",,,六级,1
biased,'baiəst,adj.,有偏见的；边缘的,,,六级,2
bid,bid,n./v.,"出价；命令, 吩咐, 请求, 表示, 宣布, 投标",,,六级,1
billion,'biljən,num.,"十亿, 十亿个",,,六级,1
biotech,'baɪəʊtek,n.,生物技术,,,六级,2
bishop,'biʃəp,n.,"主教, (国际象棋中的)象, 热果子酒",,,六级,1
bitterness,'bitənis,n.,"苦味, 悲痛, 怨恨",,,六级,2
bizarre,bi'zɑ:,adj.,奇异的,,,六级,2
blacksmith,'blæksmiθ,n.,铁匠；铁匠,,,六级,2
blade,bleid,n.,"叶片, 刀锋, 刀口, 剑；页[片], 叶片, 刀片, 刀刃, 刀口",,,六级,1
blame,bleim,n./v.,"过失, 责备；责备, 归咎于",,,六级,1
blast,blæst,n./v.,"一阵风, 爆炸, 枯萎病；炸, 使枯萎；炸, 猛攻, 猛烈抨击, 枯萎",,,六级,2
blaze,bleiz,n./v.,"火焰, 烈火, 光辉；燃烧, 发光；使燃烧, 宣布, 在树皮上刻痕",,,六级,2
bleach,bli:tʃ,v./n.,"漂白；变白；漂白, 漂白剂",,,六级,2
bleak,bli:k,adj.,"萧瑟的, 荒凉的, 阴冷的",,,六级,2
bleed,bli:d,v.,"流血, 悲痛, 渗出；使出血, 榨取",,,六级,2
blend,blend,v./n.,混合；混合,,,六级,2
bless,bles,v.,"祝福, 祈佑, 使神圣化",,,六级,2
blind,blaind,n./adj./v./adv.,"蒙蔽物, 窗帘；盲目的, 瞎的, 不加思考的；使失明, 蒙蔽, 遮暗；盲目地",,,六级,1
blink,bliŋk,v./n.,"眨眼, 闪亮；眨眼, 使闪亮；眨眼, 瞬间, 闪光, 闪烁；闪烁",,,六级,2
blond,blɒnd,adj./n.,金发的；白肤碧眼金发的人,,,六级,2
bloom,blu:m,n./v.,"花, 开花, 青春, 钢块；开花, 焕发青春, 茂盛；使茂盛, 把...轧成钢坯",,,六级,2
blossom,'blɒsəm,n./v.,"花, 花开的状态, 兴旺期；开花, 兴旺, 发展",,,六级,2
blouse,blauz,n.,宽松的上衣,,,六级,2
blunder,'blʌndə,n./v.,"大错, 大失策；失策, 跌跌撞撞地走, 犯错；做错",,,六级,2
blunt,blʌnt,adj.,"钝的, 坦率的, 麻痹的",,,六级,2
bluntly,'blʌntli,adv.,"坦率地, 率直地",,,六级,2
blur,blə:,v.,"使模糊, 弄脏；弄脏, 模糊",,,六级,2
blush,blʌʃ,v./n.,"脸红, 羞愧；弄成红色；脸红",,,六级,2
board,bɒ:d,n./v.,"木板, 甲板, 膳食, 会议桌；乘船, 供膳食, 用板覆盖；搭伙；板",,,六级,1
boast,bəust,n./v.,"吹牛；吹牛, 自夸；夸口说, 自恃有",,,六级,1
boiler,'bɒilə,n.,"煮器, 汽锅, 锅炉；锅炉",,,六级,2
bold,bəuld,adj./n.,大胆的；粗体；粗体,,,六级,1
bolt,bəult,n./v./adv.,"门闩, 螺钉, 筛子, 闪电, 意外事件；闩住, 发射, 脱口而出, 筛, 囫囵吞下；囫囵吞枣, 射箭, 脱缰, 退出党派；突然",,,六级,2
bomb,bɒm,n./v.,"炸弹；轰炸, 投弹于；失败",,,六级,1
bond,bɒnd,n./v.,"捆绑物, 结合, 债券, 契约, 粘合剂, 保证人, 键, 关栈保留；存入关栈, 使黏合；结合",,,六级,1
bonus,'bəunəs,n.,"奖金, 红利；奖金, 红利, 额外补贴",,,六级,1
boost,bu:st,n./v.,"推进, 吹捧；推进, 提高, 宣扬, 促进",,,六级,1
booth,bu:θ,n.,"亭, 摊棚；货摊, 电话间",,,六级,2
bore,bɒ:,n./v.,"令人讨厌的人, 激浪, 枪膛, 孔；使烦扰, 钻孔；钻孔；bear的过去式；内径; 孔径",,,六级,2
bosom,'buzəm,n./v.,"胸部, 胸, 胸怀, 内部, 中间；怀抱",,,六级,2
bough,bau,n.,大树枝,,,六级,2
bounce,bauns,n./v.,"跳, 跳跃, 弹力, 撞击；反跳, 弹跳；使跳回, 撞击；打回",,,六级,1
bound,baund,n./adj./v.,"跃, 回跳, 范围, 边界；受约束的, 装有封面的, 有义务的, 关联的, 被束缚的, 准备去...的, 便秘的；跳跃, 弹起；使跳, 限制, 形成...的疆界；bind过去式和过去分词；装订的",,,六级,1
boundary,'baundri,n.,"边界, 分界线；边界",,,六级,1
bourgeois,buə'ʒwɑ:,n./adj.,"中产阶级分子, 商人, 资产阶级；中产阶级的, 平庸的；九点活字",,,六级,2
bow,bəu.bau,n./v.,"弓, 眼睛框；用弓拉琴, 弯成弓形；鞠躬, 屈服",,,六级,1
boycott,'bɒikɒt,n./v.,联合抵制；联合抵制,,,六级,2
brace,breis,n./v.,"支柱, 曲柄, 支撑, 一对；紧缚, 支撑, 激励；打起精神；花括号",,,六级,2
brand,brænd,n./v.,"商标, 牌子, 烙印；打烙印于",,,六级,1
brandy,'brændi,n.,白兰地酒；白兰地,,,六级,2
breadth,bredθ,n.,"宽度；违背, 违犯, 未遵守",,,六级,2
breakdown,'breikdaun,n.,"崩溃, 故障；事故; 击穿",,,六级,1
breast,brest,n./v.,"胸部, 乳房, 胸怀；以胸对着, 面对",,,六级,1
breed,bri:d,n./v.,"种类, 品种；养育, 引起, 饲养, 繁殖",,,六级,1
breeze,bri:z,n./v.,"微风, 煤屑, 轻而易举的事；吹微风, 逃走",,,六级,1
bribe,braib,n./v.,"贿赂；贿赂, 收买；行贿",,,六级,2
bridegroom,'braidgrum,n.,新郎,,,六级,2
bridle,'braidl,n.,"马勒, 约束；系带, 约束",,,六级,2
brightness,'braitnis,n.,"光亮, 明亮, 聪明；亮度",,,六级,2
brim,brim,n./v.,"边, 边缘, (河)边；注满, 使满溢；满溢",,,六级,2
brisk,brisk,adj./v.,"强烈的, 寒冷而干燥的, 活泼的；使活泼；活跃起来",,,六级,2
bristle,'brisl,n./v.,"刚毛, 猪鬃；直立, 发怒, 充满；使直立",,,六级,2
brittle,'britl,adj.,"易碎的, 脆弱的, 易坏的；脆的, 脆性的, 易碎的",,,六级,2
broaden,'brɒ:dn,v.,"变宽, 扩大；放宽, 使扩大",,,六级,2
bronze,brɒnz,n./adj.,"青铜, 铜像；青铜色的",,,六级,1
brood,bru:d,n./v.,"一窝, 一伙；孵, 沉思",,,六级,2
brook,bruk,n./v.,小溪；容忍,,,六级,2
broom,bru:m,n./v.,"扫帚, 金雀花；扫除",,,六级,2
browse,brauz,v./n.,"浏览, 吃草；浏览, 吃草；浏览",,,六级,2
bruise,bru:z,n./v.,"青肿, 挫伤, 擦伤；受伤, 擦伤；使受伤, 研碎",,,六级,2
brutal,'bru:təl,adj.,"残忍的, 野蛮的, 不讲理的",,,六级,2
brute,bru:t,n./adj.,"畜生, 残忍或好色之人；残忍的, 无理性的, 畜生的",,,六级,2
bucket,'bʌkit,n.,桶；存储桶; 桶,,,六级,1
bud,bʌd,n./v.,"芽, 花蕾；发芽, 萌芽；使发芽",,,六级,2
buddhism,'budizm,n.,佛教,,,六级,2
budget,'bʌdʒit,n./v./adj.,"预算；编预算；编入预算, 安排；廉价的",,,六级,1
buffalo,'bʌfələu,n.,水牛；水牛,,,六级,2
bug,bʌg,n./v.,"错误, 虫, 病菌, 缺陷, 窃听器, 癖好, 防盗报警器, 双座小汽车, 要人；装防盗报警器, 装窃听器, 激怒；捉虫, 暴突；缺点, 错误",,,六级,2
bugle,bju:gl,n./v.,"喇叭, 号角；吹号",,,六级,2
bulb,bʌlb,n.,"球茎, 电灯泡；球, 鳞茎, 球茎",,,六级,2
bulk,bʌlk,n./v.,"大小, 体积, 大块, 大多数；显得大, 显得重要",,,六级,1
bull,bul,n.,"公牛；买方, 买空者",,,六级,2
bulletin,'bulitin,n.,"公告, 布告, 公报；电子布告栏",,,六级,2
bump,bʌmp,n./v.,"撞击, 肿块；碰撞；撞, 颠簸而行",,,六级,2
bunch,bʌntʃ,n.,"串, 束；骨肿块(马)",,,六级,1
bundle,'bʌndl,n./v.,"捆, 束；包扎, 胡乱塞进；匆忙离开",,,六级,2
burden,'bə:dn,n./v.,"负担, 重载, 担子, 责任；装货于, 烦扰, 使负担",,,六级,1
bureau,'bjuərəu,n.,"局, 办公处；局, 司, 处",,,六级,1
bureaucracy,bjuə'rɒkrəsi,n.,"官僚, 官吏；官僚主义, 官僚政治, 官僚机构",,,六级,1
burglar,'bə:glə,n.,"窃贼；夜盗, 窃贼, 盗窃者",,,六级,2
burial,'beriəl,n.,"埋葬, 葬礼；埋葬, 葬礼",,,六级,2
burn,bə:n,v./n.,"烧, 烧毁, 烧伤；燃烧, 发热, 烧毁；烧伤, 烙印",,,六级,1
burner,'bə:nə,n.,"火炉, 烧火的人；灯; 灯头; 烧嘴炉; 燃烧器; 燃烧炉",,,六级,2
burst,bə:st,n./v.,"破裂, 突发, 爆发；爆裂, 突发, 充满；二进制位组; 字符组; 脉冲串",,,六级,1
bushel,'buʃəl,n./v.,蒲式耳(容量单位)；修整(衣物),,,六级,2
business,'biznis,n.,"生意, 事情, 业务, 商业, 商行, 职责；企业, 商业, 营业",,,六级,1
butcher,'butʃə,n./v.,"屠夫, 肉商, 小贩；屠宰, 屠杀",,,六级,2
butt,bʌt,n.,"粗大的一头, 烟头, 靶, 笑柄；对核",,,六级,2
button,'bʌtən,n./v.,"钮扣, 按钮；扣住；钉钮扣于, 扣紧；按钮",,,六级,1
buzz,bʌz,n./v.,"嗡嗡声, 流言；发出嗡嗡声, 说闲话；使嗡嗡叫, 散布",,,六级,2
bypass,'baipɑ:s,n./v.,"旁路；省略, 绕过, 忽视, 回避",,,六级,2
cabin,'kæbin,n./v.,"小屋, 客舱；关在小屋",,,六级,1
cabinet,'kæbinit,n./adj.,"橱柜, 内阁；内阁的, 细木工做的；机柜",,,六级,1
cable,'keibl,n./v.,"电缆, 海底电报, 缆, 索；打海底电报；发海底电报, 缚住；电缆",,,六级,1
cafe,kɑ:'fei,n.,"咖啡馆, 酒店",,,六级,2
cafeteria,.kæfi'tiəriə,n.,自助餐厅；自助餐厅,,,六级,2
cage,keidʒ,n./v.,"笼, 牢房, 战俘营；关进笼内",,,六级,1
calculus,'kælkjuləs,n.,结石；微积分学,,,六级,2
calendar,'kælində,n./v.,"日历, 日程表；列入表中；日历",,,六级,1
calibration,.kæli'breiʃən,n.,"口径测定, 刻度, 校准；校准",,,六级,2
calm,kɑ:m,n./adj./v.,"平稳, 风平浪静；平静的, 冷静的；平静下来, 镇静；使平静",,,六级,1
camel,'kæml,n.,"骆驼, 打捞浮筒",,,六级,2
camera,'kæmərə,n.,"照相机, 摄影机, 密谈室, 暗箱；摄影",,,六级,1
camp,kæmp,n./v.,"露营, 帐篷；露营, 扎营；使扎营",,,六级,1
campaign,kæm'pein,n./v.,"战役, 运动, 竞选运动；参加运动, 作战",,,六级,1
campus,'kæmpəs,n.,"校园, 大学生活",,,六级,2
canal,kə'næl,n./v.,"运河, 水道, 管, 沟渠；开运河",,,六级,1
cancel,'kænsəl,n./v.,"取消, 撤消, 盖销(邮票)；取消, 删去, 抵销, 盖销；相互抵销；作废",,,六级,1
cancer,'kænsə,n.,"癌, 恶性肿瘤；癌",,,六级,1
candidate,'kændideit,n.,"候选人, 投考者；候选, 候补者",,,六级,1
candle,'kændl,n./v.,蜡烛；对着光检查,,,六级,1
cane,kein,n./v.,"手杖, 细长的茎, 藤条；以杖击, 以藤编制",,,六级,2
cannon,'kænən,n./v.,"大炮, 加农炮；炮轰",,,六级,2
canoe,kə'nu:,n./v.,"独木舟, 轻舟；乘独木舟；用独木舟运",,,六级,2
canteen,kæn'ti:n,n.,"水壶, 军中俱乐部, 临时流动餐馆, 小卖部",,,六级,2
canvas,'kænvəs,n.,"帆布, 画布, 油画；帆布",,,六级,1
cap,kæp,n./v.,"盖子, 帽子；戴帽子, 覆盖, 胜过；脱帽致意；调用程序分析, 容量, 代码分析程序, 计算机辅助生产, 计算机辅助印刷",,,六级,1
capability,.keipə'biliti,n.,"能力, 性能, 约束力；能力",,,六级,1
capable,'keipəbl,adj.,"有能力的, 能的, 能干的",,,六级,1
capacitance,kə'pæsitəns,n.,电容；电容,,,六级,2
capacitor,kə'pæsitə,n.,电容器；电容器,,,六级,2
capacity,kə'pæsiti,n.,"容量, 能力, 才能, 资格；容量",,,六级,1
cape,keip,n.,"岬, 海角, 披肩, 斗蓬",,,六级,2
capital,'kæpitəl,n./adj.,"首都, 大写字母, 资本；首都的, 重要的",,,六级,1
capsule,'kæpsju:l,n.,"胶囊, 蒴果, 瓶帽, 航天舱；胶囊剂",,,六级,2
captain,'kæptin,n./v.,"船长, 指挥官, 海军上校, 首领；率领, 指挥",,,六级,1
captive,'kæptiv,n./adj.,"俘虏, 迷恋者；被俘的, 被迷住的",,,六级,2
capture,'kæptʃə,n./v.,"抓取, 战利品, 捕获之物；抓取, 获得, 迷住；截获命令",,,六级,1
carbon,'kɑ:bən,n.,"碳, 副本, 复写纸；碳",,,六级,1
cargo,'kɑ:gəu,n.,货物；货柜,,,六级,2
carpenter,'kɑ:pintə,n.,木匠,,,六级,2
carpet,'kɑ:pit,n./v.,"地毯, 地毯状物；铺以地毯, 铺盖",,,六级,1
carriage,'kæridʒ,n.,"马车, 客车, 举止, 运输；搬运费, 运费",,,六级,1
carrier,'kæriə,n.,"运送者, 邮递员, 带菌者；载波",,,六级,1
carrot,'kærət,n.,胡萝卜；胡萝卜,,,六级,2
cart,kɑ:t,n./v.,二轮运货马车；驾运货马车；用车装载,,,六级,2
cartoon,kɑ:'tu:n,n./v.,"卡通画, 漫画；画漫画",,,六级,2
cartridge,'kɑ:tridʒ,n.,"弹药筒, 弹药, 一卷软片, 墨粉鼓；盒式磁带机",,,六级,2
carve,kɑ:v,v.,"雕刻, 切开",,,六级,1
cassette,kæ'set,n.,"盒式磁带, 珠宝箱, 暗盒；字盒",,,六级,2
cast,kɑ:st. kæst,n./v.,"演员阵容, 投掷, 铸件, 预测, 特性；投, 掷, 抛, 脱落, 铸, 使弯曲, 计算；投, 计算, 浇铸成型",,,六级,1
castle,'kæsl. 'kɑ:sl,n./v.,"城堡, 象棋中的车；置于城堡中, 盘踞于",,,六级,1
casual,'kæʒjuəl,adj./n.,"偶然的, 不经意的, 便装的；临时工, 待命士兵",,,六级,1
casualty,'kæʒjuəlti,n.,"意外事故, 伤亡, 受害者；事故",,,六级,1
catalog,'kætəlɒg,n./v.,"目录, 大学概况手册；编目录；目录; 编目",,,六级,2
catalogue,'kætəlɒg,n./v.,"目录, 大学情况一览；编入目录",,,六级,1
catalyst,'kætəlist,n.,"触媒, 接触剂, 催化剂, 刺激因素, 促进因素；催化剂",,,六级,2
catastrophe,kə'tæstrəfi,n.,"大灾难, 大祸；突变",,,六级,2
category,'kætigəri,n.,"种类, 类项；分类",,,六级,1
cater,'keitə,v.,"提供饮食及服务, 投合, 迎合",,,六级,1
cathedral,kə'θi:drəl,n.,大教堂,,,六级,1
catholic,'kæθəlik,n./adj.,"天主教徒；天主教的, 普遍的, 广泛的, 宽宏大量的",,,六级,1
cattle,kætl,n.,"牛, 家畜；家畜",,,六级,1
causal,'kɒ:zəl,adj./n.,"原因的, 因果关系的, 表示原因或理由的；表示原因的连词",,,六级,2
cause,kɒ:z,n./v.,"原因, 目标；引起, 使产生, 使遭受",,,六级,1
caution,'kɒ:ʃən,n./v.,"小心, 慎重, 警示；警告；警告",,,六级,1
cautious,'kɒ:ʃəs,adj.,"谨慎的, 小心的",,,六级,2
cave,keiv,n./v.,"洞, 穴；凹陷, 塌落；挖洞, 使凹陷, 损坏...的基础",,,六级,1
cavity,'kæviti,n.,"洞, 空穴, 腔；空穴",,,六级,2
cease,si:s,n./v.,"停止；停止, 终了",,,六级,1
ceiling,'si:liŋ,n.,"天花板；顶点, 顶线, 上限",,,六级,1
celebrate,'selibreit,v.,"庆祝, 祝贺, 举行",,,六级,1
cell,sel,n.,"单元, 细胞, 电池；单元",,,六级,1
cellar,'selə,n.,"地窖, 地下室, 藏酒",,,六级,2
cement,si'ment,n./v.,"水泥, 胶结剂；胶合, 用水泥涂；黏牢",,,六级,2
censor,'sensə,n./v.,"检查员；检查, 审查, 删改",,,六级,2
cent,sent,n.,分；美分,,,六级,2
centigrade,'sentigreid,adj.,"百分度的, 摄氏的；百分度",,,六级,2
centimetre,"'senti,mi:tə(r)",n.,"厘米, 公分",,,六级,2
central,'sentrəl,adj.,"中央的, 重要的；中央的, 中心的, 中枢的",,,六级,1
centralize,'sentrəlaiz,v.,"集聚, 集中, 施行中央集权；集中",,,六级,2
centre,'sentə,n./adj./v.,"中心, 中心点, 中锋；中央的, 位在正中的；集中, 定中心；居中",,,六级,1
century,'sentʃuri,n.,"世纪, 百年",,,六级,1
ceramic,si'ræmik,adj./n.,陶瓷的；陶瓷制品,,,六级,2
cereal,'siəriəl,n./adj.,"谷类食品, 谷类植物；谷类的",,,六级,2
ceremony,'seriməni,n.,"典礼, 仪式, 礼节；典礼, 仪式",,,六级,1
certainty,'sə:tənti,n.,"确定, 确实的事情；确定, 肯定, 必然的事",,,六级,1
certificate,sə'tifikeit,n./v.,"证书, 证明书；发给证明书, 用证书批准, 用证书证明",,,六级,1
chain,tʃein,n./v.,"链, 枷锁, 束缚；用铁练锁住, 束缚, 囚禁",,,六级,1
chairman,'tʃєəmən,n.,"主席, 会长；主席",,,六级,1
chalk,tʃɒ:k,n./v.,"粉笔, 白垩；用粉笔写, 记录",,,六级,2
challenge,'tʃælindʒ,n./v.,"挑战, 盘问；向...挑战, 要求, 怀疑；挑战, 对(证据等)表示异议",,,六级,1
chamber,'tʃeimbə,n./v./adj.,"室, 房间, 枪膛；装(弹药), 把...关在室内；室内的",,,六级,1
champion,'tʃæmpiən,n./v./adj.,"冠军, 拥护者, 战士；保卫, 拥护；优胜的",,,六级,1
channel,'tʃænəl,n./v.,"海峡, 航道, 频道；引导, 在...上挖沟, 形成河道；信道, 通道",,,六级,1
chaos,'keiɒs,n.,"大混乱, 混沌；混沌; 浑沌",,,六级,1
chapter,'tʃæptə,n.,"章, 篇, 重要章节；章; 段",,,六级,1
character,'kærəktə,n.,"个性, 字符, 人物, 性质, 品格, 资格；字符",,,六级,1
characteristic,.kærəktə'ristik,n./adj.,"特性, 特征, 特色；特性的, 特有的, 有特色的；阶; 指数",,,六级,1
characterize,'kærəktəraiz,v.,"描绘...的特性, 刻划...的性格",,,六级,1
charcoal,'tʃɑ:kəul,n.,木炭；木炭,,,六级,2
charge,tʃɑ:dʒ,n./v.,"指控, 费用, 冲锋, 电荷, 炸药, 主管, 被托管人, 命令；控诉, 加罪于, 使充满, 使充电, 使承担；冲锋, 要价, 收费",,,六级,1
charity,'tʃæriti,n.,"慈悲, 博爱, 慈善团体, 施舍；宽大, 宽恕, 慈善机关",,,六级,1
charm,tʃɑ:m,n./v.,"吸引力, 魔力, 符咒；迷住, 使陶醉, 行魔法；用符咒, 有魅力",,,六级,1
charming,'tʃɑ:miŋ,adj.,"迷人的, 有吸引力的",,,六级,1
chart,tʃɑ:t,n./v.,"图表, 海图；制成图表；图表",,,六级,1
charter,'tʃɑ:tə,n./v.,"特许状, 执照, 宪章；特许, 发给特许执照",,,六级,1
chase,tʃeis,n./v.,"追求, 狩猎, 追逐；追捕, 追逐, 雕刻, 在...上镶嵌宝石；追赶, 奔跑",,,六级,1
chasm,'kæzəm,n.,"陷窟, 裂口",,,六级,2
chatter,'tʃætə,n./v.,"饶舌, 啁啾, 喋喋不休；喋喋不休地谈, (鸟)啭鸣",,,六级,2
cheat,tʃi:t,n./v.,"欺骗, 作弊, 骗子；欺骗, 逃脱, 骗取",,,六级,2
cheek,tʃi:k,n.,"颊, 厚颜, 脸蛋；颊",,,六级,1
cheer,tʃiə,n./v.,"愉快, 振奋, 欢呼；欢呼, 喝彩, 快活起来；使振奋, 欢呼",,,六级,2
cheerful,'tʃiəful,adj.,"快活的, 高兴的, 兴高采烈的",,,六级,2
chemical,'kemikl,n./adj.,"化学药品；化学的, 化学上用的",,,六级,1
chemist,'kemist,n.,"化学家, 药剂师；化学家; 化学师; 化学工作者; 药剂师; 药房",,,六级,2
chemistry,'kemistri,n.,"化学, 化学过程；化学",,,六级,1
cheque,tʃek,n.,支票,,,六级,1
cherish,'tʃeriʃ,v.,"珍爱, 怀有, 爱护",,,六级,2
chess,tʃes,n.,国际象棋；雀麦,,,六级,2
chest,tʃest,n.,"胸, 胸部, 衣柜, 箱子；胸, 胸廓",,,六级,1
chestnut,'tʃesnʌt,n./adj.,"栗子, 栗树, 栗色；栗色的",,,六级,2
chew,tʃu:,v./n.,"咀嚼, 嚼碎；咀嚼, 细想；咀嚼, 咀嚼物",,,六级,2
chicken,'tʃikin,n.,"小鸡, 鸡肉",,,六级,1
chill,tʃil,n./adj./v.,"寒冷, 寒意, 失意；寒冷的, 冷漠的；使寒心, 冷冻；变冷",,,六级,2
chimney,'tʃimni,n.,"烟囱, 灯罩；烟囱",,,六级,2
chin,tʃin,n.,"下巴, 颏；颏",,,六级,1
chip,tʃip,n./v.,"屑片, 薄片, 碎片；削, 切, 削成碎片, 使摔倒, 凿；削下屑片；孔屑; 组件; 晶片; 芯片",,,六级,1
choice,tʃɒis,n./adj.,"选择, 精选品, 选择权；精选的, 挑三拣四的, 上等的；DOS内部命令:在批处理文件中；该命令用于提示用户作出选择, 决定批处理文件的流程",,,六级,1
choke,tʃəuk,v./n.,"窒息, 阻塞, 噎, 抑制；窒息, 阻塞, 噎；窒息, 噎, 阻气门",,,六级,2
chop,tʃɒp,n./v.,"肋条肉, 排骨, 砍, 戳记, 商标；剁碎, 砍, 切击, 割断；砍, 突然转向",,,六级,2
chord,kɒ:d,n.,"弦, 和音；索, 带",,,六级,2
chorus,'kɒ:rəs,n./v.,"合唱队, 齐声；齐声说道, 合唱",,,六级,2
christ,kraist,n.,"基督, 救世主",,,六级,1
christian,'kristʃən,n./adj.,"基督徒, 正派人；基督的, 基督教的",,,六级,1
chronic,'krɒnik,adj./n.,"慢性的, 习惯性的；慢性病患者",,,六级,1
chronicle,'krɒnikl,n./v.,"年代记, 记录, 编年史；把...载入编年史",,,六级,2
cigar,si'gɑ:,n.,雪茄,,,六级,2
cigaret,",si^ə'ret,'si-",n.,"纸烟, 卷烟, 香烟",,,六级,3
circle,'sə:kl,n./v.,"圆周, 社交圈, 循环, 范围；围着, 环绕；盘旋, 循环",,,六级,1
circuit,'sə:kit,n.,"电路, 环(行)道, 巡回；线路; 电路",,,六级,1
circular,'sə:kjulə,adj.,"圆形的, 循环的, 间接的；环状的, 循环的",,,六级,1
circulate,'sə:kjuleit,v.,"(使)流通, (使)循环, (使)传播",,,六级,1
circulation,.sə:kju'leiʃən,n.,"流通, 循环, 发行量；环流",,,六级,1
circumference,sə'kʌmfərəns,n.,"圆周, 周缘, 胸围；周缘, 环状面",,,六级,2
circumstance,'sə:kəmstəns,n.,"环境, 状况, 事件",,,六级,1
circus,'sə:kəs,n.,"马戏团, 马戏, 竞技场",,,六级,2
cite,sait,v.,"引用, 引证, 表彰；引证, 指引",,,六级,1
citizen,'sitizn,n.,"市民, 公民；公民, 国民, 市民",,,六级,1
civil,'sivəl,adj.,"市民的, 公民的, 有礼貌的；公民的, 国民的, 民用的",,,六级,1
civilian,si'viljən,n./adj.,"平民, 民法专家；平民的, 百姓的, 民用的",,,六级,2
civilization,si.vilai'zeiʃən,n.,"文明, 教化；文明, 文化, 文明国家的总称",,,六级,2
civilize,'sivilaiz,v.,"使开化, 使文明；变文明",,,六级,2
claim,kleim,n./v.,"要求, 要求权, 断言, 权利；要求, 认领, 主张；提出要求, 主张, 断言",,,六级,1
clamp,klæmp,n./v.,"夹钳；夹紧, 强加",,,六级,2
clap,klæp,n./v.,"拍手, 拍手声, 霹雳声, 花柳病；鼓掌, (使)啪地关上",,,六级,2
clarify,'klærifai,v.,"澄清, 阐明；使明晰",,,六级,1
clash,klæʃ,n./v.,"冲突, 撞击声, 抵触；冲突, 抵触；使发出撞击声；对撞",,,六级,1
clasp,klɑ:sp,n./v.,"扣子, 钩, 紧握；扣紧, 紧握",,,六级,2
classic,'klæsik,n./adj.,"古典作品, 杰作, 大艺术家；第一流的, 最优秀的, 古典的",,,六级,1
classical,'klæsikl,adj.,"古典的, 正统派的, 经典的；古典的; 标准的, 典型的",,,六级,1
classification,.klæsifi'keiʃən,n.,"分类, 分级；分级; 分粒; 分类",,,六级,1
classify,'klæsifai,v.,"分类, 归类, 分等；分类, 分级, 分粒",,,六级,1
clatter,'klætə,n./v.,"咔嗒声, 哗啦声, 嘈杂的谈笑声；发出哗啦声, 喧闹的谈笑；使咔嗒咔嗒地响",,,六级,2
claw,klɒ:,n./v.,"爪, 螯, 抓伤；用爪抓, 挖, 搜刮",,,六级,2
clay,klei,n.,"泥土, 肉体, 黏土；粘土",,,六级,1
cleanliness,'klenlinis,n.,"清洁, 干净",,,六级,2
clearing,'kliəriŋ,n.,"清扫, 空地, 票据清算；票据交换, 结算, 结帐",,,六级,2
client,'klaiənt,n.,"客户, 顾客, 委托人；客户, 客户机, 客户机程序",,,六级,1
cliff,klif,n.,"悬崖, 绝壁",,,六级,1
climax,'klaimæks,n./v.,"高潮, 极点, 层进法；(使)达到顶点, (使)达到高潮",,,六级,2
climb,klaim,v./n.,"攀登, 上升, 爬；攀登, 爬升",,,六级,1
cling,kliŋ,v.,"粘紧, 附着, 紧贴, 坚持",,,六级,1
clinic,'klinik,n.,"诊所, 临床教学；诊所(门诊部); 临床(讲解); 临床(学)科",,,六级,1
clinical,'klinikəl,adj.,"临床的, 门诊部的；临床的, 临证的",,,六级,1
clip,klip,n./v.,"修剪, 夹子, 回形针, 剪下来的东西；修剪, 痛打, 夹牢, 剪报；剪报",,,六级,2
cloak,kləuk,n./v.,"斗蓬, 大氅, 掩护；遮掩, 隐匿, 使披斗蓬",,,六级,2
clockwise,'klɒkwaiz,adj./adv.,顺时针方向的；顺时针方向地,,,六级,2
closet,'klɒzit,n./adj./v.,"壁橱, 小室；秘密的, 空谈的；把...关入小室",,,六级,2
clown,klaun,n.,"小丑, 乡下人",,,六级,2
clue,klu:,n./v.,"线索, 暗示；暗示, 提供线索",,,六级,1
clumsy,'klʌmzi,adj.,"笨拙的, 不雅观的, 粗陋的",,,六级,2
cluster,'klʌstə,n./v.,"串, 丛, 群, 簇；成串, 丛生；使聚集；簇",,,六级,1
clutch,klʌtʃ,n./v.,"抓紧, 掌握, 离合器, 一窝小鸡；抓住, 踩汽车离合器踏板；抓；联轴器; 离合器",,,六级,1
coach,kəutʃ,n./v.,"四轮大马车, 教练；训练, 指导；坐马车旅行, 作指导",,,六级,1
coal,kəul,n./v.,"煤, 木炭；加煤",,,六级,1
coalition,.kəuə'liʃən,n.,"结合体, 结合, 联合；联合, 联盟",,,六级,1
coarse,kɒ:s,adj.,"粗糙的, 下等的, 粗俗的；粗略的",,,六级,2
coast,kəust,n./v.,"海岸, 滑坡；沿海岸而行",,,六级,1
coastal,'kəustəl,adj.,"海岸的, 沿海的, 沿岸的；海岸的, 沿海的",,,六级,1
cock,kɒk,n./v.,"公鸡, 雄禽, 龙头, 头目, 锥形小干草堆；使耸立, 使竖起, 堆成锥形小干草堆；大摇大摆地走, 翘起",,,六级,2
coefficient,kəui'fiʃənt,n.,系数；系数,,,六级,2
coffin,'kɒfin,n./v.,"棺材, 灵柩；把...装进棺材",,,六级,1
cognitive,'kɒgnitiv,adj.,"认知的, 认识的",,,六级,2
coherent,kəu'hiərənt,adj.,"互相耦合的, 清晰的, 明了的，凝聚性的, 连贯的",,,六级,2
coil,kɒil,n./v.,"线圈, 盘绕, 骚动, 卷；盘绕, 卷",,,六级,2
coin,kɒin,n./v.,"硬币, 金钱, 货币；铸币, 创造, 杜撰",,,六级,1
coincide,.kəuin'said,v.,"一致, 符合；重合",,,六级,1
coincidence,kəu'insidəns,n.,"巧合, 同时发生；符合计数器",,,六级,2
collaborate,kə'læbəreit,v.,"合作, 勾结；合作, 合著, 通敌",,,六级,2
collaboration,kə.læbə'ræʃən,n.,"合作, 勾结；通敌卖国者, 奸细",,,六级,1
collapse,kə'læps,n./v.,"崩溃, 倒塌, 虚脱；倒塌, 崩溃, 瓦解；使倒塌, 折叠；折叠",,,六级,1
collar,'kɒlə,n./v.,"衣领, 颈圈；控制, 扭住衣领, 给...装上领子",,,六级,1
colleague,'kɒli:g,n.,"同事, 同僚",,,六级,1
collect,kə'lekt,v./adj./adv.,"收集, 聚集, 集中, 搜集；由收到者付款的；由收到者付款地",,,六级,1
collection,kə'lekʃən,n.,"收集, 采集, (一批)收藏品, 募捐；收集; 收集品, 标本",,,六级,1
collective,kə'leiktiv,adj.,"集体的, 聚集的, 共同的；集体的, 集合的",,,六级,1
collide,kə'laid,v.,"碰撞, 互撞, 抵触",,,六级,2
collision,kə'liʒən,n.,"碰撞, 冲突, 抵触；冲突",,,六级,2
colonel,'kə:nəl,n.,"陆军上校, 长官",,,六级,1
colonial,kə'ləunjəl,adj.,"殖民的, 殖民地的；殖民地居民",,,六级,1
colonist,'kɒlənist,n.,"殖民地居民, 移民",,,六级,2
colony,'kɒləni,n.,"殖民地, 移民队；菌(集)落, 菌丛; 移民区",,,六级,1
column,'kɒləm,n.,"专栏, 圆柱, 纵队, 列, 柱形物；列, 柱形图",,,六级,1
comb,kəum,n./v.,"头梳, 鸡冠；梳头发, 梳毛；(浪)涌起",,,六级,2
combat,'kɒmbæt,n./v.,"争斗, 战斗；战斗, 争斗；与...战斗, 与...斗争",,,六级,2
combination,.kɒmbi'neiʃən,n.,"组合, 合并, 联合；组合图",,,六级,1
combine,kəm'bain,v./n.,"(使)联合, (使)结合；(企业的)联合, 联合收割机",,,六级,1
combustion,kəm'bʌstʃən,n.,"燃烧, 骚动；燃烧",,,六级,2
comedy,'kɒmidi,n.,"喜剧, 有趣的事情",,,六级,1
comfort,'kʌmfət,n./v.,"舒适, 安慰, 安慰者；安慰",,,六级,1
comfortable,'kʌmfətəbl,adj./n.,"舒服的, 轻松的；盖被",,,六级,1
command,kə'mɑ:nd,n./v.,"命令, 指挥, 控制, 部队, 司令部；命令, 指挥, 控制；命令; 指令; DOS外部命令:启动新的命令处理器",,,六级,1
commander,kə'mɑ:ndə,n.,"司令官, 指挥官",,,六级,1
commence,kə'mens,v.,"(使)开始, 得学位",,,六级,1
commend,kə'mend,v.,"嘉奖, 委托给, 推荐",,,六级,2
comment,'kɒment,n./v.,"注解, 批评, 评论, 备注；评论, 注解；备注",,,六级,1
commentary,'kɒməntəri,n.,"注释, 评论, 说明；注释, 评注, 评论",,,六级,2
commerce,'kɒmə:s,n.,"商业, 商务, 贸易；商业, 贸易, 商务",,,六级,1
commercial,kə'mə:ʃəl,adj./n.,"商业的, 商用的, 商品化的；商业广告节目",,,六级,1
commission,kə'miʃən,n./v.,"委任状, 任官令, 所委职责, 佣金, 犯, 委托, 所托之事；委任, 委托制作, 使服役",,,六级,1
commit,kə'mit,v.,"委托(托付), 犯罪, 指派...作战, 使承担义务；犯, 做, 把...交托给",,,六级,1
commitment,kə'mitmənt,n.,"委托, 交押, 承担义务, 赞助；院禁",,,六级,1
committee,kə'miti,n.,委员会；委员会,,,六级,1
commodity,kə'mɒditi,n.,"农产品, 商品, 有用的物品；商品, 货物, 日用品",,,六级,1
common,'kɒmən,adj.,"通常的, 共同的, 通俗的, 公共的；公用块",,,六级,1
commonly,'kɒmənli,adv.,"一般, 普通, 通常",,,六级,1
commonplace,'kɒmənpleis,n./adj.,"寻常事, 老生常谈, 普通的东西；平凡的, 普通的",,,六级,2
commonsense,",kɔmən'sens",adj.,"有常识的, 一望而知的, 明明白白的",,,六级,2
commonwealth,'kɔmənwelθ,n.,共和国；联邦；国民整体,,,六级,1
communicate,kə'mju:nikeit,v.,"显露, 传达, 感染；通讯",,,六级,1
communication,kə.mju:ni'keiʃən,n.,"交流, 交通, 通讯；通信",,,六级,1
communism,'kɒmjunizm,n.,共产主义,,,六级,2
communist,'kɒmjunist,n.,"共产主义者, 共产党员；共产主义的, 共产党的",,,六级,1
community,kə'mju:niti,n.,"社区, 公众, 共有, 共同体；公众, 共有, 社会",,,六级,1
commute,kə'mju:t,v.,"交换, 折偿, 减轻；代偿, 经常乘车来往",,,六级,2
compact,kəm'pækt,adj./v.,"紧凑的, 紧密的, 简洁的；使紧密结合, 压缩；变坚实",,,六级,1
companion,kəm'pænjən,n./v.,"朋友, 陪伴, 指南, 升降口围罩；陪伴",,,六级,1
comparable,'kɒmpərəbl,adj.,"可比较的, 比得上的",,,六级,1
comparative,kəm'pærətiv,adj./n.,"比较的, 相对的；对手",,,六级,1
compare,kəm'pєə,v./n.,"比较, 比喻, 对照；相比；比较；比较",,,六级,1
compass,'kʌmpəs,n./v.,"指南针, 范围, 音域；包围, 达到, 图谋, 理解",,,六级,2
compatibility,kəm.pætə'biliti,n.,兼容性；兼容性,,,六级,2
compatible,kəm'pætəbl,adj.,"能共处的, 可并立的, 适合的；相容的; 兼容的",,,六级,2
compatriot,kəm'pætriət,n./adj.,"同国人；同国的, 同胞的",,,六级,2
compel,kəm'pel,v.,"强迫, 迫使",,,六级,1
compensate,'kɒmpenseit,v.,"偿还, 补偿, 付报酬",,,六级,1
compensation,.kɒmpen'seiʃən,n.,"补偿, 赔偿金, 工资；代偿(机能), 补偿",,,六级,1
compete,kəm'pi:t,v.,"竞争, 对抗",,,六级,1
competence,'kɒmpitəns,n.,"胜任, 职称, 能力；能力, 活性",,,六级,1
competent,'kɒmpitənt,adj.,"能干的, 胜任的, 有效的, 足够的；有权的, 授权的, 胜任的",,,六级,1
competition,.kɒmpi'tiʃən,n.,"竞争, 竞赛；竞争, 竞销, 比赛",,,六级,1
competitive,kəm'petitiv,adj.,竞争的；竞争的,,,六级,1
competitor,kəm'petitə,n.,"竞争者；竞争者, 竞争对手",,,六级,1
compile,kəm'pail,v.,"编译, 编辑, 编纂, 收集；编译",,,六级,1
complain,kəm'plein,v.,"抱怨, 抗议, 控诉",,,六级,1
complaint,kəm'pleint,n.,"诉苦, 抱怨, 控诉；陈诉; 病",,,六级,1
complement,'kɒmplimənt,n./v.,"补足物, 补语, 补数；补充, 补足；补码; 反相器; 补数",,,六级,2
complete,kəm'pli:t,adj./v.,"完全的, 十足的, 完成的；完成, 完工, 使圆满",,,六级,1
completely,kəm'pli:tli,adv.,"完全地, 十分地, 圆满地",,,六级,1
completion,kəm'pli:ʃən,n.,"完成；完井, 结束, 完工",,,六级,1
complex,kəm'pleks,n./adj.,"综合体, 情结, 络合物；复杂的, 组合的",,,六级,1
complexity,kəm'pleksiti,n.,"复杂, 复杂性, 复杂的事物",,,六级,1
complicate,'kɒmplikeit,v.,"弄复杂, 使错综, 使恶化；变复杂",,,六级,2
complicated,'kɒmplikeitid,adj.,复杂的；并发的,,,六级,1
complication,.kɒmpli'keiʃən,n.,"复杂化, 复杂情况；并发症, 并发病",,,六级,1
compliment,'kɒmplimənt,n./v.,"称赞, 恭维, 敬意；称赞, 褒扬, 恭维",,,六级,2
comply,kəm'plai,v.,"顺从, 依从；遵守, 承诺, 照做",,,六级,1
component,kəm'pəunənt,n./adj.,"元件, 组件, 成分；组成的, 构成的；组件",,,六级,1
compose,kəm'pəuz,v.,"组成, 写作, 作曲, 使平静；创作, 排字；编写",,,六级,1
composer,kəm'pəuzə,n.,"作曲家, 作家, 调停者",,,六级,1
composite,kəm'pɒzit,adj./n.,"合成的, 混合成的, 菊科的；合成物, 复合材料, 菊科",,,六级,2
composition,kɒmpə'ziʃən,n.,"作文, 创作, 组成；成分; 组成",,,六级,1
compound,kəm'paund,n./adj./v.,"混合物, 复合词, 化合物, 院子；复合的, 混合的, 化合的；化合, 和解, 妥协；使复合, 使化合",,,六级,1
comprehend,.kɒmpri'hend,v.,"理解, 包括",,,六级,2
comprehension,.kɒmpri'henʃən,n.,"理解, 包含",,,六级,2
comprehensive,.kɒmpri'hensiv,adj.,"广泛的, 有理解力的, 综合的；广泛的, 综合的, 全面的",,,六级,1
compress,kəm'pres,v.,"压缩, 压紧；受压缩小；压缩程序",,,六级,2
compression,kəm'preʃən,n.,"压缩, 压紧；压缩",,,六级,2
comprise,kəm'praiz,v.,"包含, 构成",,,六级,1
compromise,'kɒmprəmaiz,n./v.,"妥协, 折中, 折中方案, 和解；妥协处理；危害",,,六级,1
compulsory,kəm'pʌlsəri,adj.,"被强制的, 强迫的, 义务的；强迫的, 强制的",,,六级,1
compute,kəm'pju:t,v./n.,"计算, 估算；计算, 估算",,,六级,2
comrade,'kɒmreid,n.,"同志, 伙伴",,,六级,2
conceal,kən'si:l,v.,"隐藏, 掩盖, 隐瞒；隐瞒, 隐匿, 保守秘密",,,六级,1
concede,kən'si:d,v.,"承认, 退让；让步",,,六级,1
conceit,kən'si:t,n.,"自负, 空想, 狂妄",,,六级,2
conceive,kən'si:v,v.,"构思, 认为；怀孕",,,六级,1
concentrate,'kɒnsəntreit,n./v.,"浓缩, 精选；集中, 专心",,,六级,1
concentrated,'kɒnsəntreitid,adj.,"集中的, 浓缩的；浓的",,,六级,2
concentration,.kɒnsən'treiʃən,n.,"集中, 专心；浓度; 浓缩",,,六级,1
concept,'kɒnsept,n.,"观念, 概念；概念",,,六级,1
conception,kɒn'sepʃən,n.,"观念, 概念；妊娠, 受孕; 概念",,,六级,1
concern,kən'sə:n,n./v.,"关心, 忧虑；与...有关, 使担心, 使挂念",,,六级,1
concerning,kən'sə:niŋ,prep.,关于；关于,,,六级,1
concert,'kɒnsət,n./v.,"音乐会, 和声, 一致；协力, 协调；协力；美国北卡罗来纳州Internet网",,,六级,1
concession,kən'seʃən,n.,"特许, 让步, 认可；核准, 许可, 特殊(权)",,,六级,1
concise,kən'sais,adj.,"简洁的, 简明的",,,六级,2
conclude,kən'klu:d,v.,"结束, 作结论, 推断；结束, 推断",,,六级,1
conclusion,kən'klu:ʒən,n.,"结论, 结尾, 推论；缔结, 结论, 推论",,,六级,1
concrete,'kɒnkri:t,n./adj./v.,"凝结物, 混凝土；具体的, 实在的, 混凝土的；(使)凝结, 用混凝土浇筑",,,六级,1
condemn,kən'dem,v.,"判刑, 责备, 谴责；定罪, 判刑, 宣告有罪",,,六级,1
condense,kən'dens,v.,"使浓缩, 使压缩, 缩短；浓缩, 凝结",,,六级,2
condition,kən'diʃən,n./v.,"情况, 条件；使健康, 以...为条件, 决定, 使适应；条件",,,六级,1
conduct,"'kɔndʌkt, -dəkt",n./v.,"行为, 举动, 指导；为人, 指挥, 管理, 实施；领导, 传导, 指挥",,,六级,1
conductor,kən'dʌktə,n.,"领导者, 指挥者, 售票员, 向导；导体",,,六级,2
confer,kən'fə:,v.,"授予, 带来；协商",,,六级,1
conference,'kɒnfərəns,n.,"会议；会议, 讨论会, 协商会",,,六级,1
confess,kən'fes,v.,"承认, 坦白, 忏悔, 供认",,,六级,1
confidence,'kɒnfidəns,n.,信心；可靠,,,六级,1
confident,'kɒnfidənt,adj.,"有信心的, 有把握的",,,六级,1
confidential,.kɒnfi'denʃəl,adj.,"机密的, 获他人信赖的, 易于信任他人的；秘密件",,,六级,2
configuration,kən.figju'reiʃən,n.,"结构, 表面配置, 外形, 配置；配置",,,六级,1
confine,kən'fain,v./n.,"限制, 使不外出, 禁闭；邻接, 交界；边缘, 范围, 区域",,,六级,1
confirm,kən'fə:m,v.,"证实, 确定, 批准, 使巩固；确认",,,六级,1
confirmation,.kɒnfə'meiʃən,n.,"证实, 证明, 批准, 确认；确认",,,六级,1
conflict,'kɒnflikt,n./v.,"战斗, 冲突, 矛盾, 争执；争执, 战斗, 冲突, 抵触；冲突",,,六级,1
conform,kən'fɒ:m,v.,"使一致, 使遵守, 使符合；一致, 符合, 适应",,,六级,1
conformity,kən'fɒ:miti,n.,"遵照, 适合, 一致, 相似；符合度",,,六级,2
confront,kən'frʌnt,v.,"使面对, 对抗, 遭遇, 使对质, 比较；对证, 使对质, 比较",,,六级,1
confrontation,.kɔnfrʌn'teiʃən,n.,对抗；对质；面对,,,六级,2
confuse,kən'fju:z,v.,"使混乱, 使狼狈, 使困惑；混淆",,,六级,1
confusion,kən'fju:ʒən,n.,"混乱, 混淆, 无秩序；含混",,,六级,1
congest,kən'dʒest,v.,"使充满, 使拥塞, 使充血；充塞, 充血, 拥挤",,,六级,3
congratulate,kən'grætʃəleit,v.,"祝贺, 庆贺",,,六级,2
congratulation,kən.grætʃə'leiʃən,n.,"祝贺, 恭喜",,,六级,2
congress,'kɒŋgres,n.,"国会, 会议, 讨论会；会议, 会合",,,六级,1
conjunction,kən'dʒʌŋkʃən,n.,"连接词, 联合, 结合；合取",,,六级,2
connect,kə'nekt,v.,"连接, 联合, 联系",,,六级,1
connection,kə'nekʃən,n.,"连接, 关系, 前后关系；连接",,,六级,1
conquer,'kɒŋkə,v.,"克服, 征服, 战胜；得胜",,,六级,2
conqueror,'kɒŋkərə,n.,"征服者, 胜利者",,,六级,2
conquest,'kɒŋkwest,n.,"战胜, 征服, 战利品；征服, 赢得, 获得",,,六级,2
conscience,'kɒnʃəns,n.,"良心；良心, 道德感, 正义感",,,六级,1
conscious,'kɒnʃəs,adj.,"有意识的, 知觉的, 觉察的；有意识的, 清醒的",,,六级,1
consciousness,'kɒnʃəsnis,n.,"意识, 知觉, 自觉；(有)意识, 清醒",,,六级,1
consecutive,kən'sekjutiv,adj.,"连续的, 联贯的；连续的; 连接的",,,六级,2
consensus,kən'sensəs,n.,"合意, 一致, 同感；合意",,,六级,1
consent,kən'sent,n./v.,"同意, 许可；同意, 赞同",,,六级,1
consequence,'kɒnsikwəns,n.,"结果, 重要性；结果, 后果, 推断",,,六级,1
consequent,'kɒnsikwənt,n./adj.,"随后发生的事情, 结果；作为结果的, 合乎逻辑的",,,六级,2
consequently,'kɒnsikwəntli,adv.,所以,,,六级,1
conservation,.kɒnsə'veiʃən,n.,"保护, 保存；保存",,,六级,1
conservative,kən'sə:vətiv,adj.,"保守的, 守旧的, 有保存力的；防腐剂; 保存剂",,,六级,1
conserve,kən'sə:v,n./v.,"蜜饯, 果酱；保存, 使(能量等)守恒",,,六级,2
consider,kən'sidŋ,v.,"考虑, 思考, 认为",,,六级,1
considerable,kən'sidərəbl,adj.,"相当的, 可观的, 重要的",,,六级,1
considerate,kən'sidərit,adj.,"体贴的, 体谅的, 考虑周到的",,,六级,2
consideration,kən.sidə'reiʃən,n.,"考虑, 原因；考虑, 思考, 报酬",,,六级,1
consist,kən'sist,v.,"组成, 存在于, 一致",,,六级,1
consistent,kən'sistənt,adj.,"一致的, 坚持的, 并立的, 坚固的",,,六级,1
consistently,,adv.,"坚固, 坚实, 一致, 始终如一, 连贯；相容地",,,六级,1
console,kən'səul,v./n.,"安慰, 藉慰；控制台；控制台",,,六级,2
consolidate,kən'sɒlideit,v.,"巩固, 使联合, 统一；巩固；合并计算",,,六级,2
conspicuous,kən'spikjuəs,adj.,"显著的, 显眼的, 出众的",,,六级,2
constant,'kɒnstənt,n./adj.,"常数, 恒量；不变的, 一定的, 时常的；常量; 常数; 恒值",,,六级,1
constituent,kən'stitjuənt,n./adj.,"成分, 选民, 构成物；构成的, 组织的, 选举的",,,六级,1
constitute,kən'stitjut,v.,"构成, 组成, 任命；构造, 组成",,,六级,1
constitution,.kɒnsti'tju:ʃən,n.,"构成, 宪法, 体格；体质; 结构, 组织",,,六级,1
constrain,kən'strein,v.,"强迫, 限制, 关押",,,六级,2
constraint,kən'streint,n.,"强制, 约束；约束",,,六级,1
construct,kən'strʌkt,v./n.,"构造, 建造, 对...进行构思, 作图；构成物",,,六级,1
construction,kən'strʌkʃən,n.,"建筑, 构造, 建筑物；施工",,,六级,1
consul,'kɒnsəl,n.,"领事, 执政官；领事",,,六级,2
consult,kən'sʌlt,v.,"商讨, 商量, 协商, 会诊；向...请教, 查阅, 考虑",,,六级,1
consultancy,,n.,"商量, 协商, 磋商, 会诊, 与...商量, 咨询, 请教, 找(医生)看病, 查阅, 考虑；咨询业务, 咨询服务",,,六级,2
consultant,kən'sʌltənt,n.,"顾问, 征询意见者；顾问医师",,,六级,1
consume,kən'sju:m,v.,"消耗, 消费, 消灭；耗尽, 毁灭",,,六级,1
consumer,kən'sju:mə,n.,"消费者；消费者, 用户",,,六级,1
consumption,kən'sʌmpʃən,n.,"消费, 消费量, 痨病；消耗量; 耗量",,,六级,1
contact,'kɒntækt,n./v.,"联系, 交际, 熟人, 接触；接触, 联系；使接触",,,六级,1
contain,kən'tein,v.,"包含, 容纳, 控制；自制",,,六级,1
container,kən'teinə,n.,"容器, 集装箱；集装箱; 贮存箱; 容器(任何一种)",,,六级,1
contaminate,kən'tæmineit,v.,"弄污, 弄脏, 污染, 毒害；污染",,,六级,2
contamination,kən.tæmi'neiʃən,n.,"污染, 污物；污染; 沾污",,,六级,2
contemplate,'kɒntempleit,v.,"注视, 沉思, 盘算；冥思苦想",,,六级,1
contemporary,kən'tempərəri,n./adj.,"同时代的人；同时代的, 属于同一时期的",,,六级,1
contempt,kən'tempt,n.,"轻视, 轻蔑；藐视, 侮辱, 轻视",,,六级,1
contemptuous,kən'temptʃuəs,adj.,"轻蔑的, 鄙视的, 瞧不起人的",,,六级,2
contend,kən'tend,v.,"奋斗, 斗争, 竞争；为...斗争",,,六级,2
content,kən'tent,n./adj./v.,"内容, 满足, 意义, 要旨；满足的, 满意的；使...满足, 使...安心；内容",,,六级,1
contest,'kɒntest,n./v.,"竞赛, 争论；竞争, 争取, 争辩；竞争",,,六级,1
context,'kɒntekst,n.,"上下文, 背景, 来龙去脉；上下文；上下文",,,六级,1
continent,'kɒntinənt,n./adj.,"大陆, 洲；自制的",,,六级,1
continental,.kɒnti'nentl,adj./n.,"大陆的, 洲的；欧洲大陆人",,,六级,1
continual,kən'tinjuəl,adj.,"持续不断的, 继续的；连续的",,,六级,2
continue,kən'tinju:,v.,"继续, 延续, 延长；使继续, 使延长",,,六级,1
continuous,kən'tinjuəs,adj.,"连续的, 继续的, 连续不断的；连续的",,,六级,1
contract,'kɒntrækt,n./v.,"合约, 婚约, 契约；使皱缩, 使缩短, 感染, 订约, 缔结；皱缩, 订约, 收缩",,,六级,1
contradict,.kɒntrə'dikt,v.,"反驳, 与...抵触, 与...矛盾；反驳",,,六级,2
contradiction,.kɒntrə'dikʃən,n.,"反驳, 矛盾；矛盾, 否认, 反驳",,,六级,1
contradictory,.kɒntrə'diktəri,adj./n.,"反驳的, 反对的, 抗辩的；矛盾因素, 对立物",,,六级,2
contrary,'kɒntrəri,adj./n./adv.,"相反的, 矛盾的, 对立的；相反, 对立面；相反地",,,六级,1
contrast,kən'træst,n./v.,"差别, 对比, 对照物；使对比；成对照；反差; 对比度",,,六级,1
contribute,kən'tribju:t,v.,"有助于, 捐助, 投稿；出力, 捐献, 投稿",,,六级,1
contrive,kən'traiv,v.,"发明, 设计, 图谋",,,六级,2
contrived,kən'traivd,adj.,"人造的, 勉强的, 不自然的",,,六级,2
controversial,.kɒntrə'və:ʃəl,adj.,"争论的, 论争的, 被议论的",,,六级,1
controversy,'kɒntrəvə:si,n.,"论争, 辩论, 论战, 争论；论战, 争论, 争吵",,,六级,1
convene,kən'vi:n,v.,"集合, 召集, 召唤；聚集, 集合",,,六级,2
convenience,kə'vi:njəns,n.,"方便, 便利的事物, 方便的时候",,,六级,2
convenient,kən'vi:njənt,adj.,"方便的, 合宜的；适当的, 合理而可行的, 方便的",,,六级,1
convention,kən'venʃən,n.,"大会, 协定, 惯例, 约定；约定",,,六级,1
conventional,kən'venʃənl,adj.,"传统的, 习惯的, 约定的；惯例的, 常规的, 传统的",,,六级,1
converge,kən'və:dʒ,v.,"聚合, 集中于一点；使集合",,,六级,2
converse,kən'və:s,n./adj./v.,"相反的事物, 倒, 逆向；相反的, 逆向的, 颠倒的；交谈, 谈话",,,六级,2
conversely,'kɔnv\\\\:sli,adv.,"相反, 逆, 颠倒, 反题, 反",,,六级,2
conversion,kən'və:ʃən,n.,"转变, 转换, 改变宗教信仰, 换位法；转换",,,六级,1
convert,kən'və:t,n./v.,"皈依者, 改变宗教信仰者；使改变信仰, 转换, 兑换, 倒置；皈依；转换",,,六级,1
convey,kən'vei,v.,"传达, 运输, 转让；转让(财产等), 搬运",,,六级,1
convict,kən'vikt,n./v.,"囚犯, 罪犯；宣告有罪, 使知罪",,,六级,1
conviction,kən'vikʃən,n.,"定罪, 信服, 坚信；定罪, 证明有罪, 判罪",,,六级,1
convince,kən'vins,v.,"说服, 使相信；使确信, 使信服, 使人认识错误",,,六级,1
convincing,kən'vinsiŋ,adj.,"使人信服的, 有力的, 令人心悦诚服的",,,六级,1
cooperate,kəu'ɒpəreit,v.,"合作, 协力, 配合；合作",,,六级,2
cooperative,kəu'ɔpərətiv,adj.,合作的；合作社的,,,六级,2
coordinate,kəu'ɒ:dineit,n./adj./v.,"同等的人(或物), 坐标；同等的, 并列的；(使)协调",,,六级,2
cope,kəup,v./n.,"竞争, 应付；长袍",,,六级,1
copper,'kɒpə,n.,"铜, 警察；铜Cu",,,六级,1
cord,kɒ:d,n.,"绳索, 束缚；索, 带",,,六级,2
cordial,'kɒ:djəl,n./adj.,"兴奋剂, 补品；热忱的, 诚恳的, 有兴奋作用的",,,六级,2
core,kɒ:,n./v.,"核心, 果心, 要点；挖...的核；内核, 核心网",,,六级,1
corn,kɒ:n,n./v.,"玉蜀黍, 谷类, 谷粒, 鸡眼；使成颗粒, 腌",,,六级,1
corporate,'kɒ:pərit,adj.,"社团的, 合伙的, 公司的；团体的, 法人的, 社团的",,,六级,1
corporation,.kɒ:pə'reiʃən,n.,"公司, 合作, 法人团体；法人团体, 社团, 法人",,,六级,1
corps,kɒ:,n.,"军, 队, 部队, 兵种；对, 团; 体, 物体",,,六级,2
correction,kə'rekʃən,n.,"订正, 改正, 改正的地方；校正",,,六级,2
correctly,kə'rektli,adv.,"对, 正确, 恰当, 符合一般性准则, 符合行为准则, 端正, 符合",,,六级,1
correlate,'kɒrəleit,n./v.,"有相互关系的东西, 相关物；使有相互关系；相关",,,六级,2
correlation,.kɒrə'leiʃən,n.,"相互关系, 相关, 关联；相关, 联系",,,六级,1
correspond,.kɒri'spɒnd,v.,"符合, 通信, 相当；符合, 一致, 相当",,,六级,1
correspondence,.kɒri'spɒndəns,n.,"相符, 通信, 信件；对应, 相对",,,六级,1
correspondent,.kɒri'spɒndənt,n.,"通讯记者, 通信者；客户, 代理商行, 代理银行",,,六级,1
corresponding,.kɒri'spɒndiŋ,adj.,"相当的, 一致的, 通信的；对应",,,六级,1
corridor,'kɒridɒ:,n.,"走廊, 回廊, 人口密集地带",,,六级,1
corrode,kə'rəud,v.,"使腐蚀, 侵蚀, 破坏；被侵蚀, 起腐蚀作用",,,六级,2
corrosion,kə'rəuʒən,n.,"腐蚀, 侵蚀, 腐蚀产生的物质, 铁锈, 锈；腐蚀",,,六级,2
corrupt,kə'rʌpt,adj./v.,"腐败的, 贪污的, 讹误充斥的；使腐烂, 腐蚀, 使恶化；腐烂, 堕落",,,六级,2
cosmic,'kɒzmik,adj.,"宇宙的, 宇宙航行的, 无限的, 有秩序的；宇宙的",,,六级,2
cosmos,'kɔzmɔs,n.,"宇宙, 秩序, 和谐, 大波斯菊；大波斯菊",,,六级,2
costly,'kɒstli,adj.,"昂贵的, 奢华的, 费用大的",,,六级,1
costume,'kɒstju:m,n.,"装束, 服装",,,六级,2
cottage,'kɒtidʒ,n.,"小屋, 茅舍",,,六级,1
couch,kautʃ,n./v.,"长沙发, 睡椅, 卧榻；横躺, 表达；躺下, 蹲伏",,,六级,2
council,'kaunsəl,n.,"会议, 委员会；委员会",,,六级,1
counsel,'kaunsəl,n./v.,"商议, 忠告, 法律顾问；商议, 劝告",,,六级,2
counseling,'kaunsəliŋ,n.,咨询服务,,,六级,2
count,kaunt,v./n.,"计算, 视为；计数；计算, 合计, 计数, 伯爵；计数",,,六级,1
counter,'kauntə,n./adj./adv.,"计算器, 计算者, 柜台, 筹码；反方向的, 相反的；反方向地, 相反地；计数器; 计数字",,,六级,1
counteract,.kauntə'rækt,v.,"抵消, 阻碍, 中和；抵抗, 阻碍, 抵销",,,六级,2
counterpart,'kauntəpɑ:t,n.,"副本, 复本, 配对物, 相应物；副本, 正副二份中之一",,,六级,1
county,'kaunti,n.,"县, 郡",,,六级,1
courage,'kʌridʒ,n.,"勇气, 胆量",,,六级,1
courageous,kə'reidʒəs,adj.,"勇敢的, 大胆的, 有胆量的",,,六级,2
course,kɒ:s,n./v.,"课程, 路线, 过程, 一道菜, 道路；追, (使)跑",,,六级,1
court,kɒ:t,n./v.,"法院, 庭院, 奉承；献殷勤, 追求, 招致；求爱",,,六级,1
courteous,'kə:tjəs,adj.,"彬彬有礼, 谦恭的",,,六级,2
courtesy,'kə:tisi,n.,"礼貌, 谦恭, 好意；优待, 礼貌, 恩惠",,,六级,2
cousin,'kʌzən,n.,"堂兄弟姊妹, 表兄弟姊妹；同辈表亲或堂亲",,,六级,1
cow,kau,n./v.,"母牛, 母兽；威胁",,,六级,1
coward,'kauəd,n.,"懦弱的人, 胆小的人",,,六级,2
cozy,'kəuzi,adj./n./v.,"舒适的, 安逸的, 惬意的；(茶壶等的)保暖罩, 舒适的座位；以假话使安心",,,六级,2
crab,kræb,n./v.,"螃蟹, 偏航, 脾气乖戾的人, 沙果；捕蟹, 偏航, 发牢骚；使偏航, 抱怨, 破坏",,,六级,2
crack,kræk,n./v./adj./adv.,"裂缝, 爆裂声；(使)爆裂, (使)裂开, (使)发出爆裂声；第一流的；啪地一声",,,六级,1
cradle,'kreidl,n./v.,"摇篮, 发祥地, 孩提时代；放在摇篮内, 抚育；刈割",,,六级,2
craft,kræft,n./v.,"技艺, 手艺, 诡计；精心制作",,,六级,1
crane,krein,n./v.,"鹤, 起重机；伸颈, 起重机起吊；伸颈看, 迟疑",,,六级,2
crank,kræŋk,adj./n./v.,"不稳的, 脾气暴燥的, 易怒的；曲柄, 奇想；装曲柄；转动曲柄",,,六级,2
crash,kræʃ,n./v./adj.,"哗啦声, 猛撞, 崩溃, 粗布；撞碎, 破碎, (使)...坠毁；速成的；崩溃",,,六级,1
crawl,krɒ:l,n./v.,"爬行, 匍匐而行, 养鱼池；爬行",,,六级,2
crazy,'kreizi,adj.,"发狂的, 狂热的",,,六级,1
cream,kri:m,n.,"乳酪, 奶油, 面霜；乳油, 乳皮; 乳膏, 霜",,,六级,1
create,kri:'eit,v.,"创造, 建造, 引起, 任命",,,六级,1
creative,kri:'eitiv,adj.,"有创造力的, 创作的, 产生的",,,六级,1
creature,'kri:tʃə,n.,"人, 动物, 创造物, 生物",,,六级,1
credential,kri'denʃəl,n.,"国书, 凭据, 证明书；凭证, 证书",,,六级,2
creep,kri:p,n./v.,"爬, 徐行, 蠕动；爬, 蔓延, 潜行",,,六级,1
crew,kru:,n.,"全体人员, 一群人, 全体队员；crow的过去式",,,六级,1
cricket,'krikit,n.,"蟋蟀, 板球",,,六级,1
crime,kraim,n.,"犯罪, 罪行, 罪恶；犯罪, 罪, 罪恶",,,六级,1
criminal,'kriminəl,n./adj.,"罪犯, 犯人, 刑事；犯了罪的, 刑事的, 有罪的",,,六级,1
cripple,'kripl,n./v./adj.,"跛者, 残废；使跛, 使成残废, 削弱；跛的, 残废的",,,六级,2
crippling,'kripliŋ,,"(往复)曲折, 断裂, 临界的, 极限的",,,六级,2
crisis,'kraisis,n.,"危机, 危险期, 紧要关头；危象; 骤退, 临界, 极期",,,六级,1
crisp,krisp,adj./v./n.,"脆的, 新鲜的, 活泼的；(使)烘脆, (使)拳曲, (使)起皱；松脆物",,,六级,2
criteria,krai'tiəriə,n.,标准；条件,,,六级,2
criterion,krai'tiəriən,n.,"标准, 准则, 规范；判据",,,六级,1
critic,'kritik,n.,"批评家, 鉴定家",,,六级,1
critical,'kritikəl,adj.,"批评的, 决定性的, 危险的, 临界的；危象的; 临界的, 极期的",,,六级,1
criticism,'kritisizm,n.,"批评, 评论, 非难；批判, 批评, 评论",,,六级,1
criticize,'kritisaiz,v.,"批评, 吹毛求疵, 非难",,,六级,1
crooked,'krukid,adj.,"弯曲的, 歪的, 邪恶的",,,六级,2
crop,krɒp,n./v.,"农作物, 产量, 平头；收割, 修剪, 种植；收获；裁剪",,,六级,1
cross,krɒs,n./adj./v.,"十字架, 十字架形物件, 交叉, 十字标, 交叉路, 磨难, 杂交；生气的, 交叉的, 相反的；交叉, 横过, 越过；交叉, 十字标",,,六级,1
crow,krəu,n./v.,"啼叫, 乌鸦, 鸡鸣, 撬棍；啼叫, 报晓",,,六级,2
crowd,kraud,n./v.,"群众, 一伙人；拥挤, 挤满, 挤进",,,六级,1
crown,kraun,n./v.,"王冠, 王权, 顶点；使成王, 加冕, 居...之顶",,,六级,1
crucial,'kru:ʃəl,adj.,"决定性的, 重要的, 严厉的；十字形的; 决断的, 定局的",,,六级,1
crude,kru:d,adj./n.,"天然的, 未成熟的, 粗糙的, 粗鲁的；天然的物质",,,六级,1
cruel,'kru:əl,adj.,"残酷的, 令人极痛苦的；残忍的, 残酷的",,,六级,1
cruelty,'kru:əlti,n.,"残酷, 野蛮, 残酷行为；残酷, 残忍, 虐待",,,六级,2
cruise,kru:z,n./v.,"巡航, 巡弋, 漫游；巡航, 巡弋, 漫游",,,六级,2
crush,krʌʃ,n./v.,"压碎, 粉碎, 群众, 迷恋；压破, 征服, 塞, 弄皱, 榨出；被压碎, 起皱, 挤",,,六级,1
crust,krʌst,n./v.,"外壳, 坚硬外皮, 面包皮；盖以硬皮；结硬皮",,,六级,2
crystal,'kristl,n./adj.,"水晶, 水晶装饰品, 结晶；水晶的, 水晶一样的, 透明的",,,六级,1
cube,kju:b,n.,"立方体, 立方；立方体, 立方",,,六级,2
cubic,'kju:bik,adj.,"立方体的, 立方的；立方的, 立方体的",,,六级,2
cuckoo,'kuku:,n.,"杜鹃鸟, 布谷鸟",,,六级,2
cucumber,'kju:kəmbə,n.,"黄瓜；黄瓜, 胡瓜",,,六级,2
cue,kju:,n./v.,"提示, 线索；给...暗示(或提示)；尾接指令",,,六级,2
culminate,'kʌlmineit,v.,"到绝顶, 达于极点, 达到高潮；使到绝顶, 使达到高潮",,,六级,2
cultivate,'kʌltiveit,v.,"培养, 耕作",,,六级,2
culture,'kʌltʃə,n./v.,"文化, 修养, 耕种；耕种, 培养",,,六级,1
cumulative,'kju:mjulətiv,adj.,"累积的；蓄积的, 累积的",,,六级,2
cunning,'kʌniŋ,adj.,"狡猾的, 巧妙的, 可爱的；狡猾的的, 狡诈的, 熟练的",,,六级,2
cupboard,'kʌpbɒ:d,n.,"食橱, 碗柜, 餐具柜",,,六级,1
curative,'kjurətiv,adj./n.,"治病的, 有疗效的；药物, 治疗法",,,六级,2
curb,kə:b,n./v.,"抑制, 勒马绳, 边石；抑制, 束缚, 勒住",,,六级,2
cure,kjuə,n./v.,"治疗, 治愈, 治疗法；治疗, 治愈, 改正, 腌制, 加工处理, 使硫化；受治疗, 被加工处理, 被硫化",,,六级,2
curiosity,.kjuəri'ɒsiti,n.,"好奇心, 新奇的事物, 珍品",,,六级,2
curious,'kjuəriəs,adj.,"好奇的, 求知的, 古怪的",,,六级,1
curl,kə:l,n./v.,"拳曲, 鬈发；弄卷；拳曲, 弯曲",,,六级,2
curly,'kə:li,adj.,"拳曲的, 卷毛的, 弯曲的",,,六级,2
currency,'kʌrənsi,n.,"货币, 通货, 流通, 通用；货币, 货币型",,,六级,1
current,'kʌrənt,n./adj.,"涌流, 趋势, 流；流通的, 现在的, 当前的, 流行的；当前的",,,六级,1
currently,'kʌrəntli,adv.,"现在, 当前, 一般, 普通；当前",,,六级,1
curriculum,kə'rikjuləm,n.,"课程；课程, 学程",,,六级,1
curse,kə:s,n./v.,"咒骂, 诅咒；诅咒, 咒骂",,,六级,2
curt,kə:t,adj.,"简略的, 简短的, 生硬的",,,六级,2
curtain,'kə:tən,n./v.,"帐, 幕, 窗帘；装帘子于, 遮蔽",,,六级,1
curve,kə:v,n./v.,"曲线, 弯曲, 曲线球；弯, 使弯曲；成曲形",,,六级,1
cushion,'kuʃən,n./v.,"垫子, 橡皮软垫；加垫褥, 缓冲, 掩盖",,,六级,2
custom,'kʌstəm,n./adj.,"习惯, 风俗, 海关, 自定义；定制的；定制; 自定义",,,六级,1
customary,'kʌstəməri,adj.,"习惯的, 惯常的；通常的, 习惯的",,,六级,2
customer,'kʌstəmə,n.,消费者；顾客,,,六级,1
cutter,'kʌtə,n.,"裁剪者, 切割者, 切割器；刀具; 剪切机; 切刀; 切胶机",,,六级,2
cycle,'saikl,n./v.,"周期, 循环, 自行车, 一段时间, 整套；循环, 轮转, 骑自行车；使循环, 使轮转；环路; 周期; 循环",,,六级,1
cylinder,'silində,n.,"圆筒, 圆筒状物, 汽缸, 柱面；柱面",,,六级,1
cynical,'sinikəl,adj.,"愤世嫉俗的, 讽刺的, 冷嘲的",,,六级,2
dairy,'dєəri,n.,"牛奶公司, 乳品店, 乳牛场",,,六级,2
dam,dæm,n./v.,"水坝, 障碍；控制, 筑坝；直接存取法",,,六级,2
damage,'dæmidʒ,n./v.,"损害, 伤害；损害",,,六级,1
damn,dæm,n./int./v.,"一点, 诅咒, 丝毫；该死, 该死的；诅咒, 罚...下地狱；指责, 谴责, 骂...该死, 证明...有罪",,,六级,2
damp,dæmp,n./adj./v.,"潮湿, 湿气；潮湿的；使潮湿, 使阻尼, 抑止；变潮湿, 衰减",,,六级,1
dare,dєə,n./v.,"挑战, 挑动, 大胆；敢, 胆敢",,,六级,1
daring,'dєəriŋ,adj.,大胆的,,,六级,2
dash,dæʃ,n./v.,"冲撞, 破折号, 短跑；猛冲, 冲撞；泼溅, 使猛撞, 搀和, 使破灭, 使沮丧",,,六级,2
datum,'deitəm,n.,"论据, 材料, 资料, 已知数；材料, 资料, 论据",,,六级,2
dawn,dɒ:n,n./v.,"破晓, 黎明；破晓",,,六级,1
dazzle,'dæzl,v./n.,"(使)眼花, 炫耀；耀眼",,,六级,2
deafen,'defən,v.,使聋；变聋,,,六级,2
deal,di:l,n./v.,"交易, 协定, 数量, 买卖, 松木板；处理, 应付, 做生意；分配, 发牌, 给予；发牌",,,六级,1
dealer,'di:lə,n.,"经销商, 商人；交易员, 贩卖商",,,六级,1
dean,di:n,n.,"院长, 主持牧师；外交团长, 学院院长, 教务长",,,六级,1
debate,di'beit,n./v.,"辩论, 讨论；争论, 辩论",,,六级,1
debt,det,n.,"债务, 罪过；借款, 欠款, 债务",,,六级,1
decade,'dekeid,n.,"十年, 十",,,六级,1
decay,di'kei,n./v.,"衰退, 腐败；(使)衰退, (使)腐败",,,六级,2
deceit,di'si:t,n.,"欺骗, 谎言；诈骗, 欺骗",,,六级,2
deceive,di'si:v,v.,"欺骗, 行骗",,,六级,2
decent,'di:sənt,adj.,"有分寸的, 得体的, 大方的",,,六级,1
deceptive,di'septiv,adj.,"迷惑的, 虚伪的, 欺诈的",,,六级,2
decidedly,di'saididli,adv.,"决定了, 坚决, 明显, 显而易见, 显然, 明确, 果断, 毫无疑问",,,六级,2
decimal,'desiməl,adj./n.,"十进位的, 小数的；十进制, 小数；十进制, 小数点",,,六级,2
decision,di'siʒən,n.,"决定, 决心, 决断；判定",,,六级,1
decisive,di'saisiv,adj.,"决定性的, 坚定的, 果断的",,,六级,1
deck,dek,n./v.,"甲板, (汽车后部的)行李仓；装饰, 打扮, 装甲板；纸牌背面图案",,,六级,1
declaration,.deklə'reiʃən,n.,"宣告, 说明, 宣布；说明",,,六级,1
declare,di'klєə,v.,"宣布, 声明, 申报, 断言",,,六级,1
decline,di'klain,n./v.,"衰退, 跌落, 下降；使降低, 婉谢；下降, 衰落, 偏斜",,,六级,1
decompose,.di:kəm'pəuz,v.,"分解, (使)腐烂",,,六级,2
decorate,'dekəreit,v.,装饰,,,六级,1
decorative,'dekəreitiv,adj.,装饰性的,,,六级,2
decrease,'di:kri:s,n./v.,"减少, 减少量；减少",,,六级,1
decree,di'kri:,n./v.,"法令, 判决, 天意；颁布, 判决；发布命令",,,六级,2
dedicate,'dedikeit,v.,"献出, 贡献",,,六级,1
deduce,di'dju:s,v.,"推论, 演绎出；推断, 推出, 演绎",,,六级,2
deduct,di'dʌkt,v.,"扣除, 减去；扣除, 减去, 折扣",,,六级,2
deed,di:d,n./v.,"行为, 实行, 契约；立契转让",,,六级,1
deem,di:m,v.,"认为, 相信",,,六级,1
deepen,'dipən,v.,"深化；使加深, 使强烈",,,六级,2
deer,diə,n.,鹿,,,六级,2
default,di'fɒ:lt,n./v.,"违约, 不履行责任, 缺席, 默认值；疏怠职责, 缺席, 拖欠, 默认；默认; 默认值; 缺省值",,,六级,2
defeat,di'fi:t,n./v.,"败北, 失败；击败, 使落空",,,六级,1
defect,di'fekt,n.,"缺点；缺损, 缺陷",,,六级,1
defence,di'fens,n.,"防卫, 防卫设备；(诉讼程序中的)辩护",,,六级,1
defend,di'fend,v.,"防护, 辩护, 防卫；作...的辩护律师, 辩护, 为...答辩",,,六级,1
defendant,di'fendənt,n.,被告；被告方,,,六级,1
deferential,.defə'renʃəl,adj.,恭敬的；输精管的,,,六级,2
deficiency,di'fiʃənsi,n.,"缺乏, 不足；缺乏, 不足",,,六级,2
deficient,di'fiʃənt,adj.,"不足的, 不充分的, 有缺陷的",,,六级,2
deficit,'defisit,n.,"赤字, 不足额；短缺",,,六级,1
define,di'fain,v.,"定义, 规定, 使明确；定义",,,六级,1
definite,'definit,adj.,"明确的, 一定的；明确的, 确切的, 一定的",,,六级,1
definitely,'definitli,adv.,"明确无疑地, 清楚地",,,六级,1
definition,.defi'niʃən,n.,"定义, 精确度, 清晰度；清晰度; 清晰度",,,六级,1
deflect,di'flekt,v.,"转移, 使偏斜；偏斜",,,六级,2
deflection,di'flekʃən,n.,"歪斜, 偏, 偏向；偏向, 偏离, 偏转(光), 偏转, 波(心电图)",,,六级,2
deform,di'fɒ:m,v.,"使残缺, 使变形；变形",,,六级,2
deformation,.di:fɒ:'meiʃən,n.,"损形, 变丑, 畸形；变形; 形变",,,六级,2
defy,di'fai,v./n.,"藐视, 挑衅, 使落空；挑战",,,六级,2
degenerate,di'dʒenəreit,adj./v.,"堕落的；退化, 堕落；使变质, 使退化",,,六级,2
degradation,.degrə'deiʃən,n.,"降格, 堕落, 退化；降级",,,六级,2
degrade,di'greid,v.,"(使)降级, (使)退化",,,六级,2
degree,di'gri:,n.,"程度, 度数, 学位, 度；度, 程度",,,六级,1
delay,di'lei,n./v.,"耽搁, 迟滞；耽搁, 延迟；延迟, 延时",,,六级,1
delegate,'deligeit,n./v.,代表；委派...为代表,,,六级,1
delegation,.deli'geiʃən,n.,"代表团, 派遣代表团, 代表的地位(或权力)；派遣, 委任, 委托",,,六级,1
deliberate,di'libərət,adj./v.,"深思熟虑的, 故意的, 从容的；仔细考虑",,,六级,1
deliberately,di'libərətli,adv.,故意地,,,六级,1
delicacy,'delikəsi,n.,"细软, 精致, 精美的食品, 娇气, 微妙, 棘手, 娇弱, 灵敏, 灵巧",,,六级,2
delicate,'delikət,adj.,"细致优雅的, 微妙的, 美味的；柔弱的",,,六级,1
delight,di'lait,n./v.,"高兴, 愉快；使高兴, 乐于；感到高兴(或愉快、快乐)",,,六级,1
delivery,di'livəri,n.,"递送, 交付, 分娩, 交货, 引渡；交货额",,,六级,1
delusion,di'lu:ʒən,n.,"迷惑, 欺瞒, 错觉；妄想",,,六级,2
demand,di'mɑ:nd,n./v.,"要求, 需求, 需要；要求, 查询",,,六级,1
democracy,di'mɒkrəsi,n.,"民主政治, 民主主义；民主, 民主政治, 民主政体",,,六级,1
democratic,.demə'krætik,adj.,"民主的；民主的, 民主政体的, 平民的",,,六级,1
demography,di:'mɒgrəfi,n.,"人口统计学；人口学, 人口统计学",,,六级,2
demonstrate,'demənstreit,v.,"示范, 证明；示威",,,六级,1
denial,di'naiəl,n.,"否认；否定, 否认, 拒绝接受",,,六级,2
denote,di'nəut,v.,"指示, 表示",,,六级,2
denounce,di'nauns,v.,"告发, 抨击, 谴责；谴责, 斥责, 告发",,,六级,2
dense,dens,adj.,"密集的, 浓厚的",,,六级,2
density,'densiti,n.,密度；密度,,,六级,1
dentist,'dentist,n.,牙科医生；牙医师,,,六级,2
deny,di'nai,v.,"否认, 拒绝",,,六级,1
depart,di'pɑ:t,v.,"离开, 出发, 背离, 违反, 去世",,,六级,1
department,di'pɑ:tmənt,n.,"部门, 系, 机关；部, 科",,,六级,1
departure,di'pɑ:tʃə,n.,"离开, 出发, 违背, 偏离；启运",,,六级,1
depend,di'pend,v.,"靠, 视...而定, 信赖",,,六级,1
dependant,di'pendənt,n.,"家眷, 侍从, 食客；受赡养人, 家庭负担",,,六级,2
dependent,di'pendənt,n./adj.,"依赖他人者；依赖的, 从属的",,,六级,1
depict,di'pikt,v.,"描述, 描写",,,六级,1
deploy,di'plɒi,v.,"展开, 配置",,,六级,2
deportation,.di:pɒ:'teiʃən,n.,"驱逐出境, 放逐；递解出境, 放逐, 驱逐",,,六级,2
deposit,di'pɒzit,n./v.,"存款, 定金, 堆积物；存放, 堆积；沉淀",,,六级,1
deposition,.depə'ziʃən,n.,"免职, 作证, 沉淀；沉积",,,六级,2
depress,di'pres,v.,"使沮丧, 压低, 降低, 使萧条；推下",,,六级,2
depression,di'preʃən,n.,"不景气, 消沉, 沮丧, 洼地；抑郁[症], 阻抑, 压低, 凹, 窝, 衰退, 俯角",,,六级,1
deprive,di'praiv,v.,"剥夺, 使丧失；剥夺, 剥夺, 夺去",,,六级,1
depth,depθ,n.,"深度, 深处, 深奥；深度",,,六级,1
deputy,'depjuti,n.,副手，代理人,,,六级,1
derivation,.deri'veiʃən,n.,"推论, 推导, 来历；衍化, 诱导",,,六级,2
derive,di'raiv,v.,得自；起源,,,六级,1
descend,di'send,v.,"下降, 世代相传, 屈尊, 袭击；下降",,,六级,1
descendant,di'sendənt,n./adj.,"后裔, 子孙；传下的, 下降的",,,六级,2
descent,di'sent,n.,"降落, 家系, 侵袭, 血统；下降, 世代, 血统",,,六级,2
describe,di'skraib,v.,"描述, 描绘, 画",,,六级,1
description,di'skripʃən,n.,"描述, 说明, 种类；说明书(物品), 品名种类, 货物名称",,,六级,1
desert,'dezət. di'sə:t,n./adj./v.,"沙漠, 应得的赏罚, 功劳；沙漠的, 不毛的；放弃, 遗弃, 擅离；逃掉",,,六级,1
deserve,di'zə:v,v.,"该得到, 值得；应得报答",,,六级,1
design,di'zain,n./v.,"设计, 图样, 方案, 企图；设计, 计划",,,六级,1
designate,'dezigneit,v./adj.,"指定, 指明, 称呼；已选出而未上任的",,,六级,2
desirable,di'zairəbl,adj.,"令人想望的, 可取的",,,六级,1
desire,di'zaiə,n./v.,"欲望, 要求；想要, 请求；渴望",,,六级,1
desolate,'desələt,adj.,荒凉的,,,六级,2
despair,di'spєə,n./v.,"绝望, 失望；绝望",,,六级,1
despatch,di'spætʃ,v./n.,派遣；派遣,,,六级,2
desperate,'despərət,adj.,"不顾一切的, 危急的, 令人绝望的, 极渴望的",,,六级,1
desperately,'despərətli,adv.,拼命地；绝望地；极度地,,,六级,1
despise,di'spaiz,v.,轻视,,,六级,2
despite,di'spait,n./prep.,"轻视, 憎恨；虽然, 尽管",,,六级,1
dessert,di'zə:t,n.,餐后甜点,,,六级,2
destination,.desti'neiʃən,n.,"目的地, 目标, 目的；目的文件, 目的单元",,,六级,1
destine,'destin,v.,"注定, 预定",,,六级,2
destiny,'destini,n.,"命运, 定数",,,六级,2
destroy,di'strɒi,v.,"破坏, 毁坏, 消灭",,,六级,1
destruction,di'strʌkʃən,n.,"破坏, 毁灭；破坏",,,六级,1
destructive,di'strʌktiv,adj.,"毁灭性的, 破坏的, 有害的；破坏的, 毁坏的",,,六级,2
detach,di'tætʃ,v.,"使分离, 分遣；摘下, 分离, 卸下",,,六级,2
detail,'di:teil,n./v.,"细节, 详情；详述, 选派；画详图；详细数据",,,六级,1
detain,di'tein,v.,"扣留, 扣押, 耽搁；拘留, 扣押, 留住",,,六级,2
detect,di'tekt,v.,"发现, 察觉, 探测；发现, 查明, 探测",,,六级,1
detection,di'tekʃən,n.,"发现, 察觉, 探测；检波; 检测",,,六级,2
detective,di'tektiv,n./adj.,侦探；侦探的,,,六级,1
detector,di'tektə,n.,"发现者, 检验器, 检波器；检波器; 检测器",,,六级,2
deteriorate,di'tiəriəreit,v.,(使)恶化,,,六级,2
determination,di.tə:mi'neiʃən,n.,"决心, 果断；判定; 测定",,,六级,1
determine,di'tə:min,v.,"决定, 决心",,,六级,1
deviate,'di:vieit,v./adj./n.,"脱离, 偏离；使偏离；脱离常规的；脱离常规的人",,,六级,2
deviation,.di:vi'eiʃən,n.,背离；偏差; 误差; 偏斜,,,六级,2
device,di'vais,n.,"装置, 设计, 策略, 发明物, 设备；设备; DOS内部命令:该命令要求DOS安装一个设备驱动程序",,,六级,1
devil,'devəl,n./v.,"魔鬼；折磨, 戏弄",,,六级,1
devise,di'vaiz,v./n.,"设计, 发明, 图谋, 遗赠给；遗赠",,,六级,1
devote,di'vəut,v.,"投入于, 献身",,,六级,1
devotion,di'vəuʃən,n.,"热爱, 投入",,,六级,2
devour,di'vauə,v.,"吞食, 挥霍, 吞没",,,六级,2
dew,dju:,n./v.,"露珠, 露水；(用露水)沾湿；结露水",,,六级,2
diagnose,'daiəgnəuz,v.,诊断,,,六级,2
diagnostic,daiəg'nɒstik,adj./n.,"诊断的, 有助于诊断的, 特征的；诊断, 病的征候, 诊断法；诊断的",,,六级,2
diagram,'daiəɡræm,n.,图表；图解,,,六级,1
dial,'daiəl,n./v.,"刻度盘, 钟面, 转盘；拨",,,六级,2
dialect,'daiəlekt,n.,"方言, 同源语",,,六级,2
dialog,'daiəlɒg,n.,"会话, 对话；对话",,,六级,2
diameter,dai'æmitə,n.,"直径；直经, 径",,,六级,1
diamond,'daiəmənd,n.,"钻石, 菱形；菱形",,,六级,1
diary,'daiəri,n.,日记；日记簿,,,六级,1
dictate,'dikteit,v./n.,"听写, 口述, 口授；口述, 使听写, 命令；命令, 指挥, 指令",,,六级,1
dictation,dik'teiʃən,n.,"听写, 口述, 命令",,,六级,2
dictator,'dikteitə,n.,"命令者, 独裁者",,,六级,2
diesel,'di:zəl,n.,"内燃机, 柴油机, 柴油",,,六级,1
diet,'daiət,n./v.,"日常饮食, 议会；照规定饮食；忌食",,,六级,1
differ,'difə,v.,"不一致, 不同；差异, 不同",,,六级,1
diffuse,di'fju:z,v./adj.,"散播, 传播；散开的, 弥漫的",,,六级,2
digest,di'dʒest,n./v.,"文摘；消化；消化, 理解；摘要",,,六级,2
digital,'didʒitəl,adj./n.,"数字显示的, 数字的；数字仪表, 数字式电子表(或时钟)；数字, 数字式",,,六级,1
dignity,'digniti,n.,"尊严, 高贵；尊严, 高位, 高贵",,,六级,1
dilemma,di'lemə,n.,"困境, (进退两难的)窘境",,,六级,1
diligence,'dilidʒəns,n.,勤奋,,,六级,2
diligent,'dilidʒənt,adj.,"勤勉的, 用功的",,,六级,2
dilute,dai'lju:t,v./adj.,"冲淡, 稀释；淡的, 稀释的",,,六级,2
dim,dim,adj./v.,"暗淡的, 模糊的；使暗淡；数据解释模块",,,六级,2
dimension,dai'menʃən,n./v.,"尺寸, 次元, 面积, 维数；标出尺寸",,,六级,1
diminish,di'miniʃ,v.,"(使)减少, (使)变小",,,六级,1
dine,dain,v.,"用正餐, 进餐；宴请",,,六级,2
dioxide,dai'ɒksaid,n.,二氧化物；二氧化物,,,六级,1
dip,dip,v./n.,"浸, 降下, 把(手、勺等)伸入, 舀取；浸, 涉猎；双列直插式组件, 分布式输入输出系统, 双排直插封装",,,六级,1
diploma,di'pləumə,n.,"文凭, 毕业证书；文凭",,,六级,2
diplomatic,.diplə'mætik,adj.,"外交的, 老练的；外交的, 外交上的, 文献上的",,,六级,1
direct,di'rekt,adj./v./adv.,"直接的, 坦白的；指示, 指挥, 命令, 导演；指导, 指挥；直接地",,,六级,1
direction,di'rekʃən,n.,"方向, 指导, 趋势；方向; 流向",,,六级,1
directly,"di'rektli, dai'rektli",adv./conj.,"径直地, 直接地, 直率地, 正好地, 直截了当地, (非正式)立即, 马上；一...(就...), 一当...就...；直接的",,,六级,1
director,di'rektə,n.,"主管, 导演, 董事；寻向偶极子; 指挥仪",,,六级,1
directory,di'rektəri,n.,"目录, 工商名录, 指南；目录",,,六级,1
disable,dis'eibl,v.,"使失去能力, 使残废, (律)使无资格；使无效, 禁止, 关闭",,,六级,2
disadvantage,.disəd'vɑ:ntidʒ,n.,"缺点, 不利, 坏处",,,六级,1
disagree,.disə'gri:,v.,"不一致, 不适宜；抵触, 不同意, 争执",,,六级,1
disagreement,.disə'gri:mənt,n.,"不合, 争论, 不一致；不一致, 不同意, 陪审团的意见不一",,,六级,2
disappear,.disə'piə,v.,"消失, 不见",,,六级,1
disappearance,.disə'piərəns,n.,"看不见, 失踪, 消失",,,六级,2
disappoint,.disə'pɒint,v.,使失望,,,六级,2
disapproval,.disə'pru:vəl,n.,不赞成,,,六级,2
disaster,di'zɑ:stə,n.,"灾祸, 不幸, 彻底失败",,,六级,1
disastrous,di'zɑ:strəs,adj.,"损失惨重的, 悲伤的",,,六级,2
discard,dis'kɑ:d,v./n.,"丢弃, 抛弃；垫牌；垫牌, 抛弃",,,六级,2
discern,di'zə:n,v.,"辨别, 看清楚, 了解",,,六级,2
discharge,dis'tʃɑ:dʒ,v./n.,"卸下, 放出, 解雇, 拔染, 履行, 放电；卸货, 流出；卸货, 流出, 放电",,,六级,1
discipline,'disiplin,n./v.,"训练, 纪律；训练, 惩罚",,,六级,1
disclose,dis'kləuz,v.,"揭露, 透露；揭发, 揭露, 公开",,,六级,1
discontented,.diskən'tentid,adj.,不满意的,,,六级,2
discount,'diskaunt,n./v.,"折扣, 贴现率；打折扣；贴现",,,六级,1
discourage,dis'kʌridʒ,v.,"使气馁, 阻碍",,,六级,2
discourse,'diskɒ:s,n./v.,"谈话, 演讲；谈话, 讲述",,,六级,1
discover,dis'kʌvə,v.,"发现, 找到, 暴露；发现",,,六级,1
discovery,dis'kʌvəri,n.,"发现, 被发现的事物；要求告知, 发现, 发觉",,,六级,1
discrepancy,dis'krepənsi,n.,"不符合, 差异, 不相符之处；不符值; 偏差值",,,六级,2
discrete,dis'kri:t,adj.,"不连续的, 离散的；离散的",,,六级,2
discrimination,dis.krimi'neiʃən,n.,"差别, 岐视, 辨别力；鉴别",,,六级,1
discussion,dis'kʌʃən,n.,讨论,,,六级,1
disease,di'zi:z,n.,"疾病, 弊病；[疾]病",,,六级,1
disgrace,dis'greis,n./v.,"耻辱, 不名誉；使受耻辱, 使失体面",,,六级,2
disguise,dis'gaiz,n./v.,"假面目, 假装；假装, 隐瞒",,,六级,2
disgust,dis'gʌst,n./v.,"厌恶, 嫌恶；令人厌恶；使作呕",,,六级,2
dishonour,dis'ɔnə,n./v.,"不名誉, 使人丢脸的人/事, 耻辱, 不光彩；使丧失名誉, 使受耻辱, 使丢脸, 奸污, 拒收, 无法偿付, 拒付",,,六级,2
disillusion,.disi'lu:ʒən,n./v.,"觉醒, 幻灭；使醒悟, 使幻想破灭",,,六级,2
disillusioned,,adj.,"幻想破灭了的, 大失所望的, 醒悟了的",,,六级,2
disk,disk,n.,"圆盘, 磁盘；磁盘",,,六级,1
dislike,dis'laik,n./v.,"嫌恶；讨厌, 不喜欢",,,六级,1
dismay,dis'mei,n./v.,"沮丧；使惊愕, 使气馁",,,六级,2
dismiss,dis'mis,v.,"解散, 开除, 解职；解散；解散",,,六级,1
disobedience,.disə'bi:djəns,n.,"不服从, 不孝, 违反",,,六级,2
disorder,dis'ɒ:də,n./v.,"杂乱, 混乱；扰乱, 使失调",,,六级,1
disorient,dis'ɒ:rient,v.,"使失去方向, 使迷惑",,,六级,2
dispatch,dis'pætʃ,v./n.,"派遣；派遣, 急件；调度",,,六级,2
dispense,dis'pens,v.,"分发, 分配；特许, 豁免",,,六级,2
disperse,dis'pə:s,v./adj.,"分散, 传播, 散开；分散；分散的；分散",,,六级,2
displace,dis'pleis,v.,"移置, 替换, 转移",,,六级,2
displacement,dis'pleismənt,n.,"换置, 移位, 移动, 取代；顶替展开法",,,六级,2
display,dis'plei,n./v.,"显示, 陈列, 炫耀, 显示器；陈列, 显示, 表现, 夸示；显示器; 显示",,,六级,1
displease,dis'pli:z,v.,"使不愉快, 使(人)生气",,,六级,2
disposal,dis'pəuzəl,n.,"丢掉, 处理, 排列, 销毁, 布置；处理, 处置",,,六级,1
dispose,dis'pəuz,v.,"处理, 排列, 布置；处置",,,六级,1
disposition,.dispə'ziʃən,n.,"性情, 处置, 处理, 布置；素因, 性情",,,六级,2
disproportionate,.disprə'pɒ:ʃənit,adj.,不成比例的,,,六级,2
dispute,dis'pju:t,n./v.,争论；争论,,,六级,1
disregard,.disri'gɑ:d,n./v.,"忽视, 漠视；忽视, 不顾",,,六级,2
disrupt,dis'rʌpt,adj./v.,"分裂的, 中断的；使分裂, 使瓦解",,,六级,2
disruptive,dis'rʌptiv,adj.,"分裂的, 破坏(性)的；击穿的, 中断的",,,六级,2
dissatisfaction,'dis.sætis'fækʃən,n.,"不满, 不平",,,六级,2
dissatisfy,dis'sætisfai,v.,"使感觉不满, 不满足",,,六级,3
disservice,dis'sə:vis,n.,"伤害, 帮倒忙的行为",,,六级,2
dissipate,'disipeit,v.,"散失, 驱散, 浪费；消散, 放荡",,,六级,2
dissolve,di'zɒlv,v.,"溶解, 解散",,,六级,1
distance,'distəns,n.,"距离, 远方, 遥远；位距",,,六级,1
distant,'distənt,adj.,"远的, 疏远的；远期的",,,六级,1
distil,,v.,"vi. 蒸馏, 提取...的精华, 用蒸馏法提取；滴下, 渗出",,,六级,2
distinct,dis'tiŋkt,adj.,"清楚的, 显著的, 不同的",,,六级,1
distinction,dis'tiŋkʃən,n.,区别,,,六级,1
distinctive,di'stiŋktiv,adj.,"有特色的, 出众的",,,六级,1
distinctly,dis'tiŋktli,adv.,"显然地, 明显地, 清楚地",,,六级,2
distinguish,dis'tiŋgwiʃ,v.,"区别, 辨别",,,六级,1
distort,dis'tɒ:t,v.,"扭曲, 歪曲；歪区, 曲解, 纂改",,,六级,2
distortion,dis'tɒ:ʃən,n.,"扭曲, 变形, 曲解；畸变; 失真",,,六级,2
distract,dis'trækt,v.,"转移, 分心, 使发狂",,,六级,2
distress,di'stres,n./v./adj.,"苦恼, 贫困, 痛苦；使苦恼；亏本出售的",,,六级,1
distribute,di'stribju:t,v.,"分配, 散布, 分发；分配, 分发",,,六级,1
distribution,.distrə'bju:ʃən,n.,分配；分布,,,六级,1
district,'distrikt,n.,"区域, 地方；地区, 地段",,,六级,1
disturb,dis'tə:b,v.,"扰乱, 妨碍, 使不安；滋扰, 扰乱",,,六级,1
disturbance,dis'tə:bəns,n.,"扰乱, 不安, 忧虑；扰动; 干扰; 失调",,,六级,1
ditch,ditʃ,n./v.,沟渠；在...开沟；开沟,,,六级,2
dive,daiv,n./v.,"潜水, 跳水；跳水, 俯冲, 猛冲；把...突然伸入",,,六级,2
diverge,dai'və:dʒ,v.,"分歧, 岔开；使岔开",,,六级,2
diverse,dai'və:s,adj.,"不同的, 变化多的",,,六级,1
diversify,dai'və:sifai,v.,"使多样化, 使变化",,,六级,2
diversion,dai'və:ʒən,n.,转移；转向,,,六级,2
divert,dai'və:t,v.,"转移, 使欢娱；转移",,,六级,1
divine,di'vain,adj./n.,"神的, 神圣的, 非凡的；神学家",,,六级,1
division,di'viʒən,n.,"分, 分开, 除法, 部门(如部、处、系等), 师；部分",,,六级,1
divorce,di'vɒ:s,n./v.,离婚；与...离婚,,,六级,1
dizzy,'dizi,adj./v.,"晕眩的, 眼花缭乱的；使晕眩",,,六级,2
dock,dɒk,n./v.,"码头, 船坞, 被告席, 尾巴的骨肉部分；使靠码头, 使(船)进港, 剪短；进港",,,六级,1
doctrine,'dɒktrin,n.,"教条, 学说；学说",,,六级,1
document,'dɒkjumənt,n./v.,"文件, 公文, 文档；证明, 为...引证；文档",,,六级,1
documentary,.dɒkju'mentəri,n./adj.,记录片；文件的,,,六级,2
domain,dəu'mein,n.,"领域, 领土, 产业, 范围；域, 区域, 支配命令",,,六级,1
dome,dəum,n./v.,圆顶；加圆顶；成圆顶状,,,六级,2
domestic,dəu'mestik,adj.,"家庭的, 国内的, 驯养的；家庭的, 家用的",,,六级,1
dominant,'dɒminənt,adj.,"占优势的, 支配的；优性的, 显性的",,,六级,1
dominate,'dɒmineit,v.,"支配, 占优势",,,六级,1
donate,'dəuneit,v.,捐赠,,,六级,2
doom,du:m,n./v.,"厄运, 不幸, 法律, 宣告, 判决, 死亡；命中注定, 判决",,,六级,2
dorm,dɒ:m,n.,宿舍,,,六级,2
dormant,'dɒ:mənt,adj.,"睡眠状态的, 静止的；休眠的, 不活动的, 休止的",,,六级,2
dormitory,'dɒ:mitəri,n.,宿舍,,,六级,2
dose,dəus,n./v.,"剂量, 服用量；给药, (用药)医治；服药",,,六级,1
doubt,daut,n./v.,"怀疑, 疑惑；怀疑, 不信",,,六级,1
doubtful,'dautful,adj.,"可疑的, 疑心的, 不明确的；怀疑的, 有疑问的, 未确的",,,六级,1
doubtless,'dautlis,adj./adv.,"无疑的, 确定的；无疑地, 确定地",,,六级,2
dove,dʌv,n.,鸽子；dive的过去式,,,六级,2
downturn,'dauntə:n,n.,"(尤指经济方面的)衰退, 下降趋势；低迷时期",,,六级,2
downward,'daunwəd,adj.,向下的,,,六级,2
draft,dræft. drɑ:ft,n./v.,"气流, 草稿, 汇票, 草案；起草, 征兵；草稿",,,六级,1
drag,dræg,n./v.,"拖, 拖累；拖累, 拖拉, 沉重缓慢地走, 拖动；拖动",,,六级,1
dragon,'drægən,n.,"龙, 凶暴的人；凶恶的人, 凶恶严厉的监护人",,,六级,1
drain,drein,n./v.,"排水沟, 消耗, 排水；排出, 喝光, 耗尽；排水, 流干",,,六级,1
drainage,'dreinidʒ,n.,"排水；引流[法], 导液[法], 排水[设备]",,,六级,2
drama,'drɑ:mə,n.,"戏剧, 戏剧艺术",,,六级,1
dramatic,drə'mætik,adj.,"戏剧性的, 生动的",,,六级,1
drastic,'dræstik,adj.,"激烈的；峻泻药, 剧烈的",,,六级,2
drawback,'drɒ:bæk,n.,"缺点, 退税；退款, 退税",,,六级,2
drawer,'drɒ:ə,n.,"抽屉, 开票人；抽屉",,,六级,1
drawing,'drɒ:iŋ,n.,"图画, 制图, 拉；绘图",,,六级,1
dread,dred,n./adj./v.,"恐惧, 可怕的人(或事)；可怕的, 可怖的；恐惧, 害怕",,,六级,2
dreadful,'dredful,adj.,可怕的,,,六级,1
dream,dri:m,n./v.,"梦, 空想, 愿望；做梦, 想象, 梦想",,,六级,1
drift,drift,n./v.,"漂流物, 漂流, 动向；(使)漂流",,,六级,1
drill,dril,n./v.,"钻孔机, 钻子, 播种机, 粗斜纹布；训练, 钻孔",,,六级,2
drip,drip,n./v.,水滴；(使)滴下,,,六级,2
drop,drɒp,n./v.,"滴, 微量, 落下, 空投；放下, 掉下, 下降；使滴下, 放下, 丢失, 遗漏；投入, 投入点, 接入点, 分接点",,,六级,1
drought,draut,n.,"干旱, 缺乏",,,六级,2
drown,draun,v.,"淹死；把...淹死, 淹没",,,六级,1
drug,drʌg,n./v.,"药, 麻药, 麻醉药；吸毒；使服麻醉药, 使麻木",,,六级,1
drum,drʌm,n./v.,"鼓, 鼓声；击鼓, 作鼓声；打鼓奏出；磁鼓",,,六级,1
drunk,drʌŋk,adj.,喝醉了的；drink的过去式,,,六级,1
dubious,'dju:biəs,adj.,"可疑的, 不确定的",,,六级,2
duck,dʌk,n./v.,"鸭子；没入水中, 闪避；猛按...入水, 躲避",,,六级,1
due,dju:,n./adj.,"应得的东西, 应付款；到期的, 应得的, 应付的, 约定的",,,六级,1
duke,dju:k,n.,公爵,,,六级,1
dull,dʌl,adj./v.,"钝的, 无趣的, 呆滞的, 阴暗的；使迟钝, 使阴暗, 缓和；变迟钝, 减少",,,六级,1
dully,'dʌli,adv.,"钝地, 迟钝地, 不清楚地",,,六级,2
dumb,dʌm,adj.,"哑的, 不说话的, 无声音的；哑的",,,六级,2
dump,dʌmp,n./v.,"垃圾场；倾倒, 倾销；倒垃圾, 倾销商品；转出; 转储; 倾卸; 切断电源",,,六级,1
duplicate,'dju:plikeit,n./adj./v.,"副本, 复本, 复制品；复制的, 二重的；复制, 使加倍；复制",,,六级,2
durable,'djurəbl,adj.,"持久的, 耐用的",,,六级,2
duration,dju'reiʃən,n.,"持续时间, 持续；持续时间",,,六级,1
dusk,dʌsk,n./adj./v.,"薄暮, 傍晚, 黄昏；微暗的；(使)微暗",,,六级,2
dust,dʌst,n./v.,"灰尘, 尘埃, 粉末, 花粉, 土, 骚乱；拂去灰尘, 撒, 弄成粉末；拂去灰尘, 化为粉末",,,六级,1
duty,'dju:ti,n.,"责任, 关税, 职务, 尊敬；职责",,,六级,1
dwarf,dwɒ:f,n./v.,"矮子, 侏儒；(使)变矮小",,,六级,2
dwell,dwel,v.,"居住, 居住(于), 存在(于)",,,六级,2
dwelling,'dweliŋ,n.,住处；住房,,,六级,1
dye,dai,n./v.,"颜料, 染料；染, 染色；被着色",,,六级,2
dying,'daiiŋ,adj.,"垂死的；快要死的, 垂死的, 临终的",,,六级,2
dynamic,dai'næmik,adj./n.,"动态的, 有活力的, 有力的, 动力的, 不断变化的；动力, 动态；动态的",,,六级,1
dynamical,dai'næmikəl,adj./n.,"动力的, 动态的, 动力学的, (褒)有生气的, 有力的, 能动的, 精悍的, 机能上的；动力, 动态, 原动力；动态的",,,六级,2
dynamo,'dainəməu,n.,"发电机；电机, 发电机",,,六级,2
eager,'i:gə,adj.,"热心的, 渴望的, 热望的",,,六级,1
eagle,'i:gl,n.,"鹰, 鹰状标饰",,,六级,1
earnest,'ə:nist,n./adj.,"定金, 诚挚, 认真；认真的, 热心的, 重要的",,,六级,2
earnings,'ə:niŋ,n.,"所赚的钱, 工资, 收入；工资, 收入, 收益, 盈余",,,六级,1
earthenware,'ə:θənweə,n.,陶器；陶器; 土器,,,六级,2
earthquake,'ə:θkweik,n.,地震,,,六级,2
ease,i:z,n./v.,"安乐, 安逸, 悠闲；使安乐, 使安心, 减轻, 放松；减轻, 放松, 灵活地移动",,,六级,1
eastward,'i:stwəd,n./adj./adv.,朝东方向；向东方的；向东,,,六级,2
eccentric,ik'sentrik,n./adj.,"怪人, 偏心圆；古怪的, 反常的, 不同圆心的",,,六级,2
echo,'ekəu,n./v.,"回声, 回音, 回波；发回声, 随声附和；摹仿, 重复, 反射；回显; DOS批处理命令:控制MS-DOS命令是否在屏幕上显示",,,六级,1
eclipse,i'klips,n./v.,"日食, 月食, (地位名誉等的)消失；引起日食, 引起月食, 使黯然失色",,,六级,2
ecology,i:'kɒlədʒi,n.,"生态学, 社会生态学；生态学",,,六级,2
economic,.i:kə'nɒmik,adj.,"经济上的, 实用的, 节省的；经济的",,,六级,1
economical,.i:kə'nɒmikəl,adj.,"节俭的, 经济的, 合算的；经济的, 节约的",,,六级,2
economically,i:kə'nɔmikəli,adv.,"节约地, 不浪费地, 节省地, 节俭地, 在经济上, 在经济学上",,,六级,2
economics,.i:kə'nɒmiks,n.,经济学；经济学,,,六级,1
economy,i'kɒnəmi,n.,"经济, 理财, 节约；经济, 整体",,,六级,1
ecosystem,'i:kəu.sistəm,n.,生态系统；生态系,,,六级,2
edge,edʒ,n./v.,"边缘, 尖锐, 刀刃, 优势；使锐利, 挤进, 镶边；缓缓移动",,,六级,1
edible,'edibl,n./adj.,"食品, 食物；可食用的",,,六级,2
edit,'edit,v.,"编辑, 编校, 修订, 剪辑；编辑; DOS外部命令:该命令是一个用于编辑文本文件的全屏幕编辑程序",,,六级,1
edition,i'diʃən,n.,"版本, 版, 翻版",,,六级,1
editor,'editə,n.,"编者, 编辑, 主笔, 编辑器, 编辑装置；编辑器",,,六级,1
editorial,.edi'tɒ:riəl,n./adj.,"社论, 评论；编辑的, 主笔的, 社论的",,,六级,2
effect,i'fekt,n./v.,"结果, 影响, 效果, 印象；实行, 引起, 完成；效果",,,六级,1
effective,i'fektiv,adj./n.,"有效的, 有力的, 实际的；有生力量",,,六级,1
efficiency,i'fiʃənsi,n.,"效率, 效能, 功效；效率, 效力",,,六级,1
efficient,i'fiʃənt,adj.,"有效率的, 能干的",,,六级,1
effort,'efət,n.,"努力, 成就",,,六级,1
ego,'egəu. 'i:gəu,n.,自我；自我,,,六级,2
egyptian,i'dʒipʃən,n./adj.,"埃及人；埃及的, 埃及人的",,,六级,2
eject,i'dʒekt,v.,"逐放, 放逐, 喷射；排出",,,六级,2
elaborate,i'læbəreit,adj./v.,"精细的, 详尽的, 精心计划(或制作)的；详细地说明, 用心地制作, 发挥；变复杂, 作详细说明",,,六级,1
elapse,i'læps,v./n.,"逝去, 过去；逝去, 过去",,,六级,2
elastic,i'læstik,n./adj.,"松紧带, 橡皮筋；有弹性的, 能伸缩的, 可通融的",,,六级,2
elbow,'elbəu,n./v.,"手肘, 弯头, 扶手；用手肘推开, 推挤",,,六级,1
election,i'lekʃən,n.,"选举, 当选, 选择权；选举, 当选",,,六级,1
electric,i'lektik,adj.,"电的, 导电的, 电动的；电的",,,六级,1
electrical,i'lektrikəl,adj.,"电的, 有关电的；电的",,,六级,1
electrician,.ilek'triʃən,n.,"电学家, 电气技师, 电工；电工; 电气工人",,,六级,2
electricity,.ilek'trisiti,n.,"电, 电流, 电学, 热情, 电力供应；电学; 电",,,六级,1
electrode,i'lektrəud,n.,电极；电极; 焊条; 电焊条,,,六级,2
electron,i'lektrɒn,n.,电子；电子,,,六级,1
electronic,.ilek'trɒnik,adj.,电子的；电子工业协会接口,,,六级,1
electronics,.ilek'trɒniks,n.,电子学；电子学,,,六级,1
elegant,'eligənt,adj.,"优雅的, 端庄的, 高雅的",,,六级,1
element,'elimənt,n.,"元件, 元素, 要素；部分; 成分; 单元; 码元; 元件; 元素; 单元",,,六级,1
elemental,.eli'mentəl,adj.,"元素的, 基本的",,,六级,2
elementary,.eli'mentəri,adj.,"初步的, 基本的；元素的, 基础的, 初级的",,,六级,2
elephant,'elifənt,n.,象,,,六级,1
elevate,'eliveit,v.,"举起, 提拔, 鼓舞",,,六级,2
elevation,.eli'veiʃən,n.,"海拔, 提高, 仰角；仰角",,,六级,2
elevator,'eliveitə,n.,"电梯, 升降机；提升机",,,六级,2
elicit,i'lisit,v.,"引出, 推导出, 引起",,,六级,2
eligible,'elidʒəbl,adj./n.,"有资格当选的, 合格的；有资格者, 合格者, 适任者",,,六级,1
eliminate,i'limineit,v.,"除去, 排除, 剔除, 消除",,,六级,1
elimination,i.limi'neiʃən,n.,"除去, 消除, 消灭；消去; 脱去",,,六级,2
elite,ei'li:t,n.,"精华, 精锐, 中坚分子",,,六级,1
elliptical,i'liptikəl,adj.,椭圆的；椭圆形的,,,六级,2
eloquence,'eləkwəns,n.,"口才, 雄辩术, 雄辩；善辩, 口才",,,六级,2
eloquent,'eləkwənt,adj.,"雄辩的, 有口才的, 有说服力的",,,六级,2
elsewhere,'elshwєə,adv.,在别处,,,六级,1
embark,im'bɑ:k,v.,"乘船, 着手, 从事, 上飞机；使上船, 使上飞机, 使从事",,,六级,1
embarrass,im'bærəs,v.,"使困窘, 使局促不安, 阻碍",,,六级,2
embassy,'embəsi,n.,"大使馆, 大使馆全体人员；大使馆",,,六级,1
embody,im'bɒdi,v.,"具体表达, 使具体化；合并, 具体化, 具体表现",,,六级,2
embrace,im'breis,n./v.,"拥抱；拥抱, 互相拥抱, 包含, 收买；拥抱",,,六级,1
embroidery,im'brɒidəri,n.,"刺绣品, 粉饰, 刺绣",,,六级,2
emerge,i'mə:dʒ,v.,"浮现, 形成, 出现, (事实)显露",,,六级,1
emergency,i'mə:dʒənsi,n.,"紧急状况, 紧急事件, 紧急需要；紧急情况",,,六级,1
emigrate,'emigreit,v.,"(使)移居, (使)移民",,,六级,2
emission,i'miʃən,n.,"发射, 射出, 发行；发射, 遗精",,,六级,1
emit,i'mit,v.,"发出, 放射, 发表(意见等), 散发, 发行；放射",,,六级,2
emotion,i'məuʃən,n.,"情绪, 激动, 强烈的情感；情绪, 情感",,,六级,1
emotional,i'məuʃənəl,adj.,"情绪的, 情感的；情绪的",,,六级,1
emperor,'empərə,n.,"皇帝, 君主",,,六级,1
emphasis,'emfəsis,n.,"强调, 加强, 重点, 强语气",,,六级,1
emphasize,'emfəsaiz,v.,"强调, 加强语气, 着重",,,六级,1
empire,'empaiə,n.,"帝国, 帝权",,,六级,1
empirical,em'pirikəl,adj.,"完全跟据经验的, 经验主义的；经验主义的",,,六级,1
employ,im'plɒi,n./v.,"雇用；雇用, 使用, 使从事于",,,六级,1
employee,.emplɒi'i:,n.,"职员, 员工, 受雇人员；职工; 雇员",,,六级,1
employer,im'plɒiə,n.,"雇主, 老板；雇主, 业主",,,六级,1
employment,im'plɒimənt,n.,"雇用, 职业, 工作；职业, 雇用, 职工招请",,,六级,1
enable,i'neibl,v.,"使能够；允许, 使能, 打开",,,六级,1
enchant,in'tʃænt,v.,"施魔法, 使入迷",,,六级,2
enclose,in'kləuz,v.,"围绕, 圈起, 放入封套, 附上",,,六级,1
enclosure,in'kləuʒə,n.,"附件, 围墙, 围绕；机壳; 外壳",,,六级,2
encounter,in'kauntə,n./v.,"相会, 相遇, 遭遇；遇见, 邂逅, 会战；偶然相遇",,,六级,1
encourage,in'kʌridʒ,v.,"鼓励, 支持, 激励；怂恿, 煽动, 助长",,,六级,1
endanger,in'deindʒə,v.,"危及；使危险, 危及",,,六级,2
endeavor,in'devə,n./v.,"努力, 尽力；努力, 尽力",,,六级,2
endeavour,in'devə,n./v.,"努力, 力图, 尽力；努力, 力图, 尽力",,,六级,2
ending,'endiŋ,n.,"终止, 终了, 收场；末梢",,,六级,2
endless,'endlis,adj.,"不停的, 无穷尽的, 无尽的；无端的, 环状的",,,六级,1
endow,in'dau,v.,"捐赠, 捐助, 赋予；赠送财产给, 分给寡妇一份遗产, 授与",,,六级,2
endurance,in'djuərəns,n.,"忍耐, 忍耐力, 耐性；持九性",,,六级,2
endure,in'djuə,v.,"忍受, 忍耐, 容忍, 耐；(正式)持久, 持续；仍能工作, 继续工作",,,六级,2
energetic,.enə'dʒetik,adj.,"精力充沛的, 积极的",,,六级,2
energize,'enədʒaiz,v.,"使活跃, 激励, 供给...能量；激励",,,六级,2
energy,'enədʒi,n.,"精力, 精神, 活力, 能量；能; 能量",,,六级,1
enforce,in'fɒ:s,v.,"强迫, 执行, 坚持；予以强制执行",,,六级,1
engage,in'geidʒ,v.,"答应, 从事, 交战；使忙碌, 雇佣, 预定, 使从事于, 使参加",,,六级,1
engagement,in'geidʒdmənt,n.,"诺言, 约会, 婚约, 交战；衔接",,,六级,1
engine,'endʒin,n./v.,"引擎, 发动机, 机车；安装发动机于",,,六级,1
engineer,.endʒi'niə,n./v.,"工程师, 工兵；设计, 监造, 精明地处理, 策划",,,六级,1
engineering,.endʒi'niəriŋ,n.,"工程学, 工程, 操纵；机器; 机器学",,,六级,1
enhance,in'hæns,v.,"提高, 加强, 增加",,,六级,1
enlarge,in'lɑ:dʒ,v.,"扩大, 增大；扩大, 详述",,,六级,2
enlighten,in'laitn,v.,"教育, 启发, 启蒙, 开导, 教导",,,六级,2
enormous,i'nɒ:məs,adj.,"巨大的, 庞大的",,,六级,1
enrich,in'ritʃ,v.,"使富足, 使肥沃",,,六级,2
enroll,in'rəul,v.,"登记, 使加入；参军, 注册",,,六级,2
ensue,en'su:,v.,"跟着发生, 继起；追求",,,六级,2
ensure,in'ʃuə,v.,"确定, 保证, 担保, 保护；确保, 确定",,,六级,1
entail,in'teil,v./n.,"使成为必需, 需要, 使承担, 遗传给；限定继承",,,六级,1
enterprise,'entəpraiz,n.,"企业, 事业心, 进取心, 干事业；企业",,,六级,1
entertain,.entə'tein,v.,"娱乐, 招待, 怀抱；款待",,,六级,1
entertainment,.entə'teinmənt,n.,"娱乐, 款待, 娱乐表演",,,六级,1
enthusiasm,in'θju:ziæzəm,n.,"巨大的热情, 热心",,,六级,1
enthusiastic,in.θju:zi'æstik,adj.,"狂热的, 热心的, 热烈的",,,六级,1
entire,in'taiə,n./adj.,"整个, 全部；全体的, 完全的, 全部的",,,六级,1
entitle,in'taitl,v.,"给...权利, 取名为, 给予名称, 叫做；给...权利, 使有资格, 称呼",,,六级,1
entity,'entiti,n.,"实体, 实存物, 存在；实体",,,六级,1
entrance,'entrəns,n./v.,"入口, 进入点, 入场, 入学, 进入, 开始(阶段), 就任；使出神, 使入迷；入口",,,六级,1
entreat,in'tri:t,v.,"恳求, 乞求",,,六级,2
entrepreneur,.ɒntrəprə'nə:,n.,"企业家, 主办人；承包商, 企业家",,,六级,2
entry,'entri,n.,"登录, 条目, 进入, 入口, 报关；登录项, 输入项, 条目",,,六级,1
envelope,'envələup,n.,"信封, 封套, 封袋；膜, 包袋",,,六级,1
envious,'enviəs,adj.,"嫉妒的, 羡慕的",,,六级,2
environment,in'vairənmənt,n.,"环境, 外界, 围绕；环境",,,六级,1
environmental,in.vaiərən'mentəl,adj.,"周围的, 环境的；环境的, 环保的",,,六级,1
envisage,in'vizidʒ,v.,"面对, 正视, 想象",,,六级,1
envy,'envi,n./v.,"羡慕, 嫉妒；羡慕, 嫉妒",,,六级,2
epidemic,.epi'demik,n./adj.,"传染病, 流行病；流行的, 传染性的",,,六级,2
episode,'episəud,n.,"插曲, 插话, 有趣的事件, 一段情节；插话, 插曲, 发作",,,六级,1
epoch,'i:pɒk,n.,"新纪元, 时代, 时期",,,六级,2
equal,'i:kwəl,n./adj./v.,"对手, 匹敌, 同辈；相等的, 平等的, 胜任的, 合适的, 平静的, 不相上下的；等于, 比得上；等长度编码",,,六级,1
equality,i:'kwɒliti,n.,"平等, 均匀, 相等；同等, 平等, 相等",,,六级,1
equate,i'kweit,v.,"使相等, 视为平等；等同",,,六级,2
equation,i'kweiʃən,n.,"相等, 等式, 平衡；方程式; 等式; 反应式; 公式",,,六级,1
equator,i'kweitə,n.,"赤道；赤道, 中纬线",,,六级,2
equilibrium,.i:kwi'libriəm,n.,"平衡, 平静, 均衡；平衡",,,六级,1
equip,i'kwip,v.,"装备, 配备；设备, 装置",,,六级,1
equipe,e'kɪp,n.,<法>运动队（或比赛队）及其装备,,,六级,3
equipment,i'kwipmənt,n.,"装备, 设备, 才能；设备; 装备; 装置",,,六级,1
equivalent,i'kwivələnt,n./adj.,"同等物, 等价物, 相等物；相等的, 相当的, 同意义的；等价的",,,六级,1
era,'iərə,n.,"时代, 纪元, 时期",,,六级,1
eradicate,i'rædikeit,v.,"根除, 扑灭, 根绝, 消灭",,,六级,2
erect,i'rekt,adj./v.,"直立的, 竖立的, 笔直的；使竖立, 使直立, 树立, 建立；勃起",,,六级,1
erosion,i'rəuʒən,n.,"腐蚀, 冲蚀, 侵蚀；磨耗; 侵蚀",,,六级,1
errand,'erənd,n.,"任务, 差使, 使命",,,六级,2
erroneous,i'rəuniəs,adj.,"错误的, 不正确的；错误的, 不正确的",,,六级,2
error,'erə,n.,"错误, 过失, 失误, 误差；错误",,,六级,1
erupt,i'rʌpt,v.,爆发；喷出,,,六级,2
eruption,i'rʌpʃən,n.,"爆发, 喷出物, 出疹；喷发",,,六级,2
escape,i'skeip,n./v.,"逃亡, 避难设备, 逃跑；逃脱, 避开, 溜走；逃避, 避免, 被...忘掉",,,六级,1
escort,'eskɒ:t,n./v.,"护送者, 护卫者, 护航舰；护卫, 护送",,,六级,2
especially,i'speʃəli,adv.,"尤其, 特别, 格外",,,六级,1
essay,'esei. e'sei,n./v.,"随笔, 短文, 评论, 企图；试图",,,六级,1
essence,'esns,n.,"实质, 本质, 香精；香精",,,六级,1
essential,i'senʃəl,n./adj.,"要素, 要点, 本质；必要的, 重要的, 本质的；本质冒险",,,六级,1
establish,i'stæbliʃ,v.,"建立, 确立, 制定；移植生长",,,六级,1
establishment,i'stæbliʃmənt,n.,"确立, 制定, 设施；企业, 公司, 商店",,,六级,1
estate,i'steit,n.,"不动产, (人生的)阶段, 阶层, 财产；房地产, 遗产, 财产",,,六级,1
esthetic,es'θetik,adj.,审美的；感觉的,,,六级,2
estimate,'estimeit,n./v.,"估计, 判断；估计, 评价, 判断；估计",,,六级,1
eternal,i'tə:nl,adj.,"永恒的, 永远的, 不灭的",,,六级,2
ethical,'eθikəl,adj.,"伦理的, 民族的, 民族特有的；伦理的, 道德的",,,六级,2
ethics,'eθiks,n.,道德规范；伦理学,,,六级,2
ethnic,'eθnik,adj.,"人种的, 种族的；人种的",,,六级,1
evacuate,i'vækjueit,v.,"疏散, 撤出, 排泄",,,六级,2
evaluate,i'væljueit,v.,"评估, 评价, 赋值",,,六级,1
evaluation,i.vælju'eiʃən,n.,"评估, 估价, 求值；鉴定; 评价; 求值",,,六级,1
evaporate,i'væpəreit,v.,"蒸发, 失去水分, 消失；使蒸发, 使脱水, 使消失",,,六级,2
evaporation,i.væpə'reiʃən,n.,"蒸发, 脱水, 消失；蒸发",,,六级,2
evenly,'i:vənli,adv.,"平衡地, 平坦地, 平等地",,,六级,2
eventually,i'ventʃuəli,adv.,"最后, 终于",,,六级,1
everlasting,.evə'læstiŋ,adj./n.,"永恒的, 持久的；上帝, 神",,,六级,2
evidence,'evidəns,n.,"根据, 证据, 迹象；证据, 凭证",,,六级,1
evident,'evidənt,adj.,"显然的, 明显的",,,六级,1
evil,'i:vl,n./adj.,"邪恶, 不幸, 罪恶；邪恶的, 不幸的, 有害的, 讨厌的",,,六级,1
evoke,i'vəuk,v.,"唤起, 引起, 召(魂)；提审, 移送",,,六级,2
evolution,.i:və'lu:ʃən,n.,"进化, 发展, 进展, (气体)放出, 开方；进化, 演化, 旋出",,,六级,1
evolutionary,",i:və'lu:ʃənəri",adj.,"展开的, 进化论的, 进化的, 发展的；进化的, 改良的, 发展的",,,六级,2
evolve,i'vɒlv,v.,"进展, 进化, 展开；使发展, 使推断出, 使进化",,,六级,1
exaggerate,ig'zædʒəreit,v.,"夸大, 夸张",,,六级,2
examination,ig.zæmi'neiʃən,n.,"考试, 测验, 审查；检查, 诊察",,,六级,1
examine,ig'zæmin,v.,"检查, 调查, 考试",,,六级,1
exceed,ik'si:d,v.,"超过, 超越, 胜过；超过其他",,,六级,1
exceedingly,ik'si:diŋli,adv.,"极端地, 极度地, 非常",,,六级,2
excel,ik'sel,v.,"胜过, 优于, 擅长；胜过其他",,,六级,2
excellent,'ekslənt,adj.,"优良的, 杰出的, 出色的",,,六级,1
exception,ik'sepʃən,n.,"例外, 除外, 异议；例外; 异常",,,六级,1
exceptional,ik'sepʃənəl,adj.,"例外的, 异常的, 特别的",,,六级,1
excess,ik'ses,n./adj.,"过度, 剩于, 超过, 超额；过量的, 额外的",,,六级,1
excessive,ik'sesiv,adj.,"过度的, 过多的, 极端的；过度的, 过分的, 额外的",,,六级,1
excessively,ik'sesivli,adv.,"过多, 极度, 过度, 过分",,,六级,2
exchange,iks'tʃeindʒ,n./v.,"交换, (电话)交换局, 交换机, 汇兑, 交易所；交换, 交易, 兑换；交换; 电话局",,,六级,1
excite,ik'sait,v.,"刺激, 使兴奋, 激励",,,六级,2
exciting,ik'saitiŋ,adj.,"令人兴奋的, 刺激的；激磁",,,六级,1
exclaim,iks'kleim,v.,"大叫, 呼喊, 大声叫",,,六级,2
exclamation,.eksklə'meiʃən,n.,"惊呼, 激烈言词, 惊叹词",,,六级,2
exclude,iks'klu:d,v.,"除外, 排除, 排斥；除外(诊断)",,,六级,1
exclusive,ik'sklu:siv,adj.,"排外的, 独占的, 唯一的；独占的",,,六级,1
exclusively,ik'sklu:sivli,adv.,"排他地, 仅仅, 专门, 只, 仅, 唯一地, 专有地",,,六级,1
excrete,ek'skri:t,v.,"排泄, 分泌；排泄, 分泌",,,六级,2
excursion,ik'skə:ʒən,n.,"远足, 游览圆, 短程旅行；移动, 离轨, 逸出",,,六级,2
execute,'eksikju:t,v.,"执行, 实行, 完成, 处死, 制成；执行",,,六级,1
execution,.eksi'kju:ʃən,n.,"实行, 完成, 执行, 死刑；执行",,,六级,1
executive,ig'zekjutiv,n./adj.,"执行部门, 执行委员会, 执行者, 经理主管人员；执行的, 善于执行的, 善于经营的；执行程序",,,六级,1
exemplify,ig'zemplifai,v.,"例证, 例示；制作经公章证明的誊本, 例证",,,六级,2
exempt,ig'zempt,n./adj./v.,"免税者, 被免除义务者；免除的；使免除, 豁免",,,六级,2
exert,ig'zə:t,v.,"发挥, 运用, 施以影响；施加, 产生, 行使",,,六级,2
exhaust,ig'zɒ:st,n./v.,"排气, 排气装置, 废气；抽完, 用尽, 耗尽, 使精疲力尽；排气",,,六级,1
exhibit,ig'zibit,n./v.,"显示, 显现, 展览品, 陈列品, 展览；展现, 陈列, 展览；开展览会",,,六级,1
exhibition,.eksi'biʃən,n.,"表现, 展览会, 展览品；投药, 展览, 展出",,,六级,1
exile,'eksail,n./v.,"放逐, 流放, 被放逐者；放逐, 流放, 使背井离乡",,,六级,2
exist,ig'zist,v.,"存在, 生存, 发生",,,六级,1
existence,ig'zistəns,n.,"存在, 生存；存在, 存在状态, 实体",,,六级,1
exit,'eksit,n./v.,"出口, 退场, 离去, 去世；退出, 脱离, 去世；退出; DOS内部命令:本命令用于退出当前的命令处理器(COMMAND.COM)；恢复前一个命令处理器",,,六级,1
exotic,ig'zɒtik,adj./n.,"异国的, 外来的；外来人, 外来物, 舶来品",,,六级,2
expand,ik'spænd,v.,"使膨胀, 详述, 扩张；张开, 发展；展开；展开；展开; DOS外部命令:将原始DOS磁盘上的压缩文件解压缩并拷贝到硬盘上",,,六级,1
expansion,ik'spænʃən,n.,"扩充, 开展, 膨胀；扩展",,,六级,1
expectation,.ekspek'teiʃən,n.,"期待, 指望, 展望；期望值",,,六级,1
expedition,.ekspi'diʃən,n.,"远征, 探险队, 迅速",,,六级,1
expel,ik'spel,v.,"驱逐, 逐出, 排出, 开除；排除, 迫出",,,六级,2
expenditure,ik'spenditʃə,n.,"开支, 费用, 用光, 消费额；支出, 费用, 消费",,,六级,1
experience,ik'spiəriəns,n./v.,"经历, 经验, 体验；经历, 经验, 体验",,,六级,1
experiment,ik'sperimənt,n./v.,"实验, 试验, 实验仪器；实验, 尝试",,,六级,1
experimental,ik.speri'mentəl,adj.,"实验的, 根据实验的；实验的",,,六级,1
experimentally,ik.speri'mentli,adv.,"实验式地, 在实验上",,,六级,2
experimentation,"eks,perimen'teiʃən",n.,"实验, 试验, 实验法；实验; 实验过程",,,六级,2
expertise,.ekspə:'ti:z,n.,"专家意见, 专门技术；专门知识, 专家意见",,,六级,1
expire,ik'spaiə,v.,"期满, 呼气, 断气；呼出",,,六级,2
explain,ik'splein,v.,"解释, 说明",,,六级,1
explanation,.eksplə'neiʃən,n.,"解释, 说明, 辩解, 表明；解释, 注释, 说明",,,六级,1
explicit,ik'splisit,adj.,"详述的, 清楚的, 直言的",,,六级,1
explode,ik'spləud,v.,"爆炸, 爆发, 激增；使爆炸",,,六级,1
exploit,'eksplɒit,n./v.,"功绩, 勋绩；开发, 利用, 开拓, 剥削",,,六级,1
exploitation,.eksplɒi'teiʃən,n.,"开发, 开采, 剥削；开发, 剥削, 宜传",,,六级,1
exploration,.eksplə'reiʃən,n.,"探险, 踏勘, 探测；探察",,,六级,1
explore,ik'splɒ:,v.,"探险, 探测, 探究",,,六级,1
explosion,ik'spləuʒən,n.,"爆发, 激增, 爆炸(声)；爆炸",,,六级,1
explosive,ik'spləusiv,n./adj.,"炸药, 爆破音；易爆发的, 爆炸的, 暴躁的",,,六级,2
expose,ik'spəuz,v.,"使暴露, 使曝光, 揭穿, 陈列；暴露, 露置",,,六级,1
exposition,.ekspə'ziʃən,n.,"阐述, 讲解, 说明, 博览会, 展览会；展览会, 集市, 义卖市场",,,六级,2
exposure,ik'spəuʒə,n.,"暴露, 揭发, 揭露；曝光量; 照射; 照射量",,,六级,1
express,ik'spres,n./adj./v.,"快车, 快递, 专使；明确的, 丝毫不差的, 专门的, 快的；表达, 表示, 表露",,,六级,1
expression,ik'spreʃən,n.,"表达, 表现, 词语, 措辞；表达式",,,六级,1
exquisite,'ekskwizit,adj.,"精致的, 细腻的, 敏锐的",,,六级,2
extend,ik'stend,v.,"扩充, 延伸, 伸展, 扩大；扩展",,,六级,1
extension,ik'stenʃən,n./adj.,"延长, 扩充, 范围, 扩展名；伸缩的；扩展名, 扩充名",,,六级,1
extensive,ik'stensiv,adj.,"广的, 广泛的, 多方面的；广大的, 扩大的",,,六级,1
extent,ik'stent,n.,"范围, 程度, 区域；范围",,,六级,1
exterior,ik'stiəriə,n./adj.,"外部, 表面, 外貌；外部的, 外在的, 表面的",,,六级,2
external,ik'stə:nl,n./adj.,"外部, 外面；外部的, 客观的, 表面的",,,六级,1
extinct,ik'stiŋkt,adj.,"熄灭的, 灭绝的, 耗尽的；消灭了的, 过时的, 无效的",,,六级,2
extinction,ik'stiŋkʃən,n.,"消失, 消灭, 废止；消光; 熄灭",,,六级,2
extinguish,ik'stiŋgwiʃ,v.,"熄灭, 使消亡, 压制, 使减色；消灭",,,六级,2
extra,'ekstrə,n./adj./adv.,"额外的事物, 另外的收费；额外的, 特别的；额外地, 特别地, 非常地",,,六级,1
extract,ik'strækt,n./v.,"榨出物, 精汁, 摘录, 选段；(费力地)取出, 采掘, 榨取, 摘录, 吸取；提取",,,六级,1
extraction,ik'strækʃən,n.,"抽出, 取出, 拔出术, 抽出物；萃取; 提取",,,六级,2
extracurricular,.ekstrəkə'rikjulə,adj.,"课外的, 业余的",,,六级,2
extraordinarily,ik'strɔ:dθnərili,adv.,"非凡, 破例, 特别, 非常, 离奇, 使人惊奇, 惊人, 特命, 特派",,,六级,2
extraordinary,ik'strɒ:dənəri,adj.,"非常的, 特别的, 非凡的；非常的, 特别的, 临时的",,,六级,1
extravagant,ik'strævgənt,adj.,"奢侈的, 挥霍无度的, 浪费的",,,六级,2
extreme,ik'stri:m,n./adj.,"极端, 末端；极端的, 尽头的, 极度的, 偏激的",,,六级,1
extremely,ik'stri:mli,adv.,"极端地, 非常地",,,六级,1
eyesight,'aisait,n.,"视力, 目力",,,六级,2
fable,'feibl,n./v.,"寓言, 神话, 谎言；虚构, 作寓言",,,六级,2
fabric,'fæbrik,n.,"织物, 布, 结构, 构造, 建筑物；组织, 建筑物, 工厂",,,六级,1
fabricate,'fæbrikeit,v.,"制造, 建造, 装配, 伪造",,,六级,2
fabrication,.fæbri'keiʃən,n.,"制造, 建造, 虚构的谎言；虚谈症",,,六级,2
facet,'fæsit,n.,"(多面体的)面, 方面, 琢面；小平面, 小面",,,六级,2
facilitate,fə'siliteit,v.,"使容易, 促进, 帮助；使容易, 使便利, 推进",,,六级,1
facility,fə'siliti,n.,"容易, 灵巧, 设备；设施; 设备; 装备",,,六级,1
faction,'fækʃən,n.,"小派系, 内讧；宗派, 派别, 小集团",,,六级,1
faculty,'fækəlti,n.,"才能, 能力, 全体教员, (大学的)系；能力, [大学]院系",,,六级,1
fade,feid,v./n./adj.,"褪色, 消失, 凋谢；使褪色；淡入, 淡出；平淡的",,,六级,1
fahrenheit,'færənhait,adj./n.,华氏温度计的；华氏温度计,,,六级,2
faint,feint,n./adj./v.,"昏厥, 昏倒；模糊的, 微弱的, 无力的；昏倒, 变得微弱",,,六级,1
fair,fєə,n./adj./adv./v.,"展览会, 市集, 美好的事物；公平的, 按规则进行的, 不好不坏的, 晴朗的, 美丽的；公平地, 正面地, 有教养地, 清楚地；转晴",,,六级,1
fairly,'fєəli,adv.,"美观地, 公平地, 相当地, 清楚地",,,六级,1
faith,feiθ,n.,"信心, 信任, 忠实, 保证；信任, 信仰, 信念",,,六级,1
faithful,'feiθful,adj./n.,"忠实的, 详确的, 可靠的；信徒",,,六级,2
fake,feik,n./adj./v.,"假货, 欺骗, 诡计；假的；假造, 仿造；伪装",,,六级,2
false,fɒ:ls,adj./adv.,"错误的, 虚伪的, 假的, 不老实的；不准确地, 欺诈地",,,六级,1
fame,feim,n.,"名望, 名声, 传说",,,六级,2
familiar,fə'miljə,adj./n.,"熟悉的, 常见的, 亲密的；熟友, 常客",,,六级,1
famine,'fæmin,n.,"饥荒, 缺乏, 饥饿",,,六级,2
fan,fæn,n./v.,"风扇, 迷, 狂热者, 爱好者；煽动, 刺激, 吹拂；飘动, 成扇形散开",,,六级,1
fancy,'fænsi,n./adj./v.,"想象力, 幻想, 喜好；想象的, 精美的, 新奇的, 奇特的, 高价的, 特级的；想象, 设想, 相信, 喜爱；想象, 幻想",,,六级,1
fantastic,fæn'tæstik,adj.,"奇妙的, 稀奇的, 空想的",,,六级,1
fare,fєə,n./v.,"费用, 旅客, 食物；进展, 进步, 经营, 过活",,,六级,1
farewell,'fєə'wel,n./int.,"辞别, 再见, 再会；再会",,,六级,2
farmer,'fɑ:mə,n.,"农夫, 农场主；农民, 农场主, 承包者",,,六级,1
farther,'fɑ:ðə,adj./adv.,"更远的, 进一步的；更远的, 此外, far的比较级",,,六级,2
fascinate,'fæsineit,v.,"令人入神, 使着迷；入迷",,,六级,2
fascinating,'fæsineitiŋ,adj.,"迷人的, 吸引人的, 使人神魂颠倒的",,,六级,1
fashion,'fæʃən,n./v.,"流行, 风尚, 时样；形成, 造, 作",,,六级,1
fashionable,'fæʃənəbl,adj.,"时髦的, 上流社会的, 流行的",,,六级,1
fasten,'fɑ:sən,v.,"拴紧, 使固定, 系, 集中于, 强加于；扣紧",,,六级,2
fastener,'fɑ:sənə,n.,"结扎工, 使系牢之物；紧固零件",,,六级,2
fatal,'feitəl,adj.,"致命的, 重大的, 命运注定的, 粗心的, 不幸的；致命的, 致死的",,,六级,1
fate,feit,n./v.,"命运, 运气；注定",,,六级,1
fatigue,fə'ti:g,n./v./adj.,"疲乏, 疲劳；使疲劳, 使心智衰弱；疲劳；疲劳的",,,六级,2
faultless,'fɒ:ltlis,adj.,"完美的, 无缺点的；无故障的",,,六级,2
faulty,'fɒ:lti,adj.,"有过失的, 有缺点的, 不完美的, 应受责备的；缺点多的",,,六级,2
favour,'feivə,n./v.,"好感, 偏爱, 喜爱, 相信, 庇护, 赞同, 支持, 信赖, 善行, 恩惠, 徽章, 礼物；赞成, 帮助, 支持, 喜爱, 偏袒, 关切, 赐与, 给与, 有利于, 有助于, 像, 体恤",,,六级,1
favourable,'feivərəbl,adj.,"有用的, 良好的, 赞成的, 顺利的；良好的, 顺利的",,,六级,1
fear,fiə,n./v.,"恐怖, 害怕, 担心；害怕, 恐惧, 为...担心, 敬畏",,,六级,1
fearful,'fiəful,adj.,"可怕的, 恐怕的, 担心的",,,六级,2
fearless,'fiəlis,adj.,"大胆的, 勇敢的, 无畏的",,,六级,2
feasible,'fi:zəbl,adj.,"能实行的, 可行的, 适宜的；可行的, 可执行的, 可完成的",,,六级,2
feast,fi:st,n./v.,"宴会, 酒席, 享受, 节日；款待, 享乐, 请客；参加宴会, 尽情地吃, 享受",,,六级,2
feather,'feðə,n./v.,羽毛；长羽毛；用羽毛装饰,,,六级,1
feature,'fi:tʃə,n./v.,"面孔的一部分(如眼、口等), 特征, 容貌, 特色, 特写；是...的特色, 特写, 放映；起重要作用；特性",,,六级,1
federal,'fedərəl,adj.,"联邦的, 联合的, 同盟的；联邦的, 联邦制的, 联盟的",,,六级,1
feeble,fi:bl,adj.,"微弱的, 衰弱的, 无效的；无力的, 衰弱的",,,六级,2
feed,fi:d,n./v.,"饲料, 一餐, 饲养；喂, 饲养, 放牧, 靠...为生；吃东西, 用餐, 流入；送纸",,,六级,1
feedback,'fi:dbæk,n.,"反馈, 反应；反馈",,,六级,1
fell,fel,v./n./adj.,"击倒；一季所伐的木材, 折缝；凶猛的, 可怕的；fall的过去式",,,六级,2
fellow,'feləu,n./adj.,"男人, 朋友, 同事；同伴的, 同事的, 同道的",,,六级,1
fellowship,'feləuʃip,n.,"伙伴关系, 共同参与, 团体, 奖学金, 友谊；合伙关系, 研究员薪金, 研究员基金",,,六级,2
female,'fi:meil,n./adj.,"女性, 女人, 雌性动物；女性的, 女子的",,,六级,1
feminine,'feminin,adj.,"女性的, 阴性的, 柔弱的；女性的, 雌性的",,,六级,2
fence,fens,n./v.,"围墙, 栅栏, 买卖赃物的人, 剑术；用篱笆围住, 练习剑术, 防护；击剑, 搪塞",,,六级,1
ferrous,'ferəs,adj.,"铁的, 含铁的, 亚铁的；亚铁的",,,六级,2
ferry,'feri,n.,"渡船, 渡口；摆渡营业权, 轮渡",,,六级,1
fertile,'fə:tail,adj.,"可繁殖的, 肥沃的, 生产多的；能生育的",,,六级,2
fertilizer,'fə:tilaizə,n.,"肥料, 促进发展者, 受精媒介物；肥料",,,六级,2
festival,'festəvəl,adj./n.,"节日的, 喜庆的, 快乐的；节日, 庆祝, 欢宴",,,六级,1
fetch,fetʃ,n./v.,"取得, 拿, 诡计, 魂；接来, 取来, 售得, 带来, 推出, 引出, 杀死, 吸引, 到达；取物, 前进；取",,,六级,1
fever,'fi:və,n.,"发烧, 发热, 热病；发热, 热",,,六级,2
fiber,'faibə,n.,"纤维, 构造, 纤维制品；纤维",,,六级,2
fibre,'faibə,n.,"纤维, 构造, 纤维制品；纤维",,,六级,1
fiction,'fikʃən,n.,"小说, 虚构故事；虚构的事实, 捏造, 拟制",,,六级,1
fierce,fiəs,adj.,"凶猛的, 猛烈的, 热烈的, 暴躁的",,,六级,1
fight,fait,n./v.,"打架, 争吵, 斗志；对抗, 打架",,,六级,1
fighter,'faitə,n.,"斗士, 战士, 好战者, 战斗机",,,六级,1
figure,'figə,n./v.,"数字, 价格, 图形, 形状；描绘, 表示, 演算, 认为；计算, 出现, 估计",,,六级,1
filament,'filəmənt,n.,"细丝, 细线, 灯丝, 单纤维；长丝; 单丝(复丝中的单根细丝); 丝极",,,六级,2
filter,'filtə,n./v.,"滤波器, 过滤器, 滤光器, 过滤嘴, 去尘器；过滤, 渗透, 走漏；滤过, 渗入；过滤器, 筛选",,,六级,1
filth,filθ,n.,"污秽, 不洁, 猥亵；污秽, 污物, 淫猥",,,六级,2
finance,fai'næns,n./v.,"财政, 财务；供给...经费, 负担经费；筹措资金",,,六级,1
financial,fai'nænʃəl,adj.,"财政的, 金融的；财政的, 金融的, 财务的",,,六级,1
finding,'faindiŋ,n.,"发现, 发现物, 决定, 裁决；调查结果, 对事实的认定, 判定的要素",,,六级,1
finely,'fainli,adv.,"雅致地, 仔细地, 敏锐地, 微细地",,,六级,2
finger,'fiŋgə,n./v.,"手指, 指状物, (手套的)手指部分, 指针；用手指拨弄, 伸出；网络命令",,,六级,1
finite,'fainait,adj./n.,"有限的, 有穷的, 限定的；有限物",,,六级,2
fireman,'faiəmən,n.,"救火队员, 消防队员；司炉",,,六级,2
fireplace,'faiəpleis,n.,壁炉,,,六级,2
firework,,n.,"烟火具, 烟火, 烟火信号弹, 焰火, 激情的表现",,,六级,2
firm,fə:m,n./adj./v./adv.,"公司, 商号；坚定的, 坚强的, 牢固的, 结实的, 坚硬的, 坚挺的, 严格的, 确定的；使牢固, 使坚定；变稳固, 变坚实；稳固地",,,六级,1
firmness,'fə:mnis,n.,"坚固, 坚牢, 坚定",,,六级,2
fisherman,'fiʃəmən,n.,"渔夫, 钓鱼者, 渔船",,,六级,2
fission,'fiʃən,n.,"裂开, 分裂, 分体；裂变",,,六级,2
fist,fist,n./v.,"拳头, 手；拳打, 握成拳, 紧握",,,六级,1
fitness,'fitnis,n.,"适合, 合宜, 合理, 恰当, 健康；适合性, 适应性",,,六级,1
fitting,'fitiŋ,adj./n.,"适宜的；试穿, 试衣, 装配, 装置",,,六级,1
fix,fiks,v./n.,"使固定, 修理, 准备, 安装, 凝视, 牢记, 确定, 整理；固定, 注视, 确定；困境, 方位, 维修, 贿赂",,,六级,1
fixture,'fikstʃə,n.,"固定(状态), 固定物, 设备；夹具",,,六级,2
flag,flæg,n./v.,"标志, 旗标, 旗子, 信号旗, 菖蒲；悬旗, 打旗号, 铺石板；无力地下垂；标志; 属性标记命令",,,六级,1
flake,fleik,n./v.,"小薄片, 扁薄的一层, 火星, 晒鱼架子；使成薄片；剥落",,,六级,2
flame,fleim,n./v.,"火焰, 火舌, 热情, 光辉；焚烧, 用火焰给...灭菌, 用火焰传送(信号), 点燃, 激动；燃烧, 爆发, 闪耀；无聊邮件, 无益邮件",,,六级,1
flank,flæŋk,n./v.,"侧面, 侧腹, 胁, 腰窝肉；攻击侧面, 守侧面；侧面与...相接",,,六级,2
flannel,'flænl,n.,"法兰绒, 法兰绒衣服",,,六级,2
flap,flæp,n./v.,"飘, 摆动, 拍打, 拍打声, 片状垂悬物；拍打, 鼓翼而飞, 飘动",,,六级,2
flare,'flєə,n./v.,"闪光, 闪耀；闪光, 闪耀；用发光信号发出, 使闪耀, 使张开",,,六级,2
flash,flæʃ,n./v.,"闪光, 闪现, 一瞬间；闪光, 闪现, 反射；使闪光, 反射",,,六级,1
flask,flæsk,n.,"细颈瓶, 烧瓶, 小水瓶；瓶; 烧瓶",,,六级,2
flat,flæt,adj./adv./n./v.,"平坦的, 单调的, 无力的, 浅的, 萧条的, 干脆的, 无聊的；平直地, 断然地；扁平物, 平面, 平地, 平原, 平板车；(使)变平",,,六级,1
flatten,'flætn,v.,"使...不活跃, 变平；弄平, 打倒, 使失去光泽",,,六级,2
flatter,'flætə,v.,"奉承, 阿谀, 使高兴；平面锤",,,六级,2
flavour,'fleivə,n./v.,"味, 调味香料, 滋味, 香味, 气味, 风味, 情味, 情趣, 风韵；给...调味, 给...增添风趣, 加香料, 加味于",,,六级,1
flaw,flɒ:,n.,"缺点, 裂纹, 瑕疵, 一阵狂风；划痕; 裂缝; 裂纹",,,六级,2
flee,fli:,v.,"逃避, 逃跑, 逃走；逃, 消失",,,六级,1
fleet,fli:t,n./adj./adv./v.,"舰队, 港湾, 小河；快速的, 敏捷的, 浅的, 短暂的；浅；疾驰, 飞逝, 掠过；消磨, 变换船(或船员)的位置",,,六级,1
flexible,'fleksəbl,adj.,"易曲的, 灵活的, 柔顺的, 能变形的, 可通融的；能屈的",,,六级,1
fling,fliŋ,n./v.,"投掷, 急冲, 嘲弄；投, 丢下, 抛弃, 使陷入, 挥动, 嘲笑, 扫视；猛冲",,,六级,1
float,fləut,n./v.,"漂流物, 浮舟, 漂浮, 浮萍, 彩车；浮动, 飘动, 散播, 摇摆, 动摇, 浮动；使漂浮, 容纳, 淹没, 发行, 实行；浮动",,,六级,1
flock,flɒk,n./v.,"兽群, 鸟群, 一群人, 大量, 棉束；成群而行, 聚集；用棉束填满",,,六级,2
flood,flʌd,n./v.,"洪水, 大量之水, 涨潮；淹没, 使泛滥, 注满；被淹, 溢出, 涌进",,,六级,1
flour,'flauə,n.,"面粉, 粉沫, 碎粉；面粉, 麦粉",,,六级,2
flourish,'flʌriʃ,v./n.,"繁荣, 茂盛, 活跃, 手舞足蹈；挥舞, 夸耀；挥舞, 炫耀, 茂盛, 兴旺, 华丽词藻",,,六级,2
flu,flu:,n.,"流感, 流行性感冒",,,六级,2
fluctuate,'flʌktʃueit,v.,"变动, 起伏, 动摇；使波动, 使动摇",,,六级,2
fluctuation,.flʌktʃu'eiʃən,n.,"变动, 波动, 动摇；涨落; 起伏; 波动; 脉动",,,六级,2
fluent,'flu:ənt,adj.,"流利的, 流畅的",,,六级,2
fluid,'flu:id,n./adj.,"液体, 分泌液, 流体；流动的, 可改变的",,,六级,1
fluorescent,.fluə'resənt,n./adj.,荧光；荧光的,,,六级,2
flush,flʌʃ,n./adj./adv./v.,"流溢, 面红, 旺盛, 发烧, 惊飞的鸟, 同花牌；丰足的, 齐平的, 满盈的, 泛滥的；齐平地, 直接地；脸发红, 奔涌, 旺盛, 惊飞；淹没, 冲洗, 使脸红, 使激动, 使齐平, 使惊飞",,,六级,2
flutter,'flʌtə,n./v.,"摆动, 鼓翼, 烦扰；摆动, 鼓翼, 烦扰；拍(翅), 使焦急；颤动",,,六级,2
flux,flʌks,n./v.,"流出, 涨潮, 变迁；熔化, 流出；使熔融；助焊剂",,,六级,2
foam,fəum,n./v.,"泡沫, 水沫, 泡沫材料；起泡沫, 吐白沫；使起泡沫",,,六级,2
focus,'fəukəs,n./v.,"焦点, 焦距；聚焦, 注视；使聚焦, 调焦, 集中；焦点",,,六级,1
fog,fɒg,n./v.,"雾, 迷惑, (割后的)最生草, 苔藓；被雾笼罩, 变模糊；使困惑, 以雾笼罩",,,六级,2
foil,fɒil,n./v.,"箔, 烘托, 衬托；贴箔于, 衬托, 阻止, 挡开, 挫败",,,六级,2
fold,fəuld,n./v.,"折层, 折, 羊栏, 折痕, 信徒；折叠, 包, 合拢, 交迭；折叠起来, 彻底失败；折叠; 合并",,,六级,1
folk,fəuk,n./adj.,"人们, 家人, 亲属, 民族；民间的",,,六级,1
follow,'fɒləu,v./n.,"跟随, 沿行, 遵循, 追求；跟随, 接着；跟随, 追随",,,六级,1
follower,'fɒləuə,n.,"从者, 属下, 追补者；随动机",,,六级,2
following,'fɒləuiŋ,n./adj.,"下列各项, 部下, 追随者；下列的, 其次的",,,六级,1
fond,fɒnd,adj.,"喜欢的, 宠爱的, 温柔的",,,六级,1
footpath,'futpæθ,n.,"步道, 人行道, 小路",,,六级,2
footstep,'futstep,n.,"脚步, 脚步声, 足迹",,,六级,2
forbid,fə'bid,v.,"禁止, 不准, 妨碍；不许, 禁止, 阻止",,,六级,1
force,fɒ:s,n./v.,"力量, 武力, 势力, 影响力, 军队, 力, 效力；强迫, 强夺, 推动, 提高；人工转移; 强制",,,六级,1
fore,fɒ:,adj./adv./prep.,"在前的, 以前的；在前面, 在船头；在...前",,,六级,2
forecast,'fɒ:kɑ:st,n./v.,"预想, 预测, 预报；预想, 预测, 预报；趋势预测",,,六级,1
forehead,'fɒ:rid,n.,"额, 前额, 前部；额",,,六级,1
foreigner,'fɒ:rinə,n.,"外国人, 外地人；外国人, 进口货, 外国货",,,六级,1
foremost,'fəuməust,adj./adv.,"最初的, 最重要的；在最前",,,六级,2
foresee,fɒ:'si:,v.,"预见, 预知",,,六级,2
forest,'fɒrist,n./v.,"森林, 林区；植树于",,,六级,1
forever,fə'revə,adv.,永远,,,六级,1
forge,fɒ:dʒ,n./v.,"熔炉, 铁工厂；打制, 锻造, 伪造；锻造, 伪造",,,六级,2
forgive,fə'giv,v.,"原谅, 宽恕, 免除；免除, 宽恕, 原谅",,,六级,1
fork,fɒ:k,n./v.,"叉子, 叉状物, 分岔；分支, 分歧；做成叉形, 叉起；派生指令",,,六级,2
formal,'fɒ:məl,adj./n.,"正式的, 形式的, 礼仪的, 拘于礼节的, 拘谨的；正式的社交活动",,,六级,1
formation,fɒ:'meiʃən,n.,"形成, 构造, 编队；形成, 结构",,,六级,1
formerly,'fɒ:məli,adv.,"从前, 以前",,,六级,1
formidable,'fɒ:midəbl,adj.,"巨大的, 优秀的, 可怕的, 艰难的",,,六级,2
formula,'fɒ:mjulə,n.,"客套语, 公式, 准则；公式",,,六级,1
formulate,'fɒ:mjuleit,v.,"用公式表示, 明确叙述, 制订；公式化, 公式表示",,,六级,1
formulation,.fɒ:mju'leiʃən,n.,"系统陈述, 公式化, 配制；表述; 数学表述; 数式化; 数学表述",,,六级,2
forsake,fə'seik,v.,"放弃, 断念, 抛弃；遗弃, 抛弃, 摒绝",,,六级,2
fort,fɒ:t,n./v.,"堡垒, 要塞, 易货站；设要塞保卫；设要塞",,,六级,2
forth,fɒ:θ,adv.,"往前, 以后, 向外",,,六级,1
forthcoming,'fɒ:θ'kʌmɑŋ,adj./n.,即将来临的；来临,,,六级,1
fortnight,'fɒ:tnait,n.,两星期,,,六级,1
fortress,'fɒ:tris,n./v.,"城堡, 要塞；筑要塞, 以要塞防守",,,六级,2
fortunate,'fɒ:tʃənit,adj.,"幸运的, 幸福的",,,六级,1
fortunately,'fɒitʃənitli,adv.,"幸运地, 幸亏",,,六级,1
fortune,'fɒ:tʃən,n.,"财富, 运气, 兴隆, 大量财产, 好运, 命运；命运, 财产, 大量财产",,,六级,1
forum,'fɒ:rəm,n.,"论坛, 公开讨论的广场, 法庭, 讨论会；讨论会, 专题讨论, 公共论坛",,,六级,1
fossil,'fɒsəl,n./adj.,"化石, 古物；化石的, 陈腐的, 守旧的",,,六级,1
foster,'fɒstə,adj./v.,"收养的, 养育的；养育, 抚育, 培养, 鼓励, 抱(希望)",,,六级,2
foul,faul,adj./v./adv./n.,"污秽的, 邪恶的, 恶臭的, 肮脏的, 恶劣的, 淤塞的；弄脏, 妨害, 污蔑, 犯规, 淤塞；腐烂, 犯规, 缠结；违反规则地, 不正当地；犯规, 缠绕",,,六级,2
found,faund,v.,"建立, 创立, 铸造；find的过去式和过去分词",,,六级,1
foundation,faun'deiʃən,n.,"基础, 根据, 建立；地基",,,六级,1
fountain,'fauntin,n.,"水源, 源, 喷泉, 泉水, 本源；泉",,,六级,2
fowl,faul,n./v.,"鸟, 飞禽, 家禽；打鸟",,,六级,2
fox,fɒks,n./v.,"狐狸, 狡猾的人；奸狡地行动, (书页)生斑, 变酸；欺骗, 使变酸, 为(鞋等)换面, 使生黄斑",,,六级,1
fraction,'frækʃən,n.,"小部分, 破片, 分数；部分, 成分, 分散",,,六级,1
fracture,'fræktʃə,n./v.,"破碎, 骨折；(使)破碎, (使)破裂",,,六级,2
fragile,'frædʒail,adj.,"易碎的, 脆的；脆弱的, 脆的",,,六级,2
fragment,'frægmənt,n.,"碎片, 破片, 片段；段落; 片段; 分段",,,六级,1
fragrant,'freigrənt,adj.,"芬香的, 馥郁的, 愉快的",,,六级,2
frail,freil,adj./n.,"脆弱的, 虚弱的, 意志薄弱的；少女, 少妇, 灯心草篓",,,六级,2
frame,freim,n./v.,"框, 结构, 体格；构成, 设计, 制定, 使适合, 陷害；框架, 图文框, 帧",,,六级,1
framework,'freimwə:k,n.,"结构, 骨架, 参照标准, 准则, 观点；构架组织",,,六级,1
france,frɑ:ns,n.,法国,,,六级,1
frank,fræŋk,adj./v./n.,"坦白的, 率直的, 老实的；免费邮寄；免费邮寄特权",,,六级,1
fraud,frɒ:d,n.,"欺骗, 欺诈, 诡计, 骗子；欺诈, 舞弊, 骗子",,,六级,1
freedom,'fri:dəm,n.,"自由, 坦率, 特权；自由, 自主, 免除",,,六级,1
freely,'fri:li,adv.,"自由地, 随意地, 无拘束地, 直率地, 坦白地, 慷慨地, 免费地, 大量地；浮动地",,,六级,1
freeze,fri:z,v./n.,"冻结, 冷冻, 僵硬, 楞住；使结冰, 使冻住, 使呆住；结冰, 凝固；冻结",,,六级,1
freight,'freit,n./v.,"船货, 运费, 货运；装货, 使充满, 以货运运送, 租(或出租)(船等)",,,六级,2
frequency,'fri:kwənsi,n.,"频率, 频数；频率",,,六级,1
frequent,'fri:kwənt,adj./v.,"时常发生的, 频繁的, 快速的；时常来访, 常常聚集, 常与...交往",,,六级,1
frequently,'fri:kwəntli,adv.,"频繁, 经常地",,,六级,1
fresh,freʃ,adj./adv./n.,"新鲜的, 新奇的, 另外的, 淡的, 精神饱满的, 冒失的；最新地, 刚刚；开始, 泛滥",,,六级,1
freshen,'freʃn,v.,"(使)显得新鲜, (使)精神饱满, (使)减少咸味",,,六级,2
fret,fret,n./v.,"烦躁, 磨损, 焦急, 网状饰物；烦恼, 不满, 磨损；使烦恼, 腐蚀, 使磨损, 使起波纹",,,六级,2
friction,'frikʃən,n.,"摩擦, 摩擦治疗, 不和；摩擦",,,六级,2
fridge,fridʒ,n.,电冰箱,,,六级,2
fright,frait,n.,"惊骇, 吃惊；惊吓",,,六级,2
frighten,'fraitn,v.,使惊吓；惊恐,,,六级,2
frightful,'fraitful,adj.,"可怕的, 惊人的, 丑的, 非常的",,,六级,2
fringe,frindʒ,n./v./adj.,"边缘, 端, 流苏, 穗, 初步；加穗于, 加饰边于；边缘的, 附加的",,,六级,1
fro,frəu,adv.,"向那边, 向后",,,六级,2
frock,frɒk,n.,"女礼服, 连衣裙, 工装, 罩袍, 僧衣",,,六级,2
frog,frɒg,n.,"青蛙；蛙, 马蹄叉",,,六级,2
frontier,'frʌntjə,n.,"边界, 边境；国境, 边境, 边界",,,六级,1
frost,frɒst,n./v.,"霜, 冰冻, 冷漠；覆着霜, 冻结, 结霜；受冻, 起霜",,,六级,2
frown,fraun,n./v.,皱眉；皱眉头；皱眉表示,,,六级,1
fruitful,'fru:tful,adj.,"结果实的, 多实的, 产量多的",,,六级,2
frustrate,'frʌstreit,v./adj.,"挫败, 击败, 破坏；无益的, 挫败的, 挫折的",,,六级,2
fry,frai,n./v.,"油炸食物, 鱼苗；油炸, 煎",,,六级,2
fulfil,ful'fil,v.,"实践, 履行, 实行, 完成, 结束, 满足；履行(契约), 满期",,,六级,1
fulfill,ful'fil,v.,"实践, 履行, 实行, 完成, 结束, 满足；履行, 完成, 达到",,,六级,2
function,'fʌŋkʃən,n./v.,"官能, 职务, 功能, 函数；活动, 运行, 行使职责；功能, 函数",,,六级,1
fund,fʌnd,n./v.,"基金, 资金, 存款, 财源, 贮藏；提供资金, 积累",,,六级,1
fundamental,.fʌndə'mentəl,n./adj.,"基本原理, 原则, 基波；基本的, 重要的, 原音的",,,六级,1
funding,'fʌndiŋ,,债务转期,,,六级,1
funeral,'fju:nərəl,n.,"葬礼, 出殡",,,六级,1
fur,fə:,n./v.,"毛皮；以毛皮制作, 使生苔, 使生水垢；生苔, 积水垢",,,六级,2
furious,'fjuəriəs,adj.,"狂怒的, 激烈的, 吵闹的",,,六级,1
furnace,'fə:nis,n./v.,"火炉, 熔炉, 考验；在炉中烧",,,六级,2
furnish,'fə:niʃ,v.,"供给, 提供, 装设；供应; 供给; 配料",,,六级,2
furniture,'fənitʃə,n.,"家具, 帆具",,,六级,1
further,'fə:ðə,adj./v./adv.,"更远的, 此外的, 更多的；促进, 增进, 助长；更进一步地, 更远地, 此外",,,六级,1
furthermore,'fə:ðə'mɒ:,adv.,"此外, 而且",,,六级,1
fury,'fjuri,n.,"愤怒, 狂暴, 狂怒的人；狂乱, 狂暴, 狂怒",,,六级,2
fuse,fju:z,n./v.,"保险丝, 导火线；熔化, 融合",,,六级,2
fuss,fʌs,n./v.,"大惊小怪, 小题大作, 忙乱；无事自扰, 焦急, 焦燥, 忙乱；使激动, 使烦燥",,,六级,2
gain,gein,n./v.,"增益, 获得, 利润, 收获, 增加；得到, 增进, 赚到；获利, 增加；增益",,,六级,1
galaxy,'gæləksi,n.,"银河, 星系, 一群(显赫的人物)；银河系",,,六级,2
gallery,'gæləri,n.,"走廊, 最高楼座, 画廊, 收集, 图库；图库",,,六级,1
gallon,'gælən,n.,加仑；加仑,,,六级,2
gamble,'gæmbl,n./v.,"赌博, 冒险；赌博, 孤注一掷",,,六级,2
gang,gæŋ,n./v.,"队, 群, 帮；成群结队, 结成一伙；使成群结队",,,六级,1
gangster,'gæŋstə,n.,"流氓, 歹徒；暴徒, 恶棍, 打手",,,六级,2
gaol,dʒeil,n./v.,"监禁, 监狱；监禁",,,六级,2
gap,gæp,n./v.,"缝隙, 缺口, 间断, 间距, 通用汇编程序；打开缺口, 造成缝隙；豁开；通用汇编程序, 图形应用程序, 间距",,,六级,1
garage,gə'rɑ:ʒ. 'gærɑ:ʒ,n./v.,"车库, 汽车修理厂, 机库；把车送入修车场",,,六级,1
garbage,'gɑ:bidʒ,n.,"垃圾, 废物；无用信息",,,六级,2
gardener,'gɑ:dənə,n.,"园丁, 花匠, 园艺家",,,六级,1
garlic,'gɑ:lik,n.,大蒜；大蒜,,,六级,2
garment,'gɑ:mənt,n.,"衣服, 衣装, 外表",,,六级,1
gaseous,'gæsiəs,adj.,"气体的, 气态的, 无实质的；气[体]的",,,六级,2
gasoline,'gæsəli:n,n.,汽油；汽油,,,六级,2
gasp,gæsp,n./v.,"喘气；喘气, 喘息, 渴望；气喘吁吁地说",,,六级,2
gather,'gæðə,n./v.,"集合, 聚集；聚集, 集合, 渐增；使聚集, 搜集, 积聚",,,六级,1
gathering,'gæðəriŋ,n.,"聚集, 集中, 采集；富集",,,六级,1
gauge,geidʒ,n./v.,"标准度量, 计量器；精确计量, 估计；线规",,,六级,2
gay,gei,adj.,"欢快的, 艳丽的, 快乐的, 放荡的",,,六级,1
gaze,geiz,n./v.,"注视, 凝视；注视, 凝视",,,六级,1
gear,giə,n./v.,"齿轮, 工具；以齿轮连起, 开动, 使适应, 安排；连接上, 适合",,,六级,1
general,'dʒenərəl,n./adj.,"一般, 将军, 大体；全面的, 大体的, 总的, 一般的, 普遍的；常规；常规",,,六级,1
generalization,",dʒenərəlai'zeiʃən",n.,"一般化, 普遍化, 概括；推广; 普适化",,,六级,2
generalize,'dʒenərəlaiz,v.,"一般化, 概括, 推广；形成概念, 笼统讲",,,六级,2
generally,'dʒenərəli,adv.,"通常, 逐渐地, 普遍地",,,六级,1
generate,'dʒenəreit,v.,"产生, 发生, 导致；产生",,,六级,1
generation,.dʒenə'reiʃən,n.,"一代, 一世, 产生；生殖, 世代",,,六级,1
generator,'dʒenəreitə,n.,"产生器, 发电机, 生产者；发生器",,,六级,2
generosity,.dʒenə'rɒsiti,n.,"慷慨, 宽大",,,六级,2
generous,'dʒenərəs,adj.,"慷慨的, 有雅量的, 大量的, 丰富的",,,六级,1
genetics,dʒi'netiks,n.,遗传学；遗传学,,,六级,2
genius,'dʒi:njəs,n.,"天才, 天赋, 精神, 神魔；特征",,,六级,1
gentle,'dʒentl,adj.,"温和的, 文雅的",,,六级,1
gentleman,'dʒentlmən,n.,"绅士, 先生",,,六级,1
gently,'dʒentli,adv.,"温和地, 温柔地, 轻轻地, 逐渐地",,,六级,1
genuine,'dʒenjuin,adj.,"真正的, 真实的, 诚恳的；真性的",,,六级,1
geographical,dʒiə'græfikl,adj.,"地理学的, 地理的",,,六级,1
geography,dʒi'ɒgrəfi,n.,"地理学, 地理；地理",,,六级,1
geology,dʒi'ɒlədʒi,n.,"地质学, 地质情况",,,六级,2
geometrical,.dʒiəu'metrikl,adj.,"几何学的, 几何的；几何学的",,,六级,2
geometry,dʒi'ɒmətri,n.,几何学；几何学,,,六级,2
germ,dʒə:m,n.,"细菌, 种子, 生殖细胞, 根源；芽胞, 胚, 胚芽, 病菌",,,六级,2
german,'dʒə:mən,n./adj.,"德国人, 德语；德国的, 德国人的, 德国语的, 同父母的",,,六级,1
germany,'dʒə:məni,n.,德国,,,六级,1
gesture,'dʒestʃə,n./v.,"手势, 姿态；作手势, 作姿态",,,六级,1
giant,'dʒaiənt,n./adj.,"巨人, 大力士, 巨大怪物；庞大的, 巨大的",,,六级,1
gigantic,dʒai'gæntik,adj.,"巨人般的, 巨大的",,,六级,2
ginger,'dʒindʒə,n./adj./v.,"姜, 精力, 姜黄色；姜黄色的；用姜调味, 使活泼, 使有生气",,,六级,2
glamour,'glæmə,n./v.,"魅力, 迷人的美, 魔法；迷惑",,,六级,2
glance,'glɑ:ns,n./v.,"一瞥, 闪光, 掠过, 辉矿类；扫视, 闪光, 掠过, 提到, 略说；扫视, 反射, 使掠过",,,六级,1
glare,glєə,n./v.,"闪耀光, 刺眼；发眩光, 瞪视；瞪眼表示",,,六级,2
gleam,gli:m,n./v.,"光束, 微光, 反光；闪烁, 隐约地闪现；使发微光, 使闪烁",,,六级,2
glide,glaid,n./v.,"滑动, 滑过, 流水；滑动, 滑翔, 溜走, 流逝；使滑动",,,六级,2
glider,'glaidə,n.,"滑翔员, 滑翔机",,,六级,2
glimpse,glimps,n./v.,"一瞥, 一闪；投以一瞥, 闪烁不定；瞥见",,,六级,2
glitter,'glitə,n./v.,"灿烂, 闪烁, 辉耀；灿烂, 闪烁, 辉耀",,,六级,2
global,'gləubl,adj.,"通用的, 全球的, 球形的, 综合的, 普遍的；共用",,,六级,1
globe,gləub,n./v.,"球, 球状物, 地球仪, 天体；(使)成球状",,,六级,2
gloomy,'glu:mi,adj.,"抑沉的, 忧闷的, 黑暗的, 悲观的",,,六级,2
glorify,'glɒ:rifai,v.,"赞美, 美化, 赞扬, 使辉煌",,,六级,2
glorious,'glɒ:riəs,adj.,光荣的,,,六级,2
glory,'glɒ:ri,n./v.,"光荣, 荣耀, 荣誉, 壮丽, 繁荣；自豪",,,六级,1
glossary,'glɒsəri,n.,"专业词典, 术语集, 词表；图文集",,,六级,2
glove,glʌv,n./v.,手套；给...戴手套,,,六级,1
glow,gləu,n./v.,"赤热, 光辉, 热情, 热烈, 红光；发红光, 红光焕发, 发热, 洋溢, 激动",,,六级,2
glue,glu:,n./v.,"胶, 粘性物；粘合, 胶合",,,六级,2
gnaw,nɒ:,v.,"咬, 啃, 侵蚀, 消耗, 折磨",,,六级,2
goal,gəul,n./v.,"目标, 终点, 得分, 球门, 守门员；攻门, 射门得分",,,六级,1
goat,gəut,n.,"山羊, 替罪羊, 色鬼",,,六级,2
goddess,'gɒdis,n.,"女神, 美女, 受崇拜的女性",,,六级,2
golden,'gəuldn,adj.,"金的, 含金的, 金色的, 贵重的, 繁盛的；金制的, 金色的, 兴隆的",,,六级,1
golf,gɒlf,n./v.,高尔夫球；打高尔夫球,,,六级,1
goodness,'gudnis,n.,"仁慈, 善良",,,六级,1
goods,guds,n.,"货物；货物, 商品, 动产",,,六级,1
goose,gu:s,n./v.,"鹅, 雌鹅, 鹅肉, 弯把熨斗；与...性交, 突然加大油门, 使生色, 喝倒彩",,,六级,2
gorgeous,'gɒ:dʒəs,adj.,"华丽的, 灿烂的",,,六级,2
gorilla,gə'rilə,n.,"大猩猩, 残暴的男人, 歹徒",,,六级,2
gossip,'gɒsip,n./v.,"闲聊, 随笔, 流言, 爱讲闲话的人；说闲话, 闲聊",,,六级,2
govern,'gʌvən,v.,"统治, 支配, 管理",,,六级,1
government,'gʌvənmənt,n.,"政府, 内阁；政府, 政治, 政体",,,六级,1
governor,'gʌvənə,n.,"(美)州长, (英)总督, 统治者, 管理者, 理事；节制器, 调节器",,,六级,1
gown,gaun,n./v.,"睡衣, 法衣, 大学全体师生；使穿睡衣",,,六级,2
grab,græb,n./v.,"抓握, 掠夺, 强占, 东方沿岸帆船；抓取, 抢去；攫取, 捕获, 霸占",,,六级,1
grace,greis,n./v.,"优雅, 风度, 慈悲, 恩惠, 体面, 赦免, 恩典, 谢恩祷告；使优美",,,六级,1
graceful,'greisful,adj.,优美的,,,六级,2
gracious,'greiʃəs,adj.,"亲切的, 慈善的",,,六级,2
gradient,'greidiənt,n./adj.,"倾斜度, 梯度, 坡度, 斜率；渐升的, 渐降的, 步行的",,,六级,2
gradual,'grædʒuəl,adj./n.,"逐渐的, 渐增的；弥撒升阶圣歌",,,六级,2
gradually,'grædʒuəli,adv.,逐渐地,,,六级,1
graduate,'grædʒueit,n./adj./v.,"毕业生, 量杯；已得学位的, 研究生的, 毕业的；毕业, 得学位, 逐渐变为；准予...毕业, 授予...学位, 分等级, 刻刻度",,,六级,1
grain,grein,n./v.,"谷粒, 颗粒, 谷类, 纹理, 本质；(使)成谷粒",,,六级,1
grammar,'græmə,n.,"语法学, 入门书；语法检查",,,六级,1
grammatical,grə'mætikl,adj.,"语法的, 合乎语法的；语法上的, 符合语法规则的, 文法上的",,,六级,2
gramme,græm,n.,克；克,,,六级,2
gramophone,'græməfəun,n.,留声机,,,六级,2
grand,grænd,adj.,"庄重的, 壮观的, 显赫的, 重大的, 最高的, 雄伟的, 宏大的, 豪华的, 傲慢的；重大的, 主要的, 伟大的",,,六级,1
granddaughter,'^rændɔ:tə(r),n.,"孙女, 外孙女",,,六级,2
grandfather,'grændfɑ:ðə,n.,"祖父, 始祖；原始资料组",,,六级,1
grandmother,'grændmʌðə,n.,"祖母, 女祖先",,,六级,1
grandson,'grændsʌn,n.,"孙子, 外孙",,,六级,2
granite,'grænit,n.,花岗岩；花岗岩,,,六级,2
grant,grænt,n./v.,"授予, 授予物, 允许；允许, 承认, 授与；授权命令",,,六级,1
grants,,,"补助金, 拨款, 津贴",,,六级,3
grape,greip,n.,"葡萄, 葡萄树；葡萄",,,六级,2
graph,græf,n.,"曲线图, 图表, 图形；图形",,,六级,1
graphite,'græfait,n.,石墨；石墨,,,六级,2
grasp,græsp,n./v.,"把握, 抓紧, 理解, 抓, 柄, 控制；抓住, 紧握, 领会；抓",,,六级,1
grasshopper,'græshɒpə,n.,"蚱蜢, 蝗虫",,,六级,2
grassy,'græsi,adj.,"草绿色的, 象草的, 长满草的",,,六级,2
grateful,'greitful,adj.,"感谢的, 感激的, 令人快意的, 受欢迎的",,,六级,1
gratitude,'grætitju:d,n.,感激之情,,,六级,2
grave,greiv,n./adj./v.,"墓穴, 坟墓, 终结, 死亡；庄重的, 严肃的, 重大的, 低沉的；雕刻",,,六级,1
gravel,'grævəl,n.,"砂砾, 碎石；沙砾, 尿沙",,,六级,1
gravity,'græviti,n.,"地心引力, 重力；重力",,,六级,1
gray,grei,n./adj./v.,"灰色, 暗淡；灰色的, 灰白的, 面色苍白的, 年老的, 老练的, 阴沉的；(使)变灰色",,,六级,2
graze,greiz,n./v.,"吃草, 放牧, 擦伤, 轻擦；(使)吃草, 放牧, 轻擦, 擦伤",,,六级,2
grease,gri:s,n./v.,"脂肪, 兽脂, 油脂, 贿赂；涂脂于, 贿赂",,,六级,2
greatly,'greitli,adv.,"很, 非常",,,六级,1
greed,gri:d,n.,"贪欲, 贪婪",,,六级,2
greedy,'gri:di,adj.,"贪婪的, 贪得的, 贪吃的",,,六级,2
greek,gri:k,n./adj.,"希腊人, 希腊语；希腊的, 希腊人的；希腊",,,六级,2
greenhouse,'gri:nhaus,n.,温室,,,六级,2
greet,gri:t,v.,"问候, 致敬, 欢迎, 映入眼帘",,,六级,1
greeting,'gri:tiŋ,n.,"祝贺, 问候",,,六级,2
grey,grei,n./adj./v.,"灰色；灰色的, 阴沉的；(使)成灰色",,,六级,1
grief,gri:f,n.,"伤心, 忧愁, 悲痛, 不幸, 灾难",,,六级,1
grieve,gri:v,v.,"使悲伤；悲痛, 伤心",,,六级,2
grim,grim,adj.,"冷酷的, 坚强的, 残忍的, 可怕的, 讨厌的",,,六级,2
grin,grin,n./v.,露齿笑；露齿而笑,,,六级,1
grind,graind,n./v.,"磨, 碾, 苦差, 摩擦声, 用功的学生；磨擦, 磨碎, 磨光, 折磨, 压榨；磨, 磨碎, 苦干",,,六级,2
grip,grip,n./v.,"紧握, 柄, 握力, 握手方式, 手提包, 掌握, 支配, 控制；抓紧, 抱住, 吸住, 掌握；握牢, 有吸引力",,,六级,1
groan,grəun,n./v.,"呻吟, 叹息；呻吟, 抱怨, 受压迫；呻吟地说",,,六级,2
grocer,'grəusə,n.,食品商,,,六级,2
grocery,'grəusəri,n.,"食品杂货店, 食品杂货业",,,六级,2
groove,gru:v,n./v.,"凹槽, 惯例, 理想境况；开槽于",,,六级,2
grope,grəup,v./n.,摸索；摸索,,,六级,2
gross,grəus,n./adj./v.,"总数, 总量；总共的, 未打折扣的, 恶劣的, 粗野的；总共收入",,,六级,1
grove,grəuv,n.,小树林,,,六级,2
growl,graul,n./v.,"吠声, 咆哮声；怒吠, 咆哮, 吼",,,六级,2
growth,grəuθ,n.,"生长, 栽培, 增长；等比级数",,,六级,1
grumble,'grʌmbl,n./v.,"怨言, 满腹牢骚；抱怨, 发牢骚, 发隆隆声；抱怨",,,六级,2
grunt,grʌnt,v./n.,"作呼噜声；咕哝；呼噜声, 咕哝",,,六级,2
guarantee,.gærən'ti:,n./v.,"担保, 抵押品, 保证书；保证, 担保",,,六级,1
guard,gɑ:d,n./v.,"守卫者, 警戒, 护卫队, 防护装置；保卫, 看守, 当心；防止, 警惕, 警卫, 看守",,,六级,1
guidance,'gaidns,n.,"指导, 领导；导",,,六级,1
guide,gaid,n./v.,"引导者, 导游, 指南, 路标；指导, 支配, 管理, 带领, 操纵；任向导；辅助线",,,六级,1
guilt,gilt,n.,"罪行, 内疚；罪, 犯罪, 罪行",,,六级,1
guilty,'gilti,adj.,"犯罪的, 有过失的, 自觉有错的, 心虚的；有罪的, 犯罪的, 自觉有罪的",,,六级,1
guitar,gi'tɑ:,n.,吉他,,,六级,1
gulf,gʌlf,n./v.,"海湾, 深渊, 漩涡, 隔阂；吞没",,,六级,1
gum,gʌm,n./v.,"树胶, 橡皮, 橡皮糖, 牙床, 老天；涂以树胶, 用胶粘, 使有粘性；分泌树胶, 发粘",,,六级,2
gun,gʌn,n.,枪；枪,,,六级,1
gunpowder,'gʌnpaudə,n.,火药；有烟火药; 火药,,,六级,2
gust,gʌst,n.,"突然一阵, 趣味, 爱好",,,六级,2
gutter,'gʌtə,n./v.,"排水沟, 槽, 贫民区；开沟于；流；装订线",,,六级,2
gymnasium,dʒim'neiziəm,n.,"健身房, 体育馆；体育馆, 健身室, 运动场",,,六级,2
habit,'hæbit,n./v.,"习惯, 嗜好, 习性；使穿衣",,,六级,1
habitual,hə'hitʃuəl,adj.,"习惯的, 惯常的, 平常的；习惯的, 以习惯为常业的, 惯常的",,,六级,2
hail,heil,n./v./int.,"冰雹, 致敬, 欢呼, 招呼；向...欢呼, 致敬, 招呼, 使象下雹样落下；招呼, 下雹；万岁, 欢迎",,,六级,2
haircut,'hєəkʌt,n.,"理发, (男子的)发式",,,六级,2
hall,hɒ:l,n.,"门厅, 走廊, 会堂",,,六级,1
halt,hɒ:lt,n./v.,"停止, 立定, 休息；使停止, 使立定；立定, 停止, 蹒跚, 踌躇, 有缺点；停止",,,六级,1
halve,hɑ:v,v.,"二等分, 对半分享, 把...减半",,,六级,2
ham,hæm,n./adj./v.,"火腿, 后腿, 笨拙演员；过火的, 做作的；演得过火",,,六级,2
hamburger,'hæmbə:gə,n.,"汉堡(德国港口), 肉饼, 汉堡包, 纯精牛肉, 汉堡牛排",,,六级,2
hammer,'hæmə,n./v.,"锤, 铁锤, 钉锤；锤打, 敲打, 钉；连续锤打；锤头",,,六级,1
hamper,'hæpə,n./v.,"食篮, 阻碍物, 食盒；阻碍, 使困累, 妨碍, 牵制",,,六级,2
handbook,"'hænd,buk",n.,手册；手册,,,六级,2
handful,'hændful,n.,"少数, 一把, 棘手事",,,六级,1
handicap,'hændikæp,n./v.,"障碍, 困难, 不利条件；加障碍于, 妨碍",,,六级,1
handkerchief,'hæŋkətʃif,n.,"手帕, 头巾, 围巾",,,六级,2
handle,hændl,n./v.,"柄, 把手, 把柄, 柄状物, 手感；触摸, 运用, 买卖, 处理, 操作；搬运, 易于操纵；句柄；句柄",,,六级,1
handout,'hændaut,n.,"施舍物, 救济品, 分发的印刷品资料, 广告物品",,,六级,2
handsome,'hænsəm,adj.,"英俊的, 大方的, 慷慨的, 相当可观的, 美观的, 灵敏的",,,六级,1
handwriting,'hændraitiŋ,n.,笔迹,,,六级,2
handy,'hændi,adj.,"便利的, 敏捷的, 容易取得的；便于使用的; 易操作的",,,六级,2
hang,hæŋ,n./v.,"悬挂, 诀窍, 意义；悬挂, 附着, 装饰, 垂下, 踌躇, 绞死, 使悬而未决；悬着, 垂下, 被绞死, 悬而不决",,,六级,1
harbor,'hɑ:bə,n./v.,"港, 避难所；庇护, 藏匿, (使)入港停泊",,,六级,2
harbour,'hɑ:bə,n./v.,"港, 避难所；庇护, 藏匿, (使)入港停泊",,,六级,1
harden,hɑ:dn,v.,"使变硬, 使坚强, 使冷酷；变硬, 变冷酷",,,六级,2
hardly,'hɑ:dli,adv.,"刚刚, 几乎不, 勉强是",,,六级,1
hardship,'hɑ:dʃip,n.,"艰难, 辛苦, 苦难；受苦, 吃苦, 苦难",,,六级,2
hardware,'hɑ:dwєə,n.,"硬件, 五金器具, 零件；硬件",,,六级,1
hardy,'hɑ:di,adj./adv.,"难的, 艰苦的, 坚硬的, 勇敢的；努力地, 辛苦地, 坚硬地",,,六级,2
hare,hєə,n./v.,野兔；飞跑,,,六级,2
harm,hɑ:m,n./v.,"伤害, 害处；伤害, 损害",,,六级,1
harmful,'hɑ:mful,adj.,"有害的, 伤害的",,,六级,2
harmonious,hɑ:'məuniəs,adj.,"和睦的, 调和的, 和谐的, 协调的",,,六级,2
harmony,'hɑ:məni,n.,"协调, 和睦, 调和；和声学",,,六级,1
harness,'hɑ:nis,n./v.,"马具, 挽具状带子, 甲胄；给...上挽具, 驾驭, 披上甲胄, 利用...以产生动力",,,六级,2
harp,hɑ:p,n./v.,"竖琴；弹奏竖琴, 不停地说",,,六级,2
harsh,hɑ:ʃ,adj.,"粗糙的, 刺耳的, 严厉的；粗糙的, 严厉的, 苛刻的",,,六级,1
harvest,'hɑ:vist,n./v.,"收获, 成果, 收获物, 收获期；收割, 收获",,,六级,2
hassle,'hæsl,n./v.,"激烈而持久的争论；争论；与...争辩, 使烦恼",,,六级,2
haste,heist,n.,"匆忙, 急忙",,,六级,2
hasten,'heisn,v.,"催促, 加紧；赶快, 急忙",,,六级,2
hasty,'heisti,adj.,"匆匆的, 轻率的, 性怠的",,,六级,2
hatch,hætʃ,n./v.,"孵化, 舱口；孵, 孵出, 策划；孵化",,,六级,2
hate,heit,n./v.,"憎恨, 恨, 厌恶；憎恨, 憎恶；仇恨",,,六级,1
hateful,'heitful,adj.,"憎恨的, 可恨的, 可恶的",,,六级,2
hatred,'heitrid,n.,"憎恨, 仇恨, 憎恶；敌意, 憎恨, 憎恶",,,六级,2
haughty,'hɒ:ti,adj.,"傲慢的, 骄傲的, 崇高的",,,六级,2
haul,hɒ:l,n./v.,"用力拖拉, 拖运, 强拉, 捕获量, 拖运距离；拖, 拉, 改变方向, 改变主意；拖拉, 拖运",,,六级,2
haunt,hɒ:nt,n./v.,"常到的地方, 生息地；常到, 出没于, 萦绕于；出没, 作祟",,,六级,2
hawk,hɒ:k,n./v.,"鹰, 掠夺者, 鹰派成员；放鹰行猎, 像鹰一般地袭击, 清嗓, 咳嗽；捕捉, 咳出, 兜售, 叫卖, 散播",,,六级,2
hay,hei,n./v.,"干草；制干草, 供给干草；晒干草",,,六级,2
hazard,'hæzəd,n./v.,"冒险, 危险, 机会；冒...的危险, 赌运气, 使冒危险；相关危险; 冒险",,,六级,1
hazardous,'hæzədəs,adj.,"危险的, 冒险的, 碰运气的；危险的, 冒险的, 碰运气的",,,六级,2
headache,'hedeik,n.,"头痛, 令人头痛之事；头痛",,,六级,2
heading,'hediŋ,n.,"标题, 起始字, 方向；上标题",,,六级,1
headline,'hedlain,n./v.,"大标题, 新闻摘要；为...做标题, 写标题",,,六级,1
headlong,'hedlɒŋ,adj./adv.,"头向前的, 仓猝而用力的, 轻率的；头向前地, 猛然地, 用力地",,,六级,2
headmaster,'hed'mɑ:stə,n.,"(中小学)校长, 监工",,,六级,1
headquarters,hed'kwɒ:təz,n.,"总部, 司令部, 总部人员；本部, 总部, 总署",,,六级,1
heal,hi:l,v.,"痊愈；使复原, 使和解, 治愈",,,六级,2
heap,hi:p,n./v.,"堆, 许多, 累积；堆积, 装满；堆",,,六级,2
hearth,hɑ:θ,n.,"炉床, 灶台, 炉边；锻造炉; 敞炉; 炉缸; 炉床; 火床; 炉膛",,,六级,2
hearty,'hɑ:ti,adj.,"诚恳的, 健壮的, 热烈的, 丰盛的",,,六级,2
heat,hi:t,n./v.,"热, 热度, 体温, 高潮；加热, 激昂, 加剧；把...加热, 使激动",,,六级,1
heater,'hi:tə,n.,"加热器, 灯丝, 加热工；加热器",,,六级,2
heating,'hi:tiŋ,n./adj.,"加热, 供热, 暖气设备, 供暖系统, 暖气装置；加热的, 供暖的",,,六级,1
heave,hi:v,n./v.,"举, 抛, 起伏, 鼓起；用力举起, 使举起, 使鼓起；抛出, 起伏, 喘息, 凸起",,,六级,2
heaven,'hevn,n.,"天堂, 上帝, 天空",,,六级,1
heavily,'hevili,adv.,"很重地, 严重地, 难以忍受地",,,六级,1
hedge,hedʒ,n./v./adj.,"树篱, 障碍, 套头交易；用树篱围, 套期保值, 妨碍, 两面下注以防...的损失；筑树篱, 躲闪, 两面下注以防损失；树篱的, 偷偷摸摸的",,,六级,1
heel,hi:l,n./v.,"脚后跟, 踵, 后部, 倾侧；尾随, 装以鞋跟, 倾侧, 追赶；紧随, 用脚后跟传球",,,六级,1
height,hait,n.,"高度, 海拔, 高地, 顶点；高度",,,六级,1
heighten,'haitn,v.,"增高, 提高, 加强；升高, 变大",,,六级,2
heir,єə,n.,"继承人, 嗣子, 后嗣；继承人, 后嗣",,,六级,1
helicopter,'helikɒptə,n./v.,直升机；由直升机运送；乘直升机,,,六级,1
hell,hel,n./v.,"地狱, 邪恶势力, 苦境, 阴间, 毁坏, 训斥；狂饮, 飞驰",,,六级,1
helmet,'helmit,n./v.,"钢盔, 盔, 防护帽；给...戴头盔",,,六级,2
helpful,'helpful,adj.,"有帮助的, 有益的, 有用的",,,六级,1
helpless,'helplis,adj.,"无助的, 无能为力的, 无依无靠的",,,六级,2
hemisphere,'hemisfiə,n.,"半球, 地球的半面, 大脑半球；半球",,,六级,2
hence,hens,adv.,"因此, 从此",,,六级,1
henceforth,hens'fɒ:θ,adv.,"自此以后, 今后",,,六级,2
herald,'herəld,n./v.,"使者, 传令官, 先驱；预报, 宣布, 传达, 欢呼",,,六级,2
herb,hə:b,n.,"药草, 香草；草, 草本, 草药",,,六级,2
herd,hə:d,n./v.,"兽群, 人群, 牧人；群集, 使成群, 放牧；聚在一起",,,六级,2
heritage,'heritidʒ,n.,"遗产, 祖先遗留物, 继承物；遗传性",,,六级,1
hero,'hiərəu,n.,"英雄, 超越常人者, 男主角",,,六级,1
heroic,hi'rəuik,adj./n.,"英勇的, 英雄式的, 壮丽雄伟的；英雄诗, 史诗, 英勇行为",,,六级,2
heroine,'herəuin,n.,"巾帼英雄, 烈妇, 女主角；海洛因; 二醋吗啡; 二乙酰吗啡",,,六级,2
hesitate,'heziteit,v.,"犹豫, 迟疑, 踌躇, 支吾, 停顿",,,六级,1
hide,haid,n./v.,"兽皮, 迹象, 躲藏处；藏, 隐瞒, 遮避, 剥...的皮, 隐藏；躲藏；隐藏",,,六级,1
hierarchy,'haiərɑ:ki,n.,"等级制度, 僧侣统治, 等级体系；分级结构; 分层结构; 新闻组, 新闻组分层",,,六级,1
highlight,'hailait,n./v.,"加亮区, 精彩场面；加亮, 使显著, 以强光照射, 突出；突出",,,六级,1
highly,'haili,adv.,"非常, 非常赞许地；大大地",,,六级,1
highway,'haiwei,n.,"公路, 大道, 捷径；公路, 大路",,,六级,1
hike,haik,n./v.,"徒步旅行, 远足, 涨价, 提高；步行, 徒步旅行, 上升；使高涨, 拉起",,,六级,2
hillside,'hilsaid,n.,"山坡, 山腹",,,六级,2
hinder,'hində,adj./v.,"后面的；阻碍, 打扰",,,六级,2
hindrance,'hindrəns,n.,"妨害, 障碍, 阻碍物",,,六级,2
hinge,hindʒ,n./v.,"铰链, 关键, 枢纽；装铰链；靠铰链移动, 依...而转移",,,六级,2
hint,hint,n./v.,"暗示, 提示；暗示, 示意",,,六级,1
hip,hip,n./adj./v./int.,"臀部, 蔷薇果, 忧郁；熟悉内情的；使忧郁, 给(屋顶)造屋脊；喝彩声",,,六级,1
hire,haiə,n./v.,"租金, 租用, 雇用；雇请, 出租；受雇",,,六级,1
hiss,his,n./v.,"嘘声, 嘶嘶声；发出嘘声, 发嘶嘶声；发嘶嘶声表示",,,六级,2
historian,hi'stɒ:riən,n.,"历史学家, 记事者",,,六级,1
historic,hi'stɒrik,adj.,"历史上著名的, 有历史性的",,,六级,1
historical,hi'stɒrikəl,adj.,"历史的, 史实的, 历史上的；历史性的",,,六级,1
history,'histəri,n.,"历史, 过去, 经历, 发展过程, 历史学, 过去的事, 历史记录；历史记录",,,六级,1
hit,hit,n./v.,"打击, 打, 冲撞, 讽刺；打, 打击, 碰撞, 打中, 袭击, 偶然碰上；打, 打中, 打击, 碰撞, 偶然碰上；击中; 找到; 瞬时打扰",,,六级,1
hitherto,.hiðə'tu:,adv.,"迄今, 至今",,,六级,1
hoarse,hɒ:s,adj.,"沙哑的, 嘶哑的；声嘶的",,,六级,2
hoe,həu,n./v.,"锄头；用锄耕地, 锄",,,六级,2
hoist,hɒist,n./v.,"升高, 起重机, 推动；升起, 升高, 举起",,,六级,2
hole,həul,n./v.,"孔, 洞, 穴, 漏洞；挖洞, 掘坑；进洞, 凿洞",,,六级,1
hollow,'hɒləu,n./adj./v.,"洞, 窟窿, 山谷；空的, 虚伪的, 空腹的, 凹的；形成空洞；挖空",,,六级,2
holy,'həuli,adj./n.,"神圣的, 圣洁的, 至善的；神圣的东西",,,六级,1
homely,'həumli,adj.,"家常的, 平凡的, 朴实无华的",,,六级,2
homogeneous,.həumə'dʒi:niəs,adj.,"同种的, 同质的, 齐性的；同种的, 纯一的, 同质的, 均匀的",,,六级,2
honesty,'ɒnisti,n.,"诚实, 公正, 正直",,,六级,2
honeymoon,'hʌnimu:n,n./v.,"蜜月, 蜜月假期；渡蜜月",,,六级,2
honour,'ɒnə,n./v.,"荣誉, 头衔, 信用, 尊敬, 名誉, 阁下, 勋章；尊敬, 授予荣誉, 承兑, 实践",,,六级,1
honourable,'ɒnərəbl,adj.,"值得尊敬的, 荣耀的, 高贵的；荣誉的, 正直的, 体面的",,,六级,2
hook,huk,n./v.,"钩, 钩状, 镰刀, 陷阱；挂...于钩上, 钩住, 引上钩, 偷窃；弯成钩状, 钩紧；钩",,,六级,1
hop,hɒp,n./v.,"单脚跳, 跳跃, 舞会, 飞行；单脚跳, 跳跃；跃过, 跳上, 加蛇麻子于, 服麻醉药；跳跃式传输",,,六级,2
hopeful,'həupful,n./adj.,"有希望之人, 有前途之人；有希望的, 怀抱希望的, 保持乐观的",,,六级,2
hopeless,'həuplis,adj.,"无希望的, 绝望的, 不可救药的",,,六级,2
horizon,hə'raizən,n.,"地平线, 眼界, (天)视地平",,,六级,1
horizontal,.hɒri'zɒntəl,n./adj.,"水平线, 水平面, 水平位置；水平线的, 平坦的, 横的；水平；水平",,,六级,2
horn,hɒ:n,n./adj./v.,"角, 角质, 喇叭, 号角；角制的；用角触, 长角于",,,六级,1
horrible,'hɒrəbl,adj.,"可怕的, 遭透的, 极讨厌的",,,六级,1
horror,'hɒrə,n.,"惊骇, 恐怖, 惨状；恐怖, 恐惧",,,六级,1
horsepower,'hɒ:spauə,n.,马力；马力,,,六级,2
hose,həuz,n./v.,"水管, 橡皮软管, 长统袜；用水管浇",,,六级,2
hospitality,.hɒspi'tæliti,n.,"款待, 亲切, 殷勤",,,六级,2
host,həust,n./v.,"主人, 旅馆老板, 节目主持人；当主人招待, 作...节目主持人；主机, 宿主机",,,六级,1
hostage,'hɒstidʒ,n.,"人质, 抵押品；人质, 抵押品",,,六级,1
hostess,'həustis,n.,"女主人, 女房东, 女老板",,,六级,2
hostile,'hɒstail,adj./n.,"敌人的, 怀敌意的, 敌对的；敌对分子",,,六级,1
hound,haund,n./v.,"猎犬；带猎犬狩猎, 追捕, 激励, 使追逐",,,六级,2
household,'haushəuld,n./adj.,"一家人, 家庭, 家族, 王室；家庭的, 家常的, 王室的",,,六级,1
housewife,'hauswaif,n.,"主妇, 家庭妇女",,,六级,2
hover,'hʌvə,v./n.,"盘旋, 翱翔, 徘徊；孵；翱翔",,,六级,2
howl,haul,n./v.,"嗥叫, 吠声, 号叫；狂吠, 咆哮, 呼啸；对...吼叫, 狂喊着说",,,六级,2
huddle,'hʌdl,n./v.,"杂乱一团, 混乱, 拥挤；把...挤在一起, 乱堆, 草率了事, 蜷曲；挤作一团, 蜷缩",,,六级,2
hug,hʌg,n./v.,"紧抱, 拥抱；紧抱, 坚持, 使沾沾自喜",,,六级,2
hull,hʌl,n./v.,"壳, 皮, 船体；去壳",,,六级,2
hum,hʌm,n./v./int.,"嗡嗡声, 哼声, 杂声；发低哼声；哼, 用哼声表示；哼, 嗯",,,六级,2
humanitarian,hju:.mæni'tєəriən,n./adj.,"人道主义者, 博爱者, 基督凡人论者；人道主义的, 博爱的, 凡人论的",,,六级,2
humanity,hju:'mæniti,n.,"人性, 人类, 博爱",,,六级,1
humble,'hʌmbl,adj./v.,"低下的, 谦逊的, 粗陋的；使...卑下, 降低...地位, 贬抑",,,六级,2
humid,'hju:mid,adj.,"潮湿的, 湿润的, 多湿气的",,,六级,2
humidity,hju:'miditi,n.,"湿气, 潮湿, 湿度；湿度",,,六级,2
humiliation,hju:.mili'eiʃən,n.,"耻辱, 丢脸, 谦卑",,,六级,2
humorous,'hju:mərəs,adj.,"富幽默感的, 滑稽的, 诙谐的",,,六级,2
humour,'hju:mə,n./v.,"幽默, 诙谐, 情绪, 体液；使满足, 迁就",,,六级,1
hunger,'hʌŋgə,n./v.,"饥饿, 渴望, 饥荒；使挨饿；挨饿, 渴望",,,六级,2
hunt,hʌnt,n./v.,"狩猎, 追捕, 搜寻, 猎区；狩猎, 打猎, 搜索；打猎, 猎食, 搜寻",,,六级,1
hurl,hə:l,n./v.,"用力的投掷；用力投掷, 发射, 愤慨地说出, 丢下；猛投, 猛掷",,,六级,2
hurrah,hu'rɑ:,n./v./int.,"欢呼声, 骚动, 欢乐；欢呼, 呼万岁, 以欢呼迎接；万岁",,,六级,2
hurricane,'hə:rikən,n.,"飓风, 暴风, 暴风雨",,,六级,2
hurt,hə:t,n./v.,"伤害, 创伤, 损害；伤害, (使)伤心, 危害, 刺痛",,,六级,1
hush,hʌʃ,n./v./int.,"肃静, 安静, 沉默；(使)肃静, (使)安静, (使)缄默；嘘, 别作声",,,六级,2
hut,hʌt,n./v.,"小屋, 茅舍, 临时军营；(使)住在茅舍",,,六级,1
hydraulic,hai'drɒ:lik,adj.,"与水有关的, 水力的, 水压的；水力的",,,六级,2
hydrocarbon,.haidrəu'kɑ:bən,n.,碳氢化合物；烃; 碳氢化合物,,,六级,2
hydrogen,'haidrədʒən,n.,氢；氢H-2,,,六级,2
hymn,him,n./v.,"赞美诗, 圣歌；唱赞美歌",,,六级,2
hypotheses,,n.,"假说, 前提, 假设, 假定",,,六级,3
hypothesis,hai'pɒθəsis,n.,假设；假设,,,六级,1
hysteria,his'tiəriə,n.,"歇斯底里症, 不正常的兴奋, 癔病；癔病, 歇斯底里",,,六级,2
hysterical,his'terikəl,adj.,"歇斯底里的, 异常兴奋的；癔病的, 歇斯底里的",,,六级,2
icy,'aisi,adj.,"冰的, 冰冷的, 冷淡的, 滑溜的",,,六级,2
ideal,ai'diəl,n./adj.,"理想, 典范, 观念, 思想, 最后目标；理想的, 完美的, 空想的, 观念的, 唯心论的",,,六级,1
idealism,ai'diəlizm,n.,"唯心主义, 观念论, 唯心论, 理想主义",,,六级,2
ideally,ai'diəli,adv.,"完美地, 理想地",,,六级,1
identical,ai'dentikəl,adj.,"同一的, 恒等的, 完全相同的；同一的, 同等的",,,六级,1
identification,ai.dentifi'keiʃən,n.,"识别, 身份证明, 认同；鉴定; 鉴别; 鉴别法; 认证",,,六级,1
identify,ai'dentifai,v.,"识别, 认为...等同于, 确定, 使参与；一致, 认同",,,六级,1
ideology,.aidi'ɒlədʒi,n.,"思想体系, 意识形态, 观念学, 空论；观念学, 观念形态",,,六级,1
idiom,'idiəm,n.,"习语, 成语, 惯用语法, 方言",,,六级,2
idiot,'idiət,n.,"白痴, 极蠢之人；白痴者, 痴子",,,六级,2
idle,'aidl,adj./v./n.,"懒惰的, 闲散的, 停顿的, 空闲的, 无用的；无所事事, 闲散, 浪费, 空转；虚度, 使闲散, 使空转；空转, 空闲时间；空闲时间",,,六级,2
idleness,'aidlnis,n.,"懒惰, 闲散, 失业；空载",,,六级,2
ignite,ig'nait,v.,"点燃, 使灼热, 使兴奋",,,六级,2
ignorance,'ignərəns,n.,"无知, 愚味；无知, 不知情, 愚昧",,,六级,2
ignorant,'ignərənt,adj.,"无知识的, 不知道的, 由无知产生的；无知的, 愚昧的, 不知情的",,,六级,2
ignore,ig'nɒ:,v.,"不理睬, 忽视, 驳回, 忽略；忽略",,,六级,1
illegal,i'li:gəl,adj.,"违法的, 不合规定的；非法的, 犯规的",,,六级,1
illiterate,i'litərət,n./adj.,"文盲；目不识丁的, 没受教育的",,,六级,2
illuminate,i'lju:mineit,v.,"照明, 用灯装饰, 阐明, 说明, 使灿烂；照亮, 用灯装饰",,,六级,2
illusion,i'lju:ʒən,n.,"幻影, 错觉, 幻想；错觉",,,六级,1
illustrate,'iləstreit,v.,"举例说明, 作图解, 阐明；举例说明",,,六级,1
illustration,.ilə'streiʃən,n.,"例证, 插图；插图",,,六级,1
image,'imidʒ,n./v.,"影像, 肖像, 想象, 图像, 形象, 翻版；作...的像, 反映, 想象, 象征；图像；图象",,,六级,1
imaginary,i'mædʒinəri,adj.,"想像的, 虚构的, 假想的",,,六级,2
imagination,i.mædʒi'neiʃən,n.,"想像, 听觉, 想像力；想像",,,六级,1
imaginative,i'mædʒinətiv,adj.,"想像的, 虚构的",,,六级,2
imagine,i'mædʒin,v.,"想像, 设想, 猜测；想像起来",,,六级,1
imitate,'imiteit,v.,"模仿, 效法, 冒充, 仿造",,,六级,2
imitation,.imi'teiʃən,n.,"模仿, 效法, 冒充, 赝品；模仿, 仿制, 仿制品",,,六级,2
immediate,i'mi:diət,adj.,"立即的, 直接的, 接近的；直接的, 立即的",,,六级,1
immediately,i'mi:diətli,adv.,"直接地, 立刻, 立即",,,六级,1
immense,i'mens,adj.,"极广大的, 无边的, 非常好的",,,六级,1
immerse,i'mə:s,v.,"沉浸, 使陷入；浸[入]",,,六级,2
immigrant,'imigrənt,n./adj.,"移民；移入的, 移民的",,,六级,2
immigrate,'imigreit,v.,使移居入境；移入,,,六级,2
immigration,.imi'greiʃən,n.,"移民, 移居；移民",,,六级,2
immortal,i'mɒ:təl,n./adj.,"不朽人物, 神仙；永远的, 不死的, 长久的",,,六级,2
immune,i'mju:n,adj./n.,"免疫的, 免除的, 不受影响的；免疫者",,,六级,2
immunity,i'mju:niti,n.,"免疫, 免疫性, 免除；免疫性",,,六级,2
impact,'impækt,n./v.,"冲击, 冲突, 影响, 效果；挤入, 撞击, 压紧, 对...发生影响",,,六级,1
impair,im'pєə,v.,"损害, 减少, 削弱；损害, 伤害, 减少",,,六级,2
impart,im'pɑ:t,v.,"给予, 传授, 告知",,,六级,2
impartial,im'pɑ:ʃəl,adj.,"公平的, 不偏不倚的；公正无私的, 不偏袒的, 公平的",,,六级,2
impatient,im'peiʃənt,adj.,"不耐烦的, 着急的, 急切的",,,六级,2
imperative,im'perətiv,n./adj.,"命令, 必要的事, 规则, 祈使语气；命令式的, 急需的, 势在必行的, 强制的",,,六级,2
imperial,im'piəriəl,adj./n.,"帝王的, 宗主国的, 至尊的, 壮丽的；特等品",,,六级,1
impetus,'impitəs,n.,"动力, 推动力, 动量；冲动, 动能, 起始(病)",,,六级,2
implement,'implimənt,n./v.,"工具, 器具, 手段；实现, 使生效, 执行",,,六级,1
implication,.impli'keiʃən,n.,"牵连, 含义, 暗示；推断, 含蓄之意, 暗示",,,六级,1
implicit,im'plisit,adj.,"暗示的, 含蓄的, 固有的, 绝对的；不讲明的, 含蓄的",,,六级,2
implore,im'plɒ:,v.,"恳求, 哀求",,,六级,2
imply,im'plai,v.,"暗示, 意味；隐含",,,六级,1
import,im'pɒ:t,n./v.,"进口货, 进口, 输入, 含义, 重要性；输入, 引入, 进口, 含...的意思, 重要；有关系；引入",,,六级,1
importance,im'pɒ:təns,n.,"重要, 重要性, 重要地位, 自大；重要, 重要性",,,六级,1
impose,im'pəuz,v.,"征(税), 把...强加于, 以...欺骗；利用, 欺骗, 施加影响",,,六级,1
impossible,im'pɒsəbl,adj.,"不可能的, 难以置信的, 令人无法忍受的",,,六级,1
impoverish,im'pɒvəriʃ,v.,"使贫穷, 耗尽...的力气",,,六级,2
impress,im'pres,n./v.,"印象, 特征, 印记；使有印象, 印, 铭刻, 传送, 影响, 强征；给人印象",,,六级,1
impression,im'preʃən,n.,"印象, 意念, 盖印, 印记, 印数, 底色, 效果；压迹, 印模, 印象, 影响",,,六级,1
impressive,im'presiv,adj.,"给人深刻印象的, 威严的",,,六级,1
imprison,im'prizn,v.,"使下狱, 关闭, 拘禁, 限制；关押, 监禁, 限制",,,六级,2
improper,im'prɒpə,adj.,"不合适的, 错误的, 不成体统的, 不道德的；不适当的, 不合适的, 不正确的",,,六级,2
improve,im'pru:v,v.,"改良, 提高...的价值, 改善, 利用；变得更好, 增加",,,六级,1
improvement,im'pru:vmənt,n.,"进步, 改善, 利用；改善, 好转, 进步",,,六级,1
impulse,'impʌls,n./v.,"冲动, 驱使, 刺激, 推动, 冲力, 建议, 脉冲；推动",,,六级,2
impurity,im'pjuəriti,n.,"杂质, 不洁, 不纯；杂质",,,六级,2
inaccessible,.inæk'sesəbl,adj.,"难得到的, 难接近的, 难达成的",,,六级,2
inaccurate,in'ækjurit,adj.,"错误的, 不准确的；不精确",,,六级,2
inadequate,in'ædikwət,adj.,"不充分的, 不适当的；不充分的, 不适当的",,,六级,1
inasmuch,.inəz'mʌtʃ,adv.,"因...之故, 在...范围内",,,六级,2
inaugurate,i'nɒ:gjureit,v.,"开始, 举行...就职典礼",,,六级,2
incandescent,.inkæn'desnt,adj.,"白热的, 闪闪发光的, 辉耀的, 灿烂的；白炽的, 白热的",,,六级,2
incapable,in'keipəbl,adj.,"无能力的, 不能的；不能行的, 耐不住的",,,六级,2
incense,'inseins,n./v.,"香, 香气, 奉承；焚香；用香焚, 使发怒",,,六级,2
incentive,in'sentiv,n./adj.,动机；激励的,,,六级,1
inch,intʃ,n./v.,"英寸, 身高, 小岛；慢慢前进, 慢慢移动；使缓慢地移动",,,六级,1
incidence,'insidəns,n.,"发生, 发生率, 影响, 负担者, 入射, 倾角；入射, 发生率, 发生数",,,六级,1
incident,'insidənt,n./adj.,"事件, 事变, 小事；附带的, 易于发生的, 外来的, 入射的",,,六级,1
incidentally,.insi'dentəli,adv.,"伴随地, 偶然, 顺便",,,六级,2
inclination,.inkli'neiʃən,n.,"倾向, 趋向, 倾斜度, 点头；倾角",,,六级,2
incline,in'klain,n./v.,"倾斜, 斜坡, 斜面；使倾向于, 使倾斜；倾向, 倾斜, 爱好, 易于",,,六级,2
include,in'klu:d,v.,"包括, 把...算入, 包住；DOS内部命令:在CONFIG.SYS文件的一个配置块中包含另一配置块的内容",,,六级,1
inclusive,in'klu:siv,adj.,"包含的, 包括的",,,六级,2
income,'inkʌm,n.,"收入, 收益, 流入；收益",,,六级,1
incompatible,.inkəm'pætəbl,adj.,"不相容的, 不能并存的, 矛盾的；不协调",,,六级,2
incomplete,.inkəm'pli:t,adj.,"不完全的, 未完成的, 不完善的；不完全的",,,六级,2
incorporate,in'kɒ:pəreit,adj./v.,"合并的, 组成公司的, 一体化的；吸收, 合并, 使组成公司, 体现；合并, 混合, 组成公司",,,六级,1
incorrect,.inkə'rekt,adj.,"不正确的；不正确, 错误的, 不适当的",,,六级,2
increase,in'kri:s,n./v.,"增加, 增进, 利益；增加, 加大；增加, 繁殖",,,六级,1
increasingly,in'kri:siŋli,adv.,"逐渐地, 渐增地",,,六级,1
incredible,in'kredəbl,adj.,难以置信的,,,六级,1
incur,in'kə:,v.,"招致, 蒙受, 遭遇；招致, 蒙受, 担负",,,六级,1
indeed,in'di:d,adv.,"的确, 实在, 真正地, 甚至",,,六级,1
indefinite,in'definit,adj.,"模糊的, 不确定的, 无限的；不确定的, 无限制的",,,六级,2
indefinitely,,adv.,无期限地,,,六级,2
independence,.indi'pendəns,n.,"独立, 自立, 自主；自主性, 独立性",,,六级,1
independent,.indi'pendənt,n./adj.,"独立自主者, 无党派者；独立的, 有主见的, 不须依赖的, 不受约束的",,,六级,1
index,'indeks,n./v.,"索引, 指针, 指数, 指标；编入索引中, 指出；做索引；下标; 附标; 变址; 索引; 编索引",,,六级,1
india,'indjə,n.,印度,,,六级,1
indian,'indiən,n./adj.,"印度人, 印第安人, 印第安语；印度的, 印度群岛的, 印第安语的",,,六级,2
indicate,'indikeit,v.,"显示, 象征, 指示, 指出；指示",,,六级,1
indication,.indi'keiʃən,n.,"指示, 象征, 暗示；指示, 指征, 适应征",,,六级,1
indicative,in'dikətiv,adj.,"指示的, 象征的, 表示...的；指标的",,,六级,2
indifferent,in'difərənt,adj.,"漠不关心的, 无重要性的, 中立的；中性的, 无作用的, 无亲和力的, 淡漠的",,,六级,2
indignant,in'dignənt,adj.,"愤怒的, 愤慨的",,,六级,2
indignation,.indig'neiʃən,n.,"愤怒, 愤慨, 义愤",,,六级,2
indirect,.indi'rekt,adj.,"间接的, 非直截了当的, 不坦率的；间接的",,,六级,1
indiscriminately,ˌɪndɪ'skrɪmɪnətlɪ,adv.,"无差别, 任意地; 不分青红皂白地; 滥; 不分皂白",,,六级,2
indispensable,.indis'pensəbl,n./adj.,"不可缺少之物；不可缺少的, 责无旁贷的, 绝对必要的",,,六级,2
individual,.indi'vidʒuəl,n./adj.,"人, 个人, 个体；个别的, 个人的, 独特的",,,六级,1
indoor,'indɒ:,adj.,"户内的, 室内的",,,六级,2
indoors,'in'dɒ:z,adv.,在户内,,,六级,2
induce,in'dju:s,v.,"引诱, 招致, 归纳出, 感应；诱导, 感应",,,六级,1
induction,in'dʌkʃən,n.,"归纳法, 感应, 就职, 入门；归纳法",,,六级,2
indulge,in'dʌldʒ,v.,"纵情于, 使高兴, 放任, 迁就；沉溺",,,六级,2
industrial,in'dʌstriəl,adj./n.,"工业的, 供工业用的, 工业高度发展的, 产业的；工业工人, 工业股票",,,六级,1
industrialize,in'dʌstriəlaiz,v.,使工业化；实现工业化,,,六级,2
industrious,in'dʌstriəs,adj.,"勤勉的, 刻苦的",,,六级,2
industry,'indəstri,n.,"勤劳, 工业, 企业, 产业, 有组织的劳动；工业, 实业",,,六级,1
inefficient,.ini'fiʃənt,adj.,"无效率的, 无能的；无效的, 无效力的",,,六级,2
inertia,i'nə:ʃə,n.,"惯性, 惰性, 迟钝；惯性",,,六级,2
inevitable,in'evitəbl,adj.,"不可避免的, 必然的；不可避免的, 无法规避的, 必然的",,,六级,1
inevitably,in'evitəbli,adv.,不可避免地,,,六级,1
inexpensive,.inik'spensiv,adj.,"便宜的, 不贵重的",,,六级,2
infancy,'infənsi,n.,"幼年, 初期, 幼儿期；婴儿期(一足岁以内)",,,六级,2
infant,'infənt,n./adj.,"婴儿, 儿童, 初学者；婴儿的, 幼稚的",,,六级,1
infect,in'fekt,v.,"传染, 感染；传染, 感染",,,六级,2
infectious,in'fekʃəs,adj.,"有传染性的, 易传染的；传染性的",,,六级,2
infer,in'fə:,v.,"推论出, 推断；作推论",,,六级,2
inference,'infərəns,n.,"推论；推论, 推理, 推断",,,六级,2
inferior,in'fiəriə,adj./n.,"次等的, 较差的, 下方的, 下级的；部下, 次品, 下标(符号)",,,六级,2
inferiority,in.fiəri'ɒriti,n.,"自卑, 次等；下位, 下级, 次级, 劣等",,,六级,2
infinite,'infinit,n./adj.,"无限, 神；无穷的, 无限的, 极大的",,,六级,2
infinitely,'infinitli,adv.,"无限地, 无数地, 庞大地",,,六级,2
infinity,in'finiti,n.,"无限大, 无限；无穷",,,六级,2
inflate,in'fleit,v.,"使膨胀, 使得意, 使通货膨胀, 使充气；充气, 膨胀",,,六级,2
inflation,in'fleiʃən,n.,"胀大, 夸张, 通货膨胀；充气吹胀; 膨胀",,,六级,1
inflict,in'flikt,v.,"施以, 加害, 使承受；处, 加, 予以",,,六级,2
influence,'influəns,n./v.,"影响力, 权力, 势力；影响, 改变",,,六级,1
influential,.infu'enʃəl,adj.,"有影响的, 有势力的",,,六级,1
inform,in'fɒ:m,v.,"通知, 使了解, 使充满；提供资料, 告发",,,六级,1
infrastructure,'infrəstrʌktʃə,n.,"基础结构, 基础设施；基础设施",,,六级,2
infusion,in'fju:ʒən,n.,"注入, 泡制, 注入物；浸渍; 浸泡",,,六级,2
ingenious,in'dʒi:njəs,adj.,"灵敏的, 精巧的, 聪明的",,,六级,2
ingenuity,.indʒi'nju:iti,n.,"心灵手巧, 精巧, 精巧设计",,,六级,2
ingredient,in'gri:diənt,n.,"成分, 因素；配合剂; 拼料; 成分; 组分",,,六级,1
inhabit,in'hæbit,v.,"居住于, 占据, 栖息",,,六级,2
inhabitant,in'hæbitənt,n.,"居民, 居住者；居民",,,六级,1
inherent,in'hiərənt,adj.,"固有的, 与生俱来的；固有的, 生来的",,,六级,1
inherit,in'herit,v.,"继承, 遗传；接受遗产",,,六级,1
inhibit,in'hibit,v.,"禁止, 抑制；起抑制作用",,,六级,2
initial,i'niʃəl,n./adj./v.,"字首, 首字母；开始的, 最初的, 字首的；用姓名的首字母签名",,,六级,1
initially,i'niʃəli,adv.,"最初, 开头",,,六级,1
initiate,i'niʃieit,n./adj./v.,"入会, 开始；新加入的；开始, 传授基本知识给",,,六级,1
initiative,i'niʃiətiv,n./adj.,"主动行动, 首创精神, 主动权；自发的, 起始的",,,六级,1
inject,in'dʒekt,v.,"注射, 注入, 使入轨；注射",,,六级,2
injection,in'dʒekʃən,n.,"注射, 注射剂；注入; 注射",,,六级,1
injure,'indʒə,v.,"伤害, 损害, 使受冤屈；损伤",,,六级,1
injury,'indʒəri,n.,"伤害, 侮辱；伤, 损伤",,,六级,1
ink,iŋk,n./v.,"墨水, 墨汁；涂墨水于, 签署, 加墨水",,,六级,2
inland,'inlənd,adj./n.,"内陆的, 国内的；内地",,,六级,2
inlet,'inlet,n.,"进口, 插入物；入口; 进口; 投料口; 供料口",,,六级,2
inn,in,n./v.,"旅馆, 客栈；住旅馆",,,六级,1
innate,i'neit,adj.,"先天的, 天生的；先天的, 生来的",,,六级,2
inner,'inə,adj./n.,"内部的, 内心的；内部",,,六级,1
innocent,'inəsənt,adj./n.,"无罪的, 不懂事的, 无知的；天真的人, 笨蛋",,,六级,1
innovation,.inəu'veiʃən,n.,"改革, 创新；创新, 改革, 刷新",,,六级,1
innumerable,i'nju:mərəbl,adj.,"无数的, 数不清的",,,六级,2
inorganic,.inɒ:'gænik,adj.,"无机的, 无生物的, 非自然形成的；无机的",,,六级,2
input,'input,n./v.,"输入, 输入电路；输入；输入",,,六级,1
inquire,in'kwaiə,v.,"询问, 问明, 查究",,,六级,2
inquiry,in'kwaiəri,n.,"质询, 探索, 调查, 询盘；询问; 查询",,,六级,1
insane,in'sein,adj.,"患精神病的, 极愚蠢的；神经错乱的",,,六级,2
insanity,in'sæniti,n.,"疯狂, 愚顽, 精神错乱；精神病",,,六级,2
insect,'insekt,n.,"昆虫, 卑鄙的人；昆虫",,,六级,1
insert,in'sə:t,n./v.,"插入物；插入, 把(人造卫星)射入(轨道), 添写；附着；插入",,,六级,1
inside,'in'said,n./adj./adv./prep.,"内部, 内脏, 内幕；内部的, 秘密的, 户内的；在里面；在...之内",,,六级,1
insidious,in'sidiəs,adj.,"隐伏的, 阴险的, 狡猾的；隐袭的",,,六级,2
insight,'insait,n.,"察看, 洞察力, 见识；自知力, 洞察, 顿悟",,,六级,1
insignificant,.insig'nifikənt,adj.,"无关紧要的, 无意义的, 琐碎的",,,六级,2
insist,in'sist,v.,"坚持, 坚决主张, 强调",,,六级,1
insistent,in'sistənt,adj.,"坚持的, 迫切的",,,六级,2
inspect,in'spekt,v.,"检查, 检阅, 检验；检查",,,六级,1
inspection,in'spekʃən,n.,"检验, 检查, 视察；检查, 视察, 监督, 望诊",,,六级,1
inspector,in'spektə,n.,"检查员, 巡视员；检查员",,,六级,1
inspiration,.inspə'reiʃən,n.,"灵感, 鼓舞人心的人或物, 妙计, 吸气；吸[气]",,,六级,1
inspire,in'spaiə,v.,"使感动, 激发, 启示, 吸入, 鼓舞, 产生, 使生灵感；吸入, 赋予灵感",,,六级,1
instability,.instə'biliti,n.,"不安定, 不稳定；不稳定性",,,六级,2
install,in'stɒ:l,v.,"安装, 安置, 使就职；安装, 安装程序; DOS内部命令:安装常驻程序",,,六级,1
installation,.instə'leiʃən,n.,"安装, 装置, 就职；结构, 装置, 设立",,,六级,1
installment,in'stɒ:lmənt,n.,"就职, 装设, 分期付款；分期付款",,,六级,2
instance,'instəns,n./v.,"建议, 情况, 例子, 场合；引以为例, 举例说明",,,六级,1
instant,'instənt,n./adj.,"立即, 瞬间；紧急的, 立即的, 即时的",,,六级,1
instantaneous,.instən'teinjəs,adj.,"即时的, 瞬间的, 猝发的；瞬时的",,,六级,2
instantly,'instəntli,adv.,"立即地, 即刻地",,,六级,1
instinct,'instiŋkt,n./adj.,"本能, 直觉；充满着的",,,六级,1
instinctively,,adv.,"本能地, 直觉地",,,六级,2
institute,'institju:t,n./v.,"学会, 学院, 协会；创立, 开始, 制定, 任命",,,六级,1
institution,.insti'tju:ʃən,n.,"机构, 惯例, 制度；机关, 机构, 设施",,,六级,1
instruct,in'strʌkt,v.,"教, 教育, 命令, 通知；托办, 指导, 指示",,,六级,1
instruction,in'strʌkʃən,n.,"指令, 教导, 命令；指令",,,六级,1
instructor,in'strʌktə,n.,"教员, 讲师；指导者, 教员, 讲师",,,六级,2
instrument,'instrumənt,n.,"工具, 手段, 仪器；仪器",,,六级,1
instrumental,.instru'mentəl,adj.,"仪器的, 器具的, 可作为手段的；器械的",,,六级,2
insufficient,.insə'fiʃənt,adj.,"不够的, 不能胜任的, 不充足的；不足的, 不充分的, 不能胜任的",,,六级,1
insulate,'insjuleit,v.,"使绝缘, 隔离；绝缘",,,六级,2
insulator,'insjuleitə,n.,"绝缘体, 从事绝缘工作的工人；绝缘体; 绝缘器; 绝缘子; 隔离剂",,,六级,2
insult,'insʌlt,n./v.,"侮辱, 无礼, 损害；损害, 侮辱, 攻击",,,六级,2
insurance,in'ʃurəns,n.,"保险, 保险业, 保险费；保险",,,六级,1
insure,in'ʃuə,v.,"保险, 确保；投保",,,六级,2
intact,in'tækt,adj.,"尚未被人碰过的, 原封不动的, 完整的；完整的, 无伤的",,,六级,1
intake,'inteik,n.,"入口, 吸入, 吸入量；摄取量",,,六级,1
integral,'intigrəl,n./adj.,"整体, 积分, 整数；固有的, 整体的, 整数的, 积分的；积分",,,六级,2
integrate,'intigreit,v./adj.,"综合, 使完整, 使成整体；成一体；完整的, 完全的",,,六级,1
integrity,in'tegriti,n.,"正直, 廉正, 完整；完整性",,,六级,1
intellect,'intəlekt,n.,"智力, 出众的才华, 知识分子；智力, 才智",,,六级,2
intellectual,.intə'lektʃuəl,n./adj.,"有知识者, 知识分子, 凭理智做事者；智力的, 用脑力的, 聪明的",,,六级,1
intellectually,,adv.,智力上；知性上；理智地,,,六级,2
intelligence,in'telidʒəns,n.,"智力, 情报, 信息；智力",,,六级,1
intelligent,in'telidʒənt,adj.,"聪明的, 智能的, 了解的",,,六级,1
intelligible,in'telidʒəbl,adj.,"可理解的, 易理解的, 纯概念性的",,,六级,2
intend,in'tend,v.,"计划, 打算, 意思是；想要, 打算, 意旨",,,六级,1
intense,in'tens,adj.,"非常的, 强烈的, 紧张的, 热情的；强的",,,六级,1
intensify,in'tensifai,v.,加强；强化,,,六级,2
intensity,in'tensəti,n.,"强烈, 紧张, 强度；强度; 亮度",,,六级,1
intensive,in'tensiv,adj./n.,"加强的, 内涵的, 集中的；加强器",,,六级,1
intent,in'tent,n./adj.,"意图, 含义, 故意；专心的, 决心的, 热心的",,,六级,1
intention,in'tenʃən,n.,"意图, 目的, 含义；愈合, 意向",,,六级,1
intentional,in'tenʃənəl,adj.,"故意的, 与目的有关的；故意的, 有意的",,,六级,2
interact,.intər'ækt,v./n.,"互相影响, 交互作用；幕间剧, 幕间休息",,,六级,2
interaction,.intər'ækʃən,n.,"交互作用, 交感；交互作用",,,六级,1
interconnect,.intəkə'nekt,v.,使互相连接,,,六级,2
intercourse,'intəkɒ:s,n.,"交往, 交流；交际, 往来",,,六级,2
interest,'intrist,n./v.,"兴趣, 嗜好, 利息, 利益, 爱好, 趣味, 势力；使感兴趣, 与...有关系",,,六级,1
interface,'intəfeis,n.,"分界面, 接触面, 界面；接口, 界面",,,六级,1
interfere,.intə'fiə,v.,"妨碍, 冲突, 干涉, 抵触；干扰, 干涉, 阻碍, 碰腿(马)",,,六级,1
interference,.intə'fiərəns,n.,"冲突, 干涉；干扰",,,六级,1
interim,'intərim,adj./n.,"暂时的, 临时的, 间歇的；过渡时期",,,六级,1
interior,in'tiəriə,n./adj.,"内部, 内政；内部的, 心灵的, 内地的, 内政的",,,六级,1
intermediate,.intə'mi:diət,n./adj./v.,"中间物, 调停者, 中级；中间的, 中级的；起媒介作用；中级",,,六级,1
intermittent,.intə'mitənt,adj.,"间歇的, 断断续续的；间歇的; 间断的",,,六级,2
internal,in'tə:nəl,adj.,"内在的, 国内的；内的, 内部的",,,六级,1
international,.intə'næʃənəl,adj./n.,国际的；国别设定；国别设定,,,六级,1
interpret,in'tə:prit,v.,"解释, 演出, 翻译, 理解；翻译, 解释",,,六级,1
interpretation,in.tə:pri'teiʃən,n.,"解释, 演出, 翻译；插值; 插值法; 解释",,,六级,1
interpreter,in'tə:pritə,n.,"直译程序, 解释者, 口译者, 注释器；注释器",,,六级,2
interrupt,.intə'rʌpt,v./n.,"中断, 妨碍, 插嘴；打断；中断；中断",,,六级,1
interruption,.intə'rʌpʃən,n.,"打扰, 中断, 障碍物；间断, 阻断, 中止",,,六级,2
intersection,.intə'sekʃən,n.,"交集, 十字路口, 交叉点；逻辑乘; 与",,,六级,2
interval,'intəvəl,n.,"间隔, 距离, 间歇, 间隙；时间间隔",,,六级,1
intervene,.intə'vi:n,v.,"插入, 调停, 干涉；进场干预",,,六级,1
intervention,.intə'venʃən,n.,"插入, 介入, 调停；干预",,,六级,1
interview,'intəvju:,n./v.,"面谈, 访问, 接见, 面试；接见, 对...进行面谈(试)",,,六级,1
intimate,'intimət,adj./v./n.,"亲密的, 私人的, 秘密的；暗示, 通知, 告诉；至交",,,六级,2
intimidate,in'timideit,v.,"威胁, 恐吓；恐吓, 威胁, 使恐惧",,,六级,2
intonation,.intəu'neiʃən,n.,"朗诵, 语调, 唱；声调",,,六级,2
intricacy,'intrikəsi,n.,"纷乱, 复杂, 错综",,,六级,2
intricate,'intrikit,adj.,"复杂的, 错综的, 缠结的, 难懂的",,,六级,2
intrigue,in'tri:g,n./v.,"阴谋, 复杂的事；密谋, 私通；激起...的兴趣, 用诡计取得",,,六级,2
intriguing,in'tri:giŋ,adj.,"吸引人的, 有趣的",,,六级,2
intrinsic,in'trinsik,adj.,"本质的, 原有的, 真正的；内部的, 内在的",,,六级,2
introduce,.intrə'dju:s,v.,"介绍, 引入, 采用, 输入；引进, 输入, 介绍",,,六级,1
introduction,.intrə'dʌkʃən,n.,"介绍, 传入, 采用, 初步",,,六级,1
intuition,.intju:'iʃən,n.,"直觉, 直觉的知识",,,六级,2
invade,in'veid,v.,"侵入, 拥入, 侵略, 侵袭；强入, 侵犯, 侵略",,,六级,2
invalid,in'vælid,n./adj.,"病人, 残废者；有病的, 无效的",,,六级,2
invaluable,in'væljuəbl,adj.,"无价的, 价值无法衡量的",,,六级,2
invariably,in'vєəriəbli,adv.,"不变化地, 恒定地, 始终如一地",,,六级,1
invasion,in'veiʒən,n.,"侵犯, 侵入, 侵害；侵袭, 侵入, 发病",,,六级,1
invent,in'vent,v.,"发明, 创作, 虚构；发明",,,六级,1
invention,in'venʃən,n.,"发明, 创作能力, 虚构的故事；发明",,,六级,1
inventor,in'ventə,n.,"发明家；发明人, 发明家, 创造者",,,六级,2
inventory,'invəntəri,n./v.,"详细目录, 存货清单；列入详细目录, 清点存货；存货清单",,,六级,2
inversely,,adv.,"相反地；反的, 反对",,,六级,2
invert,in'və:t,adj./v./n.,"转化的；使反转, 使颠倒, 使转化；颠倒的事物；倒置; 反转",,,六级,2
invest,in'vest,v.,"投资, 花费, 笼罩, 授予；投资, 利用",,,六级,1
investigate,in'vestigeit,v.,"调查, 审查",,,六级,1
investigation,in.vesti'geiʃən,n.,"调查, 审查；调查, 调查研究",,,六级,1
investment,in'vestmənt,n.,"投资；包埋料, 围模料, 包埋法, 围模法",,,六级,1
invisible,in'vizəbl,adj.,"看不见的, 无形的；无形的, 表面上看不见的, 未列在公开帐目的",,,六级,1
invitation,.invi'teiʃən,n.,"邀请, 请柬, 引诱；邀请, 招待, 吸引",,,六级,1
invite,in'vait,v./n.,"邀请, 请求, 引起, 招致；邀请",,,六级,1
invoice,'invɒis,n./v.,"发票, 发货单；开发票, 记清单",,,六级,2
involve,in'vɒlv,v.,"包括, 使陷于, 潜心于, 包围；累及, 牵涉, 包含",,,六级,1
inward,'inwəd,adj.,"内心的, 向内的, 本来的；向内的",,,六级,2
ion,'aiən,n.,离子；离子,,,六级,2
iron,'aiən,n./v.,"铁, 熨斗, 铁器, 坚强, 烙铁, 镣铐；烫平, 熨, 用铁包；烫平",,,六级,1
ironically,,adv.,"冷嘲地, 挖苦地, 讽刺地, 令人啼笑皆非地",,,六级,2
irony,'aiərəni,n.,"反语, 讽刺, 具有讽刺意味的事",,,六级,2
irregular,i'regjulə,n./adj.,"不规则物, 不合规格之物；不规则的, 不整齐的, 不合法的",,,六级,2
irregularity,i.regju'læriti,n.,"不规则, 例外, 违反规则的行为；不匀度",,,六级,2
irrespective,.iri'spektiv,adj.,"不顾的, 无关的, 没关系的",,,六级,2
irrigation,.iri'geiʃən,n.,"灌溉, 冲洗；冲洗法, 灌溉",,,六级,2
irritate,'iriteit,v.,"激怒, 使发怒, 使兴奋, 使发炎；引起不快",,,六级,2
islam,'izlɑ:m,n.,伊斯兰教,,,六级,2
island,'ailənd,n./v.,"岛, 岛屿, 孤立地区, 安全岛；使成岛状, 孤立",,,六级,1
isolate,'aisəleit,v./n.,"使隔离, 使孤立, 使绝缘；隔离种群",,,六级,1
issue,'isju,n./v.,"发行, 问题, 后果, 流出, 出口, 争端；发行, 流出, 造成...结果, 传下；使流出, 放出, 发行, 发布, 发给",,,六级,1
italian,i'tæljən,n./adj.,"意大利人, 意大利语；意大利的, 意大利语的",,,六级,1
ivory,'aivəri,n./adj.,"象牙, 乳白色；象牙制的, 乳白色的",,,六级,2
jack,dʒæk,n./v./adj.,"插座, 千斤顶, 男人；抬起, 提醒, 扛举, 增加, 提高, 放弃；雄的；插座",,,六级,1
jacket,'dʒækit,n./v.,"夹克, 外套, 护套；给...穿夹克, 给...装护套",,,六级,1
jail,dʒeil,n./v.,"监牢, 监狱, 拘留所；监禁, 下狱",,,六级,2
jam,dʒæm,n./v.,"果酱, 拥塞之物, 堵塞, 困境；挤进, 使塞满, 混杂, 压碎, 使堵塞；堵塞, 轧住, 拥挤",,,六级,2
jar,dʒɑ:,n./v.,"广口瓶, 震动, 刺耳声；震惊, 冲突, 发刺耳声, 不一致；震动, 刺激",,,六级,2
jaw,dʒɒ:,n./v.,"颚, 颌；闲谈, 教训, 唠叨",,,六级,1
jealous,'dʒeləs,adj.,"嫉妒的, 羡慕的, 留心的, 戒备的",,,六级,2
jealousy,'dʒeləsi,n.,"妒忌, 猜忌, 羡慕；妒忌, 嫉妒, 猜忌",,,六级,2
jean,dʒi:n,n.,"牛仔裤, 牛仔布, 斜纹棉布",,,六级,1
jelly,'dʒeli,n./v.,"果冻, 果冻甜食, 胶状物；(使)结冻, (使)成胶状",,,六级,2
jeopardize,'dʒepədaiz,v.,"危害, 使受危困, 使陷危地",,,六级,2
jerk,dʒə:k,n./v.,"性情古怪的人, 急拉, 肌肉抽搐, 牛肉干；痉挛, 急拉, 急推；猛拉",,,六级,2
jesus,'dʒi:zəs,n.,耶稣,,,六级,1
jet,dʒet,n./v./adj.,"喷射流, 喷嘴, 煤玉；射出, 迸出, 喷射；黑而发亮的, 墨黑的",,,六级,1
jewel,'dʒu:əl,n./v.,"珠宝, 贵重物, 镶珠宝的饰物；饰以珠宝, 镶以宝石",,,六级,2
jewellery,'dʒu:əlri,n.,"宝石, 贵重饰物, 珠宝, 宝石饰物, 受珍视的人/物, 宝贝, 有价值的人/物",,,六级,1
jewish,'dʒu:iʃ,adj.,"犹太人的, 犹太族的",,,六级,1
jingle,'dʒiŋgl,n./v.,"叮当声；(使)作叮当声, (使)押韵",,,六级,2
jog,dʒɒg,n./v.,"轻推, 轻撞, 慢跑；轻推, (使)蹒跚行进, (使)慢跑",,,六级,2
joint,dʒɒint,n./adj./v.,"连接处, 接合, 关节；共同的, 联合的, 连接的, 合办的；连接, 接合, 使有接头；贴合, 长节",,,六级,1
jolly,'dʒɒli,adj./v./adv.,"愉快的, 高兴的, 宜人的；恭维, 使高兴, 取笑；开玩笑；非常, 极为",,,六级,2
journal,'dʒə:nəl,n.,"日记, 杂志, 日报；轴颈",,,六级,1
journalist,'dʒə:nəlist,n.,"新闻记者, 从事新闻杂志业的人",,,六级,1
journey,'dʒə:ni,n./v.,"旅程, 旅行, 行程；旅行；游历",,,六级,1
joyful,'dʒɒiful,adj.,"欢喜的, 高兴的, 令人高兴的",,,六级,2
judge,dʒʌdʒ,n./v.,"法官, 裁判员, 审判官, 鉴定人；审理, 鉴定, 判断, 判决, 裁定；下判断, 作评价",,,六级,1
judgement,'dʒʌdʒmənt,n.,"审判, 判决, 判断；判定, 审定, 鉴定",,,六级,1
jug,dʒʌg,n./v.,"水壶, 监牢, 模仿夜莺的叫声；放入壶中, 炖, 关押；模仿夜莺叫",,,六级,2
junction,'dʒʌŋkʃən,n.,"连接, 会合处, 交叉点；接[合]处, 接点.[接]界",,,六级,1
jungle,'dʒʌŋgl,n.,"丛林, 杂乱的一堆, 弱肉强食的地方",,,六级,2
junior,'dʒu:njə,n./adj.,"年少者, 地位较低者, 大学三年级学生；年少的, 下级的, 后进的",,,六级,1
junk,dʒʌŋk,n.,"垃圾, 乌七八糟的东西, 舢板；清除",,,六级,2
jupiter,'dʒu:pitə,n.,"朱庇物(罗马神话中的主神), 木星",,,六级,2
jury,'dʒuəri,n./adj.,"陪审团, 评判委员会；应急的",,,六级,1
justice,'dʒʌstis,n.,"正义, 公平, 公正, 正确, 司法, 审判",,,六级,1
justification,.dʒʌstifi'keiʃən,n.,"辩护, 证明正当, 释罪；调整",,,六级,1
justify,'dʒʌstifai,v.,"替...辩护, 证明；证明合法；段落重排, 两端对齐",,,六级,1
keen,ki:n,adj./n./v.,"锋利的, 敏锐的, 强烈的, 敏捷的, 热心的, 渴望的；挽歌, 痛哭；唱挽歌, 痛哭",,,六级,1
keeper,'ki:pə,n.,"监护人, 管理人, 看守人；保管人, 看守人, 保持片",,,六级,1
kernel,'kə:nl,n.,"核心, 中心, 精髓, 内核；内核",,,六级,2
kettle,'ketl,n.,"茶壶, 罐；釜体釜; 锅",,,六级,2
keyboard,'ki:bɒ:d,n.,键盘；键盘,,,六级,2
kick,kik,n./v.,"踢, 反冲, 后座力, 凹底；踢, 反抗, 反冲；踢, 反冲",,,六级,1
kidnap,'kidnæp,v.,"绑架, 诱拐, 拐骗；拐带, 诱拐, 绑架",,,六级,2
kidney,'kidni,n.,"肾, 个性；肾",,,六级,2
kilowatt,'kiləwɒt,n.,千瓦；千瓦[特],,,六级,2
kin,kin,n./adj.,"亲戚, 同族, 血缘关系, 家族；有亲属关系的, 性质类似的, 同类的",,,六级,2
kindle,'kindl,v.,"点燃, 使着火, 引起, 照亮；着火, 激动, 发亮",,,六级,2
kindness,'kaindnis,n.,"仁慈, 亲切, 和蔼",,,六级,2
kinetic,kai'netik,adj.,"运动的, 运动引起的, 动力学的, 活动的；运动的, 动的, 动力的",,,六级,2
kingdom,'kiŋdəm,n.,"王国, 领域；界(动物,植物,矿物)",,,六级,1
kit,kit,n.,"装备, 工具箱, 成套工具；成套部件; 成套零件",,,六级,1
kite,kait,n./v.,"风筝, 筝帆, 空头支票, 骗子；象风筝一样飞, 轻快地移动, 使用空头支票；使上升, 骗钱",,,六级,2
knee,ni:,n./v.,"膝, 膝盖；膝行, 用膝盖碰",,,六级,1
kneel,ni:l,v.,跪下,,,六级,2
knight,nait,n./v.,"骑士, 爵士；授以爵位",,,六级,2
knit,nit,v.,"编织, 结合",,,六级,1
knob,nɒb,n./v.,"把手, 瘤, 旋钮, 球形突出物；使有球形突出物；鼓起",,,六级,2
knot,nɒt,n./v.,"结, 群, 难题；打结, (使)纠缠",,,六级,2
knowledge,'nɒlidʒ,n.,"知识, 学问, 认识, 知道",,,六级,1
lab,læb,n.,"实验室, 研究室；凝乳酶",,,六级,1
label,'leibl,n./v.,"标签, 称号, 商标, 标志；贴标签于, 标注；标志; 标注; DOS外部命令:用于建立改变或删除磁盘卷标号",,,六级,1
laboratory,'læbrətəri,n.,"实验室, 研究室, 化工厂；实验室, 检验室, 化验室",,,六级,1
labour,'leibə,n./v.,"劳动, 努力, 工作, 劳工, 分娩；劳动, 努力, 苦干；详细分析, 使厌烦",,,六级,1
lace,leis,n./v.,"饰带, 花边, 缎带, 鞋带；结带子, 饰以花边；系带子；全穿孔",,,六级,1
ladder,'lædə,n./v.,"梯, 梯状物, 发迹的途径；袜子抽丝, 成名",,,六级,1
lag,læg,n./adj./v.,"落后, 囚犯, 迟延, 桶板, 防护套；最后的；落后, 蹒跚, 缓缓而行, 滞后；落后于, 押往监狱, 加上外套；延迟; 落后",,,六级,2
lamb,læm,n./v.,"小羊, 羔羊；产羊羔",,,六级,1
lame,leim,adj./v.,"跛足的, 僵痛的, 不完全的, 金属薄板, 不知内情的人；变跛；使成残废, 使无用",,,六级,2
lamentation,.læmən'teiʃən,n.,"悲叹, 哀悼",,,六级,2
lamp,læmp,n./v.,灯；照亮；逻辑模拟分析系统,,,六级,1
landing,'lændiŋ,n.,"登陆, 码头, 降落；上岸, 登陆, 降落",,,六级,1
landlady,'lændleidi,n.,"女房东, 女地主",,,六级,2
landlord,'lændlɒ:d,n.,"房东, 地主；业主, 地主, 房东",,,六级,1
landscape,'lændskeip,n./v.,"风景, 山水, 风景画；从事景观美化；美化...景观；横向",,,六级,1
lane,lein,n.,"小路, 巷, 弄, 单行道",,,六级,1
lantern,'læntən,n./v.,"灯笼, 提灯, 航标灯；装上提灯",,,六级,2
lap,læp,n./v.,"膝盖, 舔, 一圈, 下摆, 衣兜, 山坳；重叠, 围住, 轻拍, 舔；包围, 抱...在膝上, 使重叠, 舔, 拍打, 泼溅；链接访问程序",,,六级,1
largely,'lɑ:dʒli,adv.,"大量地, 很多地, 大半地",,,六级,1
laser,'leizə,n.,激光；激光器,,,六级,1
lately,'leitli,adv.,"近来, 最近",,,六级,2
latent,'leitnt,adj./n.,"潜伏性的, 隐藏的；隐约指纹",,,六级,2
later,'leitə,adv.,"以后, 随后",,,六级,1
lathe,leið,n./v.,车床；用车床加工,,,六级,2
latin,'lætin,n./adj.,"拉丁人, 拉丁语；拉丁人的, 拉丁语的",,,六级,1
latitude,'lætitju:d,n.,"纬度, 范围；宽容度; 伟度",,,六级,2
latter,'lætə,adj.,"后者的, 较后的, 近来的",,,六级,1
lattice,'lætis,n./v.,"格子, 组合格子, 格子状东西；制做格子, 使成格子状；格",,,六级,2
laughter,'lɑ:ftə,n.,"笑, 笑声；笑, 大笑",,,六级,1
launch,lɒ:ntʃ,n./v.,"下水, 汽艇, 发射；使下水, 发射, 发动；起飞, 下水, 投入, 开始",,,六级,1
laundry,'lɒ:ndri,n.,"洗衣店, 洗好的衣服, 洗涤；洗衣作, 洗衣店, 洗衣房",,,六级,2
lavatory,'lævətəri,n.,"洗脸盆, 厕所",,,六级,2
law,lɒ:,n./v.,"法律, 法则, 定律, 法律的制约, 法学, 司法界, 诉讼；起诉",,,六级,1
lawn,lɒ:n,n.,"草地, 草坪, 上等细麻布；细筛",,,六级,1
lawsuit,'lɒ:sju:t,n.,"诉讼；诉讼, 诉讼案件",,,六级,2
lawyer,'lɒ:jə,n.,律师；律师,,,六级,1
lay,lei,v./n./adj.,"放置, 产, 铺设, 布置, 提出, 平息；下蛋, 打赌；位置, 层, 隐藏处；世俗的, 外行的；lie的过去式",,,六级,1
layer,'leiə,n./v.,"层, 产卵鸡, 放置者；分层堆积, 压植；层",,,六级,1
layman,'leimən,n.,"俗人, 门外汉, 凡人；外行, 业外人",,,六级,2
layoff,'leiɒf,n.,"临时解雇, 操作停止, 活动停止期间",,,六级,2
layout,'leiaut,n.,"布局, 陈列, 规划图, 页面布局, 版面编排；页面布局, 版面",,,六级,1
leader,'li:də,n.,"领导者, 社论, 指挥, 领袖, 领唱者, 前导字符；前导字符",,,六级,1
leadership,'li:dəʃip,n.,"领导能力, 领导阶层",,,六级,1
leading,'li:diŋ,n./adj.,"领导, 指挥, 神示, 铅板；领导的, 主要的, 在前的",,,六级,1
leaf,li:f,n./v.,"叶, 树叶, 花瓣, 页；生叶, 翻书页；在...上长叶, 翻...的页",,,六级,1
leaflet,'li:flit,n.,"小叶, 传单；小叶",,,六级,1
leak,li:k,n./v.,"漏洞, 漏处, 漏出, 泄漏；漏, 泄漏；使渗漏",,,六级,2
leakage,'li:kidʒ,n.,"漏, 漏出物, 泄漏；漏电; 漏水; 漏气; 渗漏; 漏失量; 漏出量",,,六级,2
lean,li:n,n./adj./v.,"瘦肉, 倾斜, 倾斜度；瘦的, 贫乏的, 歉收的；倚靠, 倾斜, 依赖；使倾斜",,,六级,1
leap,li:p,n./v.,"跳跃, 剧增, 急变, 被越过之物；跳跃, 突然经过；跃过, 使跃过",,,六级,1
learned,'lə:nid,adj.,"有学问的, 学术上的；learn的过去式和过去分词",,,六级,2
learning,'lə:niŋ,n.,"学问, 学识, 学习；学习",,,六级,1
lease,li:s,n./v.,"租约, 租期, 租；出租, 租出, 租得",,,六级,1
least,li:st,n./adj./adv.,"最少, 最小, 最小限度；最少的, 最小的；最小, 最少",,,六级,1
leather,'leðə,n./v./adj.,"皮革, 皮制品, 马镫的皮带；覆以皮革, 鞭苔, 抽打；皮革的, 皮制的",,,六级,1
lecture,'lektʃə,n./v.,"演讲, 谴责, 讲稿；演讲, 训诫, 说教；讲演",,,六级,1
legacy,'legəsi,n.,"祖先传下来之物, 遗赠物；遗产, 遗赠物",,,六级,2
legal,'li:gəl,adj.,"法律的, 法定的, 合法的；法定权利; 法律(上)的, 合法的",,,六级,1
legend,'ledʒənd,n.,"传说, 传奇文学, 图例；图例",,,六级,1
legislation,.ledʒis'leiʃən,n.,"立法, 法律；立法, 法规",,,六级,1
legitimate,li'dʒitimət,adj./v.,"合法的, 正当的, 婚生的；认为正当, 立为嫡嗣, 使合法",,,六级,1
leisure,'li:ʒə,n./adj.,"空闲, 闲暇, 悠闲；空闲的, 有闲的",,,六级,1
length,leŋθ,n.,"长度, 长, 期间, 一段；记录长度; 块长; 字长",,,六级,1
lengthen,'leŋθən,v.,"加长, 使延长；变长",,,六级,2
lens,lenz,n./v.,"透镜, 镜头, 镜片, 晶状体；给...摄影",,,六级,2
leopard,'lepəd,n.,"豹, 美洲豹",,,六级,2
lessen,'lesn,v.,"减少, 缩小, 减轻；变小",,,六级,2
lest,lest,conj.,"以免, 唯恐, 免得",,,六级,2
level,'levl,n./adj./v.,"水平, 水准, 平地；同高的, 平坦的, 齐平的, 水平的；弄平, 夷平, 使同等, 瞄准, 对准；变平, 拉平；级别",,,六级,1
lever,'levə,n./v.,"杠杆, 似杠杆之工具；撬开；使用杠杆",,,六级,2
liability,laiə'biliti,n.,"责任, 债务, 倾向；责任, 义务, 负债",,,六级,1
liable,'laiəbl,adj.,"有义务的, 应负责的, 有...倾向的；有责任的, 可受处理的, 应受罚的",,,六级,1
liar,'laiə,n.,说谎者,,,六级,2
liberal,'libərəl,n./adj.,"自由主义者；慷慨的, 不拘泥的, 宽大的, 自由主义的",,,六级,1
liberate,'libəreit,v.,"解放, 释放, 使自由；释出, 放出",,,六级,2
liberation,.libə'reiʃən,n.,"释放, 解放；发出; 释放; 放出",,,六级,1
liberty,'libəli,n.,"自由, 特权, 许可, 冒失；自由, 自由权, 自由区域",,,六级,1
librarian,lai'brєəriən,n.,"图书馆员, 图书管理员；程序库管理程序; 程序库生成程序",,,六级,1
license,'laisns,n./v.,"执照, 许可证, 特许；许可, 特许",,,六级,2
lick,lik,n./v.,"舔, 少许, 打；舔, 卷过, 鞭打；轻轻拍打",,,六级,2
lid,lid,n./v.,"盖子, 限制, 眼睑；给...盖盖子",,,六级,1
lieutenant,lef'tenənt,n.,"中尉, 助理人员, 副官",,,六级,2
lifetime,'laiftaim,n./adj.,"一生, 终生；一生的, 终生的",,,六级,1
lighten,'laitn,v.,"照亮, 点亮, 减轻, 使轻松, 闪出；发亮, 打闪, 变轻",,,六级,2
lighter,'laitə,n./v.,"点火者, 点灯工人, 打火机, 驳船；以驳船搬运",,,六级,2
lightly,'laitli,adv.,"轻轻地, 少许, 不费力地",,,六级,1
lightning,'laitniŋ,n./v./adj.,闪电；闪电；闪电的,,,六级,2
likelihood,'laiklihud,n.,"可能, 可能性",,,六级,1
likely,'laikli,adj./adv.,"有可能的, 合适的, 前途有望的；或许, 可能",,,六级,1
likeness,'laiknis,n.,"相象, 相似物, 样子",,,六级,2
likewise,'laikwaiz,adv.,"同样地, 也",,,六级,2
lily,'lili,n./adj.,"百合, 百合花；洁白的, 纯白色的, 纯洁的",,,六级,1
limb,lim,n./v.,"四肢, 枝干, 翼, 边缘；切断...之手足",,,六级,1
lime,laim,n./v.,"石灰, 粘鸟胶, 酸橙；以石灰处理, 粘鸟胶于, 撒石灰",,,六级,2
limestone,'laimstəun,n.,石灰石；石灰石; 石灰岩,,,六级,2
limit,'limit,n./v.,"界限, 边界, 限度, 极限, 限制；限制, 限定",,,六级,1
limitation,.limi'teiʃən,n.,"限制, 缺陷, 限额；限界, 限制, 限度",,,六级,1
limited,'limitid,adj./n.,"有限制的, 有限的, 有限责任的；特别快车",,,六级,1
limp,limp,n./adj./v.,"跛行；柔软的, 无力的, 软弱的；跛行",,,六级,2
line,lain,n./v.,"列, 线, 绳, 电线, 线路, 路线, 航线, 作业线, 界线, 战线, 外形, 排, 家系；排成一行, 顺...排列, 划线于, 加衬里, 使有线条, 使起皱纹；排队；线路",,,六级,1
linear,'liniə,adj.,"线的, 直线的, 线状的；线性",,,六级,1
linen,'linin,n./adj.,"亚麻布, 亚麻线, 亚麻制品；亚麻布制的, 亚麻的",,,六级,2
liner,'lainə,n.,"班机, 划线者, 定期船, 衬里；衬垫; 垫带; 套管",,,六级,2
linger,'liŋgə,v.,"逗留, 消磨, 徘徊；消磨",,,六级,2
linguistic,liŋ'^wistik,adj.,"语言的, 语言学的；语言的, 语言学的",,,六级,1
lining,'lainiŋ,n.,"衬里, 内层, 衬垫；衬里; 衬垫; 衬套; 衬层",,,六级,2
link,liŋk,n./v.,"环, 连结物, 链接, 火把；连结, 联合, 挽住；连接起来；连接, 链路",,,六级,1
lion,'laiən,n.,"狮子, 狮子(星)座, 国际狮子会会员",,,六级,1
lip,lip,n./v./adj.,"唇, 口缘, 唇状构造；以嘴唇碰, 轻轻说出；口头上的；大型互连网信息包",,,六级,1
lipstick,'lipstik,n.,"口红, 唇膏；口红",,,六级,2
liquid,'likwid,n./adj.,"液体, 流体, 流音；液体的, 透明的, 明亮的, 流动的, 易变的",,,六级,1
liquor,'likə,n./v.,"酒, 液体, 汁, 溶液；浸水；喝酒",,,六级,2
list,list,n./v.,"目录, 名单, 明细表, 布条, 条纹, 列表, 序列, 数据清单；列出, 列于表上, 记入名单内, 装布条；列于表上；列表, 序列, 数据清单",,,六级,1
liter,'li:tə,n.,公升；升,,,六级,2
literacy,'litərəsi,n.,"读写能力, 识字, 精通文学",,,六级,2
literal,'litərəl,adj./n.,"逐字的, 字面上的, 文字的, 字母的；印刷错误；文字; 直接量; 字面量; 句节",,,六级,2
literally,'litərəli,adv.,"逐字地, 按照字面上地, 不夸张地",,,六级,1
literary,'litərəri,adj.,"文学的, 文艺的, 精通文学的；文学的, 从事文学的, 从事写作的",,,六级,1
literature,'litərətʃə,n.,"文学, 文艺, 著作；广告, 商品介绍等文学",,,六级,1
litter,'litə,n./v.,"垃圾, 杂乱, 轿, 担架；乱丢, 铺草, 弄乱；产仔, 乱丢垃圾",,,六级,2
lively,'laivli,adj.,"活泼的, 鲜明的, 生动的",,,六级,1
liver,'livə,n.,"肝脏, 生活者, 居民；肝",,,六级,1
living,'liviŋ,n./adj.,"生活, 生计, 生存；活的, 逼真的, 现存的",,,六级,1
load,ləud,n./v.,"负荷, 担子, 重担, 装载量, 负载, 工作量, 加载；装载, 装填, 使担负；装货, 上客, 装料；加载, 装入程序",,,六级,1
loaf,ləuf,n./v.,"一条面包, 块, 游荡；游手好闲, 虚度光阴",,,六级,2
loan,ləun,n./v.,"贷款, 借出；借, 供应货款, 借给",,,六级,1
lobby,'lɒbi,n./v.,"大厅, 休息室, 游说议员者；游说议员, 游说；游说",,,六级,2
local,'ləukəl,adj./n.,"地方性的, 当地的, 局部的, 乡土的, 本地的；当地居民, 本地新闻, 局部；本地的; 局部",,,六级,1
locality,ləu'kæliti,n.,"地方, 所在, 位置；位置, 场所, 地区",,,六级,2
locate,'ləukeit,v.,"找出, 设于, 位于；定居",,,六级,1
location,ləu'keiʃən,n.,"位置, 场所, 特定区域；位置",,,六级,1
locomotive,.ləukə'məutiv,n./adj.,"火车头, 机车；运转的, 火车头的, 移动的",,,六级,2
locust,'ləukəst,n.,"蝗虫, 蚱蜢, 蝉",,,六级,2
lodge,lɒdʒ,n./v.,"小屋, 门房, 支部, 旅舍, 分会；临时住宿, 倒伏, 寄宿, 投宿；安顿, 容纳, 提出, 把...射入, 存放",,,六级,2
lodging,'lɒdʒiŋ,n.,"寄宿处, 寄宿；提起, 住所",,,六级,2
lofty,'lɒfti,adj.,"高的, 傲慢的, 崇高的, 高级的, 玄虚的",,,六级,2
log,lɒg,n./v.,"记录, 圆木, 日志, 计程仪；伐木, 切, 航行；伐木；日志",,,六级,1
logic,'lɒdʒik,n.,"逻辑, 逻辑学, 推理的方法, 推理, 逻辑性；逻辑",,,六级,1
logical,'lɒdʒikəl,adj.,"合乎逻辑的, 合理的；逻辑的, 符合逻辑的",,,六级,1
logistics,ləu'dʒistiks,n.,"后勤学, 后勤；后勤学",,,六级,2
lonely,'ləunli,adj.,"孤单的, 孤寂的, 荒凉的",,,六级,1
longevity,lɒn'dʒeviti,n.,"长命, 长寿, 寿命；长寿",,,六级,2
longing,'lɒŋiŋ,n./adj.,"渴望, 热望, 憧憬；渴望的, 热望的",,,六级,2
longitude,'lɒndʒitju:d,n.,"经度, 经线；经度",,,六级,2
loop,lu:p,n./v.,"环, 圈, 弯曲部分, 循环；使成环, 以圈结, 以环连结；打环, 翻筋斗；循环",,,六级,1
loose,lu:s,n./adj./v./adv.,"发射, 放任, 放纵；宽松的, 松的, 宽的, 不牢固的, 散漫的, 自由的, 不精确的；释放, 放枪, 开船；变松, 开火；松散地",,,六级,1
loosely,'lu:sli,adv.,"松弛地, 宽松地, 不紧",,,六级,2
loosen,lu:sn,v.,"放松, 松开, 解除；变松, 松弛",,,六级,2
lord,lɒ:d,n./v.,"统治者, 阁下, 上帝；称王, 作威作福；使成贵族",,,六级,1
lorry,'lɒri,n.,"卡车, 货车；载重汽车",,,六级,1
lose,lu:z,v.,"遗失, 损失, 丢失, 使失去, 错过, 浪费, 迷失, 使迷路, 输去, 使沉溺于；受损失, 失败",,,六级,1
loss,lɒs,n.,"损失, 遗失, 失败, 输, 错过, 伤亡；损失; 损耗",,,六级,1
loudspeaker,'laud'spi:kə,n.,"扩音器, 喇叭；扬声器",,,六级,2
lounge,laundʒ,n./v.,"闲逛, 休闲室, 长沙发；闲混, (懒洋洋地)躺；闲混",,,六级,1
loyal,'lɒiəl,adj.,"忠诚的, 忠实的, 忠贞的",,,六级,1
loyalty,'lɒiəlti,n.,"忠贞, 忠诚, 忠实；忠诚, 忠心",,,六级,1
lubricate,'lu:brikeit,v.,"使润滑, 涂油；润滑",,,六级,2
luggage,'lʌgidʒ,n.,"行李, 皮箱",,,六级,2
lumber,'lʌmbə,n./v.,"木材, 破旧家俱, 废物, 隆隆声；砍伐木材, 乱堆；笨拙地移动, 喧闹地向前走, 隆隆地移动",,,六级,2
luminous,'lu:minəs,adj.,"发光的, 明亮的；发光的",,,六级,2
lump,lʌmp,n./v.,"块, 瘤, 很多, 肿块, 笨人；使成块状, 混在一起；结块",,,六级,1
lunar,'lu:nə,adj.,"阴历的, 月的, 微亮的(指光)；月的, 银的",,,六级,2
luncheon,'lʌntʃən,n.,"午宴, 午餐会",,,六级,2
lung,lʌŋ,n.,"肺, 肺脏, 空地；肺",,,六级,1
luxurious,lʌg'zjuəriəs,adj.,"豪华的, 奢侈的, 放纵的",,,六级,2
luxury,'lʌkʃəri,n./adj.,"奢侈, 豪华；奢侈的, 豪华的",,,六级,2
mad,mæd,adj./n.,"疯狂的, 发疯的, 生气的, 愚蠢的, 狂欢的；狂怒",,,六级,1
magazine,.mægə'zi:n,n.,"杂志, 仓库, 弹盒, 胶卷盒；卡片箱, 介质装卸程序",,,六级,1
magic,'mædʒik,n./adj.,"魔术, 魔法；魔术的, 有魔力的, 不可思议的",,,六级,1
magician,mə'dʒiʃən,n.,"魔术家, 幻术家, 术士",,,六级,2
magistrate,'mædʒistreit,n.,"长官, 法官, 推事；司法行政官, 治安法官, 地方法官",,,六级,1
magnet,'mægnit,n.,"磁铁, 有吸引力之人, 有吸引力之物；磁体",,,六级,2
magnetic,mæg'netik,adj.,"有磁性的, 有吸引力的, 催眠术的；磁[性]的",,,六级,1
magnetism,'mægnitizm,n.,"磁性, 吸引力, 磁学, 催眠术；磁学",,,六级,2
magnificent,mæg'nifisnt,adj.,"华丽的, 高尚的, 宏伟的",,,六级,1
magnify,'mægnifai,v.,"放大, 扩大, 赞美, 夸大；有放大能力",,,六级,2
magnitude,'mægnitju:d,n.,"巨大, 重大, 重要, 大小, 数量, 星等(指星的亮度)；大小; 值",,,六级,2
maid,meid,n.,"少女, 未婚女子, 女仆",,,六级,2
maiden,'meidn,n./adj.,"年轻未婚女子, 少女, 处女；未婚的, 处女的, 初次的, 无经验的",,,六级,2
main,mein,n./adj.,"主要部分, 干线, 体力, 力量, 主群组；主要的, 重要的, 全力的；主群组",,,六级,1
mainland,'meinlənd,n.,"大陆, 本土；大陆",,,六级,2
mainly,'meinli,adv.,"主要地, 大抵",,,六级,1
maintain,mein'tein,v.,"维持, 维修, 保持, 坚持, 供养, 主张；维修",,,六级,1
maintenance,'meintənəns,n.,"维护, 保持, 维修, 生活费用, 坚持, 扶养；维护; 维修",,,六级,1
majesty,'mædʒəsti,n.,"最高权威, 威严, 王权, 雄伟, 庄严",,,六级,2
major,'meidʒə,n./adj./v.,"主修课, 成年人, 陆军少校；主要的, 较多的, 大部分的, 成年的, 严重的；主修；主要, 主要刻度",,,六级,1
majority,mə'dʒɒriti,n.,"多数, 大半；多数逻辑",,,六级,1
makeup,'meikʌp,n.,"组成, 性格, 化妆品, 化装(术), 虚构, 补考",,,六级,2
malice,'mælis,n.,"恶意, 蓄意害人, 怨恨；预谋, 蓄意, 恶意",,,六级,2
malicious,mə'liʃəs,adj.,"怀恶意的, 恶毒的",,,六级,2
mall,mɔ:l,n.,林荫路,,,六级,2
malpractice,mæl'præktis,n.,"不当治疗, 不端行为, 渎职；疗法失当, 医疗差错",,,六级,2
mammal,mæməl,n.,哺乳动物；哺乳动物,,,六级,2
manage,'mænidʒ,v.,"处理；管理, 控制, 维持, 达成, 经营, 运用",,,六级,1
management,'mænidʒmənt,n.,"经营, 支配, 管理；管理处",,,六级,1
managerial,.mænə'dʒiəriəl,adj.,"管理的；管理上的, 经营上的",,,六级,1
manifest,'mænifest,n./adj./v.,"载货单, 运货单, 旅客名单；显然的, 明白的；显示, 出现；表明, 表现, 证明",,,六级,2
manipulate,mə'nipjuleit,v.,"操纵, 利用, 操作, 巧妙地处理, 假造",,,六级,1
mankind,mæn'kaind,n.,"人类, 男性",,,六级,2
manly,'mænli,adj.,"象男人的, 强壮的, 适于男人的",,,六级,2
manner,'mænə,n.,"样子, 礼貌, 风格；方式, 方法, 样式",,,六级,1
manoeuvre,mə'nu:və,n./v.,"调遣, 演习, 策略；调动, 演习, 用策略；调动, 操纵",,,六级,2
mansion,'mænʃən,n.,"大厦, 宅邸",,,六级,2
manual,'mænjuəl,n./adj.,"手册, 指南；手的, 手动的, 手工的, 体力的；人工的, 手动的",,,六级,1
manufacture,.mænju'fæktʃə,n./v.,"产品, 制造；制造, 假造；制造",,,六级,1
manufacturer,.mænju'fæktʃərə,n.,"制造业者, 厂商；制造人, 制造商, 制造厂",,,六级,1
manuscript,'mænjuskript,n./adj.,"手稿, 原稿, 底稿；手写的",,,六级,1
maple,'meipl,n.,"枫, 枫木, 淡棕色；枫木",,,六级,2
marathon,'mærəθən,n.,"马拉松, 耐力的考验",,,六级,2
marble,'mɑ:bl,n./adj.,"大理石, 石弹, 雕刻品；大理石的, 冷酷无情的, 有大理石花纹的",,,六级,1
margin,'mɑ:dʒin,n./v.,"页边的空白, 边缘, 界限, 余裕, 差数, 差额, 保证金；加边于, 加旁注于；页边距",,,六级,1
marginal,'mɑ:dʒinəl,adj.,"边缘的, 最低限度的, 有旁注的；缘的",,,六级,1
marine,mə'ri:n,n./adj.,"舰队, 水兵, 海景画；海的, 海产的, 海底的, 船舶的, 海运的",,,六级,1
maritime,'mæritaim,adj.,"海的, 海上的, 海事的, 沿海的, 海员的；海事的, 海上的, 海员的",,,六级,2
marriage,'mæridʒ,n.,"婚姻, 结婚, 婚礼, 合并；婚姻, 结婚",,,六级,1
married,'mærid,adj.,"已婚的, 婚姻的；结了婚的, 有配偶的, 夫妇的",,,六级,1
mars,mɑ:z,n.,"火星, 战神；铁",,,六级,2
marsh,mɑ:ʃ,n./adj.,"沼泽, 湿地；沼泽的",,,六级,2
marshal,'mɑ:ʃəl,n./v.,"元帅, 陆空军高级将官, 典礼官, 执法官；整理, 引领, 统率；排列, 各就各位",,,六级,2
martyr,'mɑ:tə,n./v.,"烈士, 受苦者, 受难者；使成为烈士, 使受苦",,,六级,2
marvel,'mɑ:vl,n./v.,"奇异事物, 罕见例子；惊异于；惊异",,,六级,2
marvellous,'mɑ:viləs,adj.,"奇异的, 神奇的, 奇迹般的, 惊人的, 不可思议的, 绝妙的, 妙极的",,,六级,1
marxism,'mɑ:ksizm,n.,"马克思主义；马克思的, 马克思主义的; 马克思主义",,,六级,2
marxist,'mɑ:ksist,adj./n.,马克思主义的；马克思主义者,,,六级,2
masculine,'mæskjulin,n./adj.,"阳性, 男性；男性的, 阳性的, 有丈夫气的",,,六级,2
masculinity,.mæskju'liniti,n.,"男子气, 刚毅, 大丈夫气概；男子本性, 男性",,,六级,2
mask,mæsk,n./v.,"面具, 假面具, 掩饰, 石膏面模；戴面具, 掩饰, 使模糊；化装, 戴面具, 掩饰, 参加化装舞会；屏蔽; 掩码",,,六级,1
mass,mæs,n./adj./v.,"块, 大多数, 质量, 大量, 群众, 弥撒；群众的, 大规模的, 整个的；使集合, 集中；聚集",,,六级,1
massacre,'mæsəkə,n./v.,"大屠杀；大屠杀, 残杀",,,六级,2
massive,'mæsiv,adj.,"大而重的, 宽大的, 宏伟的；大块的, 整块的, 大量的",,,六级,1
mast,mɑ:st,n./v.,"桅, 桅杆, 杆；装桅杆于",,,六级,2
master,'mɑ:stə. 'mæstə,n./adj./v.,"主人, 硕士, 大师, 母机；主人的, 主要的；征服, 控制, 精通",,,六级,1
masterpiece,'mɑ:stəpi:s,n.,"杰作, 名著",,,六级,2
mastery,'mɑ:stəri,n.,"征服, 统治权, 优势, 精通, 掌握；统治权, 控制权, 征服",,,六级,2
mat,mæt,n./adj./v.,"垫, 丛, 衬边；粗糙的, 无光泽的；纠缠在一起；铺席于...上, 使无光泽, 使缠结",,,六级,2
mate,meit,n./v.,"配偶, 对手, 助手, (象棋)将死；使配对, 使一致, 结伴, (象棋)将死；成配偶, 紧密配合",,,六级,1
material,mə'tiəriəl,n./adj.,"材料, 物资, 素材, 布料, 资料；物质的, 肉体的, 重要的",,,六级,1
materialism,mə'tiəriəlizm,n.,唯物主义,,,六级,2
maternity,mə'tə:niti,n./adj.,"母性, 怀孕, 妇产科医院；产妇的",,,六级,2
mathematical,.mæθə'mætikl,adj.,"数学的, 精确的；数学上的",,,六级,1
mathematics,.mæθə'mætiks,n.,数学；数学,,,六级,1
maths,mæθs,n.,数学,,,六级,2
maturation,.mætʃu'reiʃən,n.,"化脓, 成熟；成熟, 化脓",,,六级,2
mature,mə'tjuə,adj./v.,"成熟的, 到期的, 充分考虑的；使成熟；成熟, 到期",,,六级,1
maturity,mə'tjuəriti,n.,"成熟, 完备, 到期；成熟, 成熟期, 发育期",,,六级,1
maximum,'mæksimən,n./adj.,"极点, 最大量, 极大；最高的, 最大的, 最大极限的；最大值",,,六级,1
mayor,'mєə,n.,市长；市长,,,六级,1
meadow,'medəu,n.,"草地, 牧场",,,六级,2
meaningful,'mi:niŋful,adj.,意味深长的,,,六级,2
means,mi:nz,n.,"方法, 手段, 工具, 财产, 收入；方法, 手段, 工具; 意谓",,,六级,1
meantime,'mi:ntaim,n./adv.,"间隔时间, 其时；其间",,,六级,1
meanwhile,'mi:nhwail,n./adv.,"其时, 其间；同时, 于此时",,,六级,1
measurable,'meʒərəbl,adj.,"可测量的, 不久的, 重要的",,,六级,2
measure,'meʒə,n./v.,"尺寸, 量度器, 量度标准, 测量, 量具, 程度, 范围, 限度, 分寸, 措施, 方法；测量, 测度, 估量, 权衡, 调节, 拿(自己或自己的力量等)作较量；度量",,,六级,1
measurement,'meʒədmənt,n.,"尺寸, 度量, 度量单位；度量, 度量单位",,,六级,1
mechanic,mi'kænik,n./adj.,"机械工, 技工；手工的",,,六级,1
mechanical,mi'kænikəl,adj.,"机械的, 机械性的, 力学的；机械的, 力学的",,,六级,1
mechanically,mi'kænikəli,adv.,"机械, 用机械, 机械学, 物理, 力学, 呆板, 无意识, 手工操作, 技工",,,六级,2
mechanics,mi'kæniks,n.,"机械学, 结构, 力学；力学",,,六级,3
mechanism,'mekənizm,n.,"机械, 机构, 结构, 机理, 技巧；机理; 历程; 机构",,,六级,1
medal,'medl,n./v.,"奖牌, 勋章；授勋予",,,六级,1
media,'mi:diə,n.,媒体；媒质,,,六级,1
mediate,'mi:dieit,adj./v.,"居间的, 间接的；斡旋, 调停；处于中间, 调解",,,六级,2
medical,'medikl,n./adj.,"医生, 体格检查；医学的, 内科的, 药的",,,六级,1
medieval,.medi'i:vl,adj.,"中古的, 中世纪的",,,六级,1
meditate,'mediteit,v.,"想, 考虑, 计划；沉思, 反省",,,六级,2
mediterranean,.meditə'reiniən,n./adj.,"地中海, 地中海民族；地中海的, 地中海民族的",,,六级,2
medium,'mi:diəm,n./adj.,"媒体, 方法, 媒介；半生熟的, 中间的；媒体, 中",,,六级,1
melancholy,'melənkɒli,n./adj.,"忧郁, 悲哀, 愁思；忧郁的, 使人悲伤的, 愁思的",,,六级,2
melody,'melədi,n.,"曲子, 美妙音乐, 曲调",,,六级,2
melon,'melən,n.,"瓜, 甜瓜, 红利, 赃物；三聚二氰亚胺",,,六级,2
melt,melt,n./v.,"熔化, 熔化物, 溶解；(使)熔化, (使)溶解, (使)消散, (使)变软",,,六级,1
membership,'membəʃip,n.,"会员的资格, 全体会员, 会员数目；会员资格, 成员资格, 会籍",,,六级,1
memorial,mi'mɒ:riəl,n./adj.,"纪念物, 请愿书；记念的, 记忆的",,,六级,1
memory,'meməri,n.,"记忆, 记忆力, 回忆, 纪念, 存储；内存；存储器, 内存, 查看内存实用程序",,,六级,1
menace,'menis,n./v.,"威胁, 胁迫；威吓, 胁迫",,,六级,2
mental,'mentl,adj./n.,"心智的, 精神病的, 心理的, 颏的；精神病患者",,,六级,1
merchandise,'mə:tʃəndaiz,n./v.,"商品, 货物；交易, 买卖",,,六级,2
merchant,'mə:tʃənt,n./adj.,"商人, 店主；商业的, 商人的",,,六级,1
merciful,'mə:siful,adj.,"仁慈的, 慈悲的",,,六级,2
mercury,'mə:kjuri,n.,"水银, 汞, 使者；汞Hg",,,六级,2
mercy,'mə:si,n.,"仁慈, 宽恕, 慈悲, 怜悯, 幸运；权宜处置权, 决定权, 宽恕",,,六级,1
mere,miə,n./adj.,"小湖, 池塘；仅仅的, 只不过的",,,六级,1
merely,'miəli,adv.,只,,,六级,1
merge,mə:dʒ,v.,"使合并, 使消失, 吞没；合并, 渐渐消失；合并",,,六级,1
merit,'merit,n./v.,"优点, 功绩, 价值, 功过, 真相；值得；应受",,,六级,1
merry,'meri,adj.,"快乐的, 愉快的, 嬉戏作乐的",,,六级,2
mesh,meʃ,n./v.,"网孔, 网丝, 网眼, 网状物, 圈套, 陷阱, 啮合；以网捕捉, 啮合, 使缠住；落网, 相啮合",,,六级,2
mess,mes,n./v.,"食堂, 伙食, 用膳, 一份食品, 混乱, 乱七八糟, 困境；将...弄糟, 妨碍, 使紊乱, 使就餐；陷入困境, 搞乱, 用膳",,,六级,1
message,'mesidʒ,n./v.,"消息, 通讯, 讯息, 教训, 预言, 广告词；通知；通报, 报告, 报信；报文; 消息; 信息",,,六级,1
messenger,'mesindʒə,n.,"报信者, 使者；使者, 送信者, 通信员",,,六级,2
metabolic,.metə'bɒlik,adj.,"变化的, 变形的, 新陈代谢的；[新陈]代谢的",,,六级,2
metal,'metəl,n./adj./v.,"金属, 金属制品, 合金, 本质, 质料；金属制的；以金属覆盖",,,六级,1
metallic,mi'tælik,adj.,"金属的, 含金属的, 产生金属的；金属的",,,六级,2
metallurgy,'metələ:dʒi,n.,"冶金学, 冶金术；冶金",,,六级,2
meteorite,'mi:tiərait,n.,陨星；陨石; 陨铁,,,六级,2
method,'meθəd,n.,"方法, 办法, 条理, 秩序；[方]法",,,六级,1
metre,'mi:tə,n.,"公尺, 格律, 韵律；米, 公尺",,,六级,1
metric,'metrik,adj.,"公尺的, 公制的, 计量的；测量的, 米制的, 公制的",,,六级,2
metropolitan,.metrə'pɒlitn,n./adj.,"大都市居民, 都主教, 宗主国的公民；大都市的, 都主教区的, 宗主国的",,,六级,1
microcomputer,.maikrəu'kɒmpjutə,n.,"微电脑, 微机；微型计算机; 微计算机",,,六级,2
microphone,'maikrəfəun,n.,"扩音器, 麦克风；扩音器, 传声器",,,六级,2
microprocessor,.maikrəu'prəusesə,n.,微处理器；微处理器; 微处理机,,,六级,2
microscope,'maikrəuskəup,n.,显微镜；显微镜,,,六级,2
microscopic,maikrə'skɔpik,adj.,"显微镜的, 用显微镜可见的, 微观的, (非正式)极微小的, 细微的；微观的",,,六级,2
microwave,'maikrəuweiv,n.,微波；微波,,,六级,2
midday,'middei,n./adj.,"正午, 中午；正午的",,,六级,2
midnight,'midnait,n./adj.,"午夜, 子夜, 半夜；午夜的, 半夜的",,,六级,1
midst,midst,n./prep.,中间；在...中间,,,六级,2
mighty,'maiti,n./adj./adv.,"有势力的人；有势力的, 强大的, 有力的；很, 极",,,六级,2
migrant,'maigrənt,n.,"候鸟, 移居者；移居者",,,六级,2
migrate,'maigreit,v.,"移动, 移往, 随季节而移居；迁移程序",,,六级,2
mild,maild,adj.,"温和的, 温柔的, 淡味的, 适度的, 轻微的, (肥皂等)软性的；轻的, 缓和的",,,六级,1
mile,mail,n.,"英里, 很大距离；英里, 哩",,,六级,1
militant,'militənt,adj.,好战的,,,六级,2
military,'militəri,n./adj.,"军队；军事的, 军人的, 适于战争的",,,六级,1
milky,'milki,adj.,"乳状的, 乳白色的, 柔和的",,,六级,2
mill,mil,n./v.,"压榨机, 磨坊, 制造厂；碾磨, 磨细, 搅拌, 使乱转；乱转, 被碾磨",,,六级,1
millimetre,'milimi:tə,n.,毫米；公厘,,,六级,2
millionaire,.miljə'nєə,n.,"百万富翁, 大富豪；大资本家, 巨富, 百万富翁",,,六级,2
miner,'mainə,n.,"矿工, 开矿机, 坑道工兵；矿工",,,六级,1
mingle,'miŋgl,v.,(使)混合,,,六级,2
miniature,'miniətʃə,n./adj.,"缩图, 小画像；小规模的, 纤小的",,,六级,2
minimal,'miniml,adj.,"最小的, 极微的, 最小限度的；最小的, 最低的",,,六级,1
minimize,'minimaiz,v.,将...减到最少；最小化；最小化；最小化,,,六级,2
minimum,'miniməm,adj./n.,"最小的, 最低的；最小值；最小值",,,六级,1
minister,'ministə,n./v.,"部长, 牧师, 公使；服侍, 救助, 主持宗教仪式",,,六级,1
ministry,'ministri,n.,"部, 内阁, 服务；部",,,六级,1
minor,'mainə,n./adj./v.,"未成年人, 副修科目；较小的, 二流的, 未成年的；副修；次要",,,六级,1
minority,mai'nɒriti,n./adj.,"少数, 未成年, 少数民族；少数的, 属于少数派的",,,六级,1
mint,mint,n./v.,"薄荷, 造币厂, 巨额；铸造, 铸币, 制造",,,六级,2
minus,'mainəs,n./adj./prep.,"负号, 不足；减的, 负的, 阴性的；减, 缺；负差",,,六级,1
miracle,'mirəkl,n.,"奇迹, 奇事",,,六级,1
mirror,'mirə,n./v.,"镜子, 写真, 典范；反映, 映出",,,六级,1
mischief,'mistʃif,n.,"损害, 伤害, 灾祸, 恶作剧, 淘气；损害, 伤害, 危害",,,六级,2
miser,'maizə,n.,"守财奴, 吝啬鬼, (石油工程上用的)锥钻头",,,六级,2
miserable,'mizərəbl,adj.,悲惨的；痛苦的；卑鄙的,,,六级,2
misery,'mizəri,n.,"痛苦, 悲惨, 不幸, 穷困",,,六级,1
misfortune,mis'fɒ:tʃən,n.,"不幸, 灾祸, 坏运气；不幸事故, 不幸, 灾祸",,,六级,2
mislead,mis'li:d,v.,误导,,,六级,2
missile,'misail,n./adj.,"发射物, 导弹, 飞弹, 火箭；可发射的",,,六级,1
missing,'misiŋ,adj.,"不见的, 缺少的；行踪不明的, 失踪的, 遗失的",,,六级,1
mission,'miʃən,n./v.,"任务, 代表团, 使命, 传教团；派遣, 向...传教",,,六级,1
missionary,'miʃənəri,n./adj.,"传教士, 负有任务者, 工作人员；传教的, 传教士的",,,六级,2
mist,mist,n./v.,"雾, 迷蒙, 朦胧不清；使模糊, 使蒙上雾；变模糊, 下雾",,,六级,1
mister,'mistə,n.,先生,,,六级,2
mistress,'mistris,n.,"主妇, 女主人, 情妇",,,六级,1
misunderstand,.misʌndə'stænd,v.,"误解, 误会",,,六级,2
mitten,'mitn,n.,"连指手套, 拳击手套",,,六级,2
mixer,'miksə,n.,"混合者, 混合器, 搅拌机, 搅拌器, 混频器, (非正式)交际家, 与人相处的人；混频器, 音装置",,,六级,2
mixture,'mikstʃə,n.,"混合, 混淆, 混合物；混合物",,,六级,1
moan,məun,n./v.,"呻吟, 悲叹；呻吟, 抱怨, 悲叹；呻吟着说",,,六级,2
mob,mɒb,n./v.,"暴民, 民众, 暴徒；大举包围, 蜂拥进入, 围攻；聚众生事",,,六级,2
mobile,'məubil,adj./n.,"移动的, 易变的, 机动的；活动物体",,,六级,1
mobility,məu'biliti,n.,"可动性, 流动性, 机动性；迁移率",,,六级,1
mobilize,'məubilaiz,v.,"动员, 调动, 使流通；动员",,,六级,2
mock,mɒk,n./adj./adv./v.,"嘲笑, 戏弄, 模仿；假的, 伪造的, 模拟的；虚伪地；嘲弄, 模仿, 使失望, 欺骗, 挫败；嘲弄",,,六级,2
mode,məud,n.,"模态, 调式, 样式, 文体, 状态, 方式, 风尚；方式; DOS外部命令:设定各种设备命令",,,六级,1
moderate,'mɒdərət,adj./v.,"适度的, 稳健的, 中等的, 节制的；节制, 减轻, 使缓和；变缓和, 主持会议",,,六级,1
moderately,'mɒdərətli,adv.,"适当地, 适度地, 中庸地",,,六级,2
modest,'mɒdist,adj.,"谦逊的, 羞怯的, 端庄的, 适度的；适当的",,,六级,1
modesty,'mɒdisti,n.,"谦逊, 质朴, 羞怯",,,六级,2
modification,.mɒdifi'keiʃən,n.,"修正, 修饰, 修改；修饰; 修改",,,六级,1
modify,'mɒdifai,v.,"修正, 变更, 修饰, 缓和, 减轻；被修改；修改",,,六级,1
modulate,'mɒdjuleit,v.,"调整, 使转调, 控制；转调, 调制",,,六级,2
module,'mɒdju:l,n.,"组件, 模数；模块",,,六级,1
moist,mɒist,adj.,"潮湿的, 多雨的, 感伤的, 含泪的；湿的",,,六级,2
moisture,'mɒistʃə,n.,"湿气, 水分, 降雨；含水量; 含湿量",,,六级,2
molecular,mə'lekjulə,adj.,"分子的, 由分子组成的；分子的",,,六级,1
molecule,'mɒlikju:l,n.,"分子, 些微；分子",,,六级,1
momentary,'məuməntəri,adj.,"瞬间的, 刹那间的",,,六级,2
momentum,məu'mentəm,n.,"动力, 动量；动量",,,六级,2
monarch,'mɒnək,n.,"帝王, 统治者, 元首；单原型(植)",,,六级,2
monetary,'mʌnitəri,adj.,"货币的, 金钱的；货币的, 金融的",,,六级,1
monitor,'mɒnitə,n./v.,"监督器, 级长, 监听员, 班长, 监视器, 告诫物；监视, 监听, 监督；监视器, 监视程序; 监视",,,六级,1
monk,mʌŋk,n.,"修道士, 僧侣, 和尚",,,六级,1
monopoly,mə'nɒpəli,n.,"垄断, 专卖权, 独占事业；垄断, 专利品, 垄断(权)独占",,,六级,1
monster,'mɒnstə,n.,"怪物, 恶人, 巨物；畸胎",,,六级,1
monstrous,'mɒnstrəs,adj.,"巨大的, 畸形的, 怪异的；巨大的, 异形的, 畸形的:荒诞的",,,六级,2
monument,'mɒnjumənt,n.,"纪念碑, 纪念物, 石碑",,,六级,1
mood,mu:d,n.,"心情, 气氛, 生气, 基调；心境",,,六级,1
moor,muə,n./v.,荒野；旷野；Moor: 摩尔人.；系住；停泊,,,六级,1
mop,mɒp,n./v.,"拖把, 鬼脸；用拖把洗擦, 擦, 拭；做鬼脸；维护操作协议",,,六级,2
moral,'mɒrəl,n./adj.,"道德, 品行, 寓意；道德的, 品性端正的, 精神上的",,,六级,1
morality,mə'ræliti,n.,"道德, 教训, 品行；道德, 道义",,,六级,1
moreover,mɒ:'əuvə,adv.,"而且, 此外",,,六级,1
mortal,'mɒ:təl,n./adj.,"生物, 人类；不免一死的, 人类的, 临终的",,,六级,2
mortgage,'mɒ:gidʒ,n./v.,"抵押, 约束性义务, 抵押借款；抵押, 以...作担保, 把...许给",,,六级,1
moslem,'mɒzləm,n./adj.,"穆斯林；穆斯林的, 伊斯兰教的",,,六级,2
mosque,mɒsk,n.,清真寺,,,六级,2
mosquito,mə'ski:təu,n.,蚊子；蚊,,,六级,2
moss,mɒs,n./v.,"苔藓, 泥沼；使长满苔藓",,,六级,2
mostly,'məustli,adv.,"大概, 大部分, 主要；大部份",,,六级,1
motel,məu'tel,n.,汽车旅馆,,,六级,2
motion,'məuʃən,n./v.,"移动, 手势, 动作, 意向, 请求, 提议；打手势",,,六级,1
motivate,'məutiveit,v.,"给与动机, 刺激, 提高...的学习欲望, 促动；促动, 激发, 激励",,,六级,2
motive,'məutiv,n./adj.,"动机, 目的, 主题, 基调；运动的, 成为动机的",,,六级,1
motor,'məutə,n./adj./v.,"马达, 发动机, 原动力, 汽车；马达的, 发动机的, 汽车的, 发动的；推动, 以汽车载运；乘汽车, 驾车",,,六级,1
motorway,'məutəwei,n.,高速公路,,,六级,1
mould,məuld,n./v.,"模子, 模制品, 松软沃土, 霉；形成, 浇铸, 用泥土覆盖；发霉",,,六级,2
mount,maunt,n./v.,"乘骑用马, 框, 衬纸, 山；乘马, 爬上, 增长；爬上, 使上马, 装上, 装裱, 安放, 制作...的标本, 设置, 上演；安装",,,六级,1
mountainous,'mauntinəs,adj.,"多山的, 如山的, 巨大的",,,六级,2
mourn,mɒ:n,v.,"哀悼, 忧伤, 服丧",,,六级,2
mouse,maus,n./v.,"老鼠, 胆小羞怯的人, 鼠标；捕鼠, 窥探；探出；鼠标",,,六级,1
mouthful,'mauθful,n.,"一口, 满口",,,六级,2
movement,'mu:vmənt,n.,"运动, 动作, 运转, 移动, 倾向, 变化, 活动, 乐章；运动",,,六级,1
mud,mʌd,n./v.,"泥, 诽谤；弄脏",,,六级,1
muddy,'mʌdi,adj./v.,"泥泞的, 浑浊的, 模糊的；使污浊, 使沾上泥污",,,六级,2
mug,mʌg,n./v.,"有柄大杯, 脸, 苦读者；给...拍照, 攻击, 苦读；拼命用功",,,六级,2
multiple,'mʌltipl,n./adj.,"倍数, 并联；多样的, 许多的, 多功能的",,,六级,1
multiplication,.mʌltipli'keiʃən,n.,"乘法, 增加, 乘法运算；增殖; 倍增",,,六级,2
multiply,'mʌltiplai,v.,"繁殖, 乘, 增加；乘",,,六级,2
multitude,'mʌltitju:d,n.,"多数, 群众",,,六级,2
municipal,mju:'nisipl,adj.,"市政的, 自治区的, 内政的；市政的, 市的",,,六级,2
murder,'mə:də,n./v.,"谋杀；谋杀, 损毁, 破坏；犯杀人罪",,,六级,1
murderer,'mə:dərə,n.,"凶手, 杀人者, 谋害者；谋杀犯, 凶手",,,六级,2
murmur,'mə:mə,n./v.,"低语, 低声的怨言；低语, 低声而言；低声说",,,六级,1
muscle,'mʌsl,n.,"肌肉, 臂力；肌",,,六级,1
muscular,'mʌskjulə,adj.,"强壮的, 肌肉发达的, 有力的；肌的; 肌肉发达的",,,六级,2
muse,mju:z,n./v.,"沉思, 冥想；沉思, 冥想, 若有所思地凝望或说",,,六级,2
museum,mju:'ziəm,n.,博物馆,,,六级,1
mushroom,'mʌʃrum,n./v./adj.,"蘑菇形物, 蘑菇, 暴发户；迅速生长, 迅速增加, 采蘑菇；蘑菇形的, 迅速生长的",,,六级,2
musical,'mju:zikl,n./adj.,"音乐片, 音乐舞台剧；音乐的, 声音美妙的, 喜爱音乐的",,,六级,1
musician,mju:'ziʃən,n.,"音乐家, 乐师, 作曲家",,,六级,1
mustard,'mʌstəd,n.,"芥末, 芥菜, 强烈的兴趣；芥子; 芥属植物",,,六级,2
mute,mju:t,n./adj./v.,"哑子, 哑音字母, 弱音器；哑的, 无声的, 沉默的；减弱...的声音；排泄",,,六级,2
mutter,'mʌtə,n./v.,"喃喃低语；喃喃自语, 作低沉声；出怨言, 抱怨地说",,,六级,1
mutton,'mʌtn,n.,羊肉,,,六级,2
mutual,'mju:tʃuəl,adj.,"相互的, 共有的；相互的",,,六级,1
mysterious,mis'tiəriəs,adj.,"神秘的, 难解的, 不可思议的",,,六级,1
mystery,'mistəri,n.,"秘密, 神秘, 奥秘",,,六级,1
myth,miθ,n.,"神话, 虚构的事, 虚构的人",,,六级,1
nail,neil,n./v.,"钉子, 指甲；用钉钉牢, 使固定, 截住, 揭露",,,六级,1
naive,nɑ:'i:v,adj.,"天真的, 纯真的, 幼稚的",,,六级,2
naked,'neikid,adj.,"裸体的, 无装饰的, 无保护的, 赤贫的；裸露的",,,六级,1
namely,'neimli,adv.,"即, 就是, 换句话说",,,六级,1
nap,næp,n./v.,"小睡, 稍睡, 细毛, 孤注一掷；小睡, 疏忽；使拉毛, 打盹度过, 预测...为获胜马",,,六级,2
napkin,'næpkin,n.,"餐巾, 餐巾纸, 尿布",,,六级,2
narration,nə'reiʃən,n.,"叙述, 故事, 叙述文；陈诉, 原告陈述者事实",,,六级,2
narrative,'nærətiv,n./adj.,"叙述, 故事；叙述的, 叙事的, 故事体的",,,六级,2
narrow,'nærəu,n./adj./v.,"狭窄部分, 隘路；狭窄的, 仔细的, 有限的, 勉强的, 狭隘的, 手紧的；变窄；使变狭窄",,,六级,1
nasty,'nɑ:sti,adj.,"污秽的, 下流的, 险恶的",,,六级,1
nation,'neiʃən,n.,"国家, 民族；民族, 国家",,,六级,1
national,'næʃənəl,adj.,"国家的, 国立的, 全国性的, 民族的；全国性的, 国家的, 国民的",,,六级,1
nationality,.næʃə'næləti,n.,"国籍, 国家, 民族性；国家, 民族, 国民",,,六级,2
native,'neitiv,n./adj.,"本地人, 土产, 当地人；本国的, 与生俱来的, 自然的",,,六级,1
natural,'nætʃərəl,n./adj.,"白痴；自然的, 自然界的, 本能的, 天然的, 物质的, 正常的, 原始的, 自然数的",,,六级,1
naturally,'nætʃərəli,adv.,"自然地, 以自然力, 天生地",,,六级,1
nature,'neitʃə,n.,"自然, 大自然, 本性, 性格, 性质；自然, 大自然; 本性, 性能",,,六级,1
naughty,'nɒ:ti,adj.,"顽皮的, 没规矩的, 不适当的, 下流的",,,六级,2
naval,'neivl,adj.,"海军的, 军舰的, 有舰队的；海军的, 军舰的, 船的",,,六级,1
nave,neiv,n.,"(教堂)中殿, 中央广场, 轮毂；轮毂",,,六级,2
navigation,.nævi'geiʃən,n.,"航行, 航海, 导航；航空, 航海, 航船",,,六级,2
navy,'neivi,n.,"海军, 海军人员, 海军军力, 烟蒂",,,六级,1
nearby,'niəbai,adj./adv./prep.,"附近的, 近旁的；在附近, 近旁地；在...附近",,,六级,1
neat,ni:t,adj./n.,"整洁的, 巧妙的, 匀称的, 简洁的；牛",,,六级,1
necessarily,'nesisərili,adv.,"必然地, 必须地, 必要地",,,六级,1
necessitate,ni'sesiteit,v.,"迫使, 使成为必需, 需要",,,六级,2
necessity,ni'sesəti,n.,"需要, 必需品, 必然；必要性, 必然性, 必要",,,六级,1
neck,nek,n./v.,"脖子, 衣领, 颈；拥抱, 拥吻, 收缩；割颈",,,六级,1
necklace,'neklis,n.,项链,,,六级,2
needle,'ni:dl,n./v.,"针, 尖；用针缝；缝纫；探针",,,六级,1
needless,'ni:dlis,adj.,"不需要的, 不必要的",,,六级,2
negative,'negətiv,n./adj.,"否定, 否定语, 负数, 底片；否定的, 消极的, 负的, 阴性的；负数, 负值；负数, 负值",,,六级,1
neglect,ni'glekt,n./v.,"疏忽, 忽略, 漏做；疏忽, 忽视, 不顾",,,六级,1
negligible,'neglidʒəbl,adj.,"可以忽略的, 不足取的, 无用的；可不计的, 可忽视的",,,六级,2
negotiate,ni'gəuʃieit,v.,"商议, 谈判, 交涉；谈妥, 转让, 处理",,,六级,1
negotiation,ni.gəuʃi'eiʃən,n.,"谈判, 磋商, 交涉；谈判, 协商",,,六级,1
negro,'ni:grəu,n./adj.,黑人；黑人的,,,六级,2
neighbour,'neibə,n./adj./v.,"邻居, 邻接的东西, 邻国, 邻座, 邻人, 世人；邻接的, 邻近的；vt. 邻近, 与...结邻, 邻接",,,六级,1
neighbourhood,'neibəhud,n.,"邻接, 周围, 附近一带, 邻近, 邻居关系, 地区, 街道, 街坊, 四邻；邻域",,,六级,1
neighbouring,'neibəriŋ,adj.,"邻近的, 接壤的, 附近的；邻近的, 附近的, 接壤的",,,六级,1
nephew,'nefju:,n.,"侄子, 外甥",,,六级,2
nerve,nə:v,n./v.,"精神, 勇气, 叶脉, 神经；鼓起勇气",,,六级,1
nervous,'nə:vəs,adj.,"神经紧张的, 不安的, 神经的；神经的; 神经质的, 神经过敏的",,,六级,1
nest,nest,n./v.,"巢, 窝, 休息所, 隐匿处；筑巢, 找鸟巢；为...设窝, 使套叠；嵌套",,,六级,1
net,net,n./adj./v.,"网, 网状物, 罗网, 净利, 净价；净的, 最终的；用网捕, 撒网, 净赚, 得到；编网；网络, 网络分析程序",,,六级,1
network,'netwə:k,n.,"网络, 广播网, 网状物；网络",,,六级,1
neuron,'njuərɔn,n.,"神经原, 轴索, 神经细胞；神经元",,,六级,2
neutral,'nju:trəl,n./adj.,"中立者, 中立国, 非彩色, 空档；中立的, 中性的, 无色的",,,六级,1
neutron,'nju:trɒn,n.,中子；中子,,,六级,2
nevertheless,.nevəðə'les,adv./conj.,"然而, 虽然如此；然而",,,六级,1
newly,'nju:li,adv.,"重新, 最近",,,六级,1
nickel,'nikl,n./v.,"镍, 镍币, 五分镍币；镀镍于",,,六级,2
nickname,'nikneim,n./v.,"绰号, 昵称；给...取绰号, 叫错名字；绰号",,,六级,2
niece,ni:s,n.,"侄女, 甥女",,,六级,2
nightmare,'naitmєə,n.,"梦魇, 恶梦, 可怕的事物(或情景、人物)；梦魇, 恶梦",,,六级,1
nitrogen,'naitrədʒən,n.,氮；氮N-2,,,六级,2
noble,'nəubl,n./adj.,"贵族；高贵的, 高尚的, 贵族的, 辉煌的",,,六级,1
nod,nɒd,n./v.,"点头, 打盹, 晃动；点头, 打盹；点头表示, 点(头)",,,六级,1
noisy,'nɒizi,adj.,"嘈杂的, 喧闹的；噪声的, 嘈杂的",,,六级,2
nominal,'nɒminl,adj./n.,"名义上的, 名字的, 有名无实的, 稍许的；名词性词",,,六级,2
nominate,'nɒmineit,v.,"提名, 任命, 命名；提名...为候选人, 指定, 推荐",,,六级,2
nonetheless,",nʌnðə'les",conj./adv.,"然而, 尽管, 不过；不过, 仍然, 尽管如此, 然而",,,六级,1
nonsense,'nɒnsəns,n.,"无意义的事, 荒谬言行, 荒唐",,,六级,1
norm,nɒ:m,n.,"基准, 模范, 标准, 准则, 平均数；定额",,,六级,1
normal,'nɒ:ml,n./adj.,"常态, 标准, 正常, 普通；正常的, 正规的, 标准的, 师范的, 正态的；标准, 普通",,,六级,1
normalization,.nɒ:məlai'zeiʃən,n.,"常态化, 正常化, 正规化；归一化; 正态化; 正火; 正火处理",,,六级,2
normally,'nɒ:məli,adv.,"正规地, 合规则, 正常地",,,六级,1
northeast,.nɒ:θ'i:st,n./adj./adv.,"东北；东北的, 向东北的, 来自东北的；向东北, 来自东北",,,六级,2
northern,'nɒ:ðən,n./adj.,"北方人；北方的, 向北的, 自北方来的",,,六级,1
northward,'nɒ:θwəd,n./adj./adv.,"北方, 北；向北的；向北",,,六级,2
northwards,'nɔ:θwədz,adv.,向北方,,,六级,2
northwest,.nɒ:θ'west,n./adj./adv.,"西北, 西北方；西北的, 在西北的, 来自西北的；向西北",,,六级,2
notable,'nəutəbl,n./adj.,"著名人士, 值得注意之事物；值得注意的, 显著的",,,六级,1
notation,nəu'teiʃən,n.,"记号, 符号表示法, 注释；记数法",,,六级,2
notebook,'nəutbuk,n.,"笔记本, 手册, 期票簿",,,六级,2
noted,'nəutid,adj.,"著名的, 显著的, 扬名的",,,六级,2
notice,'nəutis,n./v.,"注意, 布告, 通知, 预告, 短评；注意, 通知, 评论, 提及, 关注；注意",,,六级,1
noticeable,'nəutisəbl,adj.,"显而易见的, 显著的, 值得注意的",,,六级,2
notification,.nəutifi'keiʃən,n.,"通知, 通告, 告示；通知, 通知书",,,六级,2
notify,'nəutifai,v.,"通知, 通告, 报告；通知",,,六级,2
notion,'nəuʃən,n.,"概念, 观念, 想法, 打算, 别致的小东西；概念, 打算, 想法",,,六级,1
notorious,nəu'tɒ:riəs,adj.,"声名狼藉的, 臭名昭著的, 众人皆知的",,,六级,2
notwithstanding,.nɒtwiθ'stændiŋ,adv./prep./conj.,"虽然, 尽管；尽管；虽然",,,六级,2
nought,nɒ:t,n.,"没有, 零, 无",,,六级,2
noun,naun,n.,名词,,,六级,2
nourish,'nə:riʃ,v.,"滋养, 使健壮, 怀有",,,六级,2
nourishment,'nə:riʃmənt,n.,"滋养品, 养料, 营养；营养, 营养品",,,六级,2
novel,'nɒvl,n./adj.,"小说, 长篇故事；新奇的, 异常的",,,六级,1
novelty,'nɒvəlti,n.,"新奇, 新鲜, 新奇的事物",,,六级,2
nowadays,'nauədeiz,n./adv.,"现在, 现时, 当今；时下, 现今",,,六级,1
nowhere,'nəuhwєə,adv.,"无处, 到处都无",,,六级,1
nuclear,'nju:kliə,adj.,"核子的, 原子能的, 核的, 中心的；核的",,,六级,1
nucleus,'nju:kliəs,n.,"核心, 核子, 原子核, 起点；核心程序",,,六级,2
nuisance,'nju:sns,n.,"讨厌的东西, 讨厌的人, 损害；损害, 讨厌",,,六级,2
numerical,nju:'merikl,adj.,"数字的, 数值的, 以数字表示的, 擅长于计数的；数字的, 用数字表示的",,,六级,2
numerous,'nju:mərəs,adj.,"很多的, 数目众多的, 多数的；多数的, 甚多的",,,六级,1
nun,nʌn,n.,"修女, 尼姑",,,六级,2
nursery,'nə:səri,n.,"托儿所, 苗圃, 温床；婴儿室, 托儿所",,,六级,1
nurture,'nə:tʃə,n./v.,"养育, 营养物, 培育；养育, 供给营养物, 教养",,,六级,2
nut,nʌt,n.,"坚果, 核心, 螺帽；Novell NetWare服务器实用程序",,,六级,1
nutrient,'nju:triənt,adj./n.,"营养的, 滋养的；营养物, 滋养物",,,六级,2
nutrition,nju:'triʃən,n.,"营养, 营养学；营养, 营养品",,,六级,2
nylon,'nailɒn,n.,尼龙；尼龙; 聚酰胺纤维,,,六级,2
oak,əuk,n./adj.,"橡树, 橡木；橡木制的",,,六级,1
oar,ɒ:,n./v.,"桨, 桨手, 搅棒；划桨；划动",,,六级,2
oath,əuθ,n.,"誓约, 誓言, 咒骂；誓言, 誓约, 宣誓",,,六级,2
obedience,ə'bi:djəns,n.,"服从, 顺从, 忠实；服从, 顺从, 遵从",,,六级,2
obedient,ə'bi:djənt,adj.,"服从的, 顺从的, 孝顺的；服从的, 顺从的, 忠顺的",,,六级,2
obese,əu'bi:s,adj.,肥胖的；肥胖的,,,六级,2
obey,ə'bei,v.,"服从, 遵从, 顺从；服从",,,六级,1
object,'ɒbdʒekt,n./v.,"物体, 目标, 目的, 对象, 宾语, 客体；反对, 抱反感；提出...来反对；对象",,,六级,1
objection,əb'dʒekʃən,n.,"异议, 反对, 不喜欢, 缺点, 缺陷, 妨碍, 拒绝之理由；异议, 反对, 抗议",,,六级,1
objective,əb'dʒektiv,n./adj.,"目的, 目标, 宗旨, 宾格, 实物；客观的, 如实的, 无偏见的, 宾格的",,,六级,1
obligation,.ɒbli'geiʃən,n.,"义务, 责任, 约束, 契约, 恩惠, 债务；待付款, 债务, 义务",,,六级,1
oblige,ə'blaidʒ,v.,"强制, 施恩惠于, 使感激；施恩惠, 帮忙",,,六级,2
obscene,ɒb'si:n,adj.,"淫秽的, 猥亵的, 讨人厌的, 可憎的；猥亵的, 海洋的, 污秽的",,,六级,2
obscure,əb'skjuə,adj./v.,"模糊的, 昏暗的, 难解的, 晦涩的, 偏僻的, 微贱的, 无名的；使变暗, 隐藏, 使变模糊, 使难解",,,六级,2
observation,.ɒbzə:'veiʃən,n.,"观察, 注意, 观测, 观察力；观察",,,六级,1
observe,əb'zə:v,v.,"觉察到, 遵守, 注意到, 庆祝；注意, 评论",,,六级,1
observer,əb'zə:və,n.,"观察者, 遵守者, 观察员；观察者, 观察员, 监场员",,,六级,1
obsession,əb'seʃən,n.,"困扰, 困扰人的情绪；强迫观念",,,六级,2
obstacle,'ɒbstəkl,n.,"障碍, 妨害物, 阻碍",,,六级,1
obstinate,'ɒbstinit,adj.,"倔强的, 顽固的, 不让步的",,,六级,2
obtain,əb'tein,v.,"获得, 达到；流行, 得到公认",,,六级,1
obvious,'ɒbviəs,adj.,"明显的, 明白的, 显然的, 平淡无奇的",,,六级,1
obviously,'ɔbviəsli,adv.,"显而易见地, 明显地",,,六级,1
occasion,ə'keiʒən,n./v.,"场合, 时机, 机会, 诱因, 理由；惹起, 引起",,,六级,1
occasional,ə'keiʒənl,adj.,"偶然的, 临时的；偶然的, 特殊场合的",,,六级,1
occasionally,ə'keiʒənli,adv.,"有时候, 偶而",,,六级,1
occupation,.ɒkju'peiʃən,n.,"职业, 占有, 占有期, 占领, 占领军；占有, 占用, 职业",,,六级,1
occupy,'ɒkjupai,v.,"占领, 占(时间、空间等), 住进, 担任, 使从事, 使全神贯注；占领, 占据, 占有",,,六级,1
occur,ə'kə:,v.,"发生, 被想到, 存在",,,六级,1
occurrence,ə'kʌrəns,n.,"发生, 事件, 出现；发生",,,六级,1
oceania,.əuʃi'æniə,n.,大洋洲,,,六级,3
odd,ɒd,adj./n.,"奇数的, 古怪的, 剩余的, 零散的, 各种各样的, 少量的；奇特的事物, 怪人；奇数, 奇校验, 光数据数字转换器",,,六级,1
odor,'əudə,n.,"气味, 香味, 名声, 意味；气味",,,六级,2
odour,'əudə,n.,"气味, 臭气, 香气, 味道, 迹象, 名誉, 声誉；气味",,,六级,2
offence,ə'fens,n.,"犯罪, 冒犯, 违反, 罪过, 过错, 攻击；犯法, 罪过, 过错",,,六级,1
offend,ə'fend,v.,"犯罪, 冒犯, 违反, 进攻",,,六级,2
offensive,ə'fensiv,adj.,"令人不快的, 侮辱的, 攻击性的；攻击的, 进攻的, 冒犯的",,,六级,2
offer,'ɒfə,n./v.,"给予(物), 出价, 提议, 意图, 报价；提供, 出价, 奉献, 试图, 使出现, 演出；出现, 献祭, 提议, 求婚",,,六级,1
officer,'ɒfisə,n./v.,"军官, 主管, 官员, 公务员；指挥",,,六级,1
official,ə'fiʃəl,n./adj.,"官员, 公务员, 职员；公务的, 官方的, 正式的",,,六级,1
offset,'ɒ:fset,n./v.,"抵消, 把...并列, 旁系, 支管, 用胶印法印；弥补, 抵消, 胶印；装支管；偏移量；偏移量",,,六级,2
offspring,'ɒ:fspriŋ,n.,"子孙, 后代, 产物；后辈, 子孙, 后裔",,,六级,2
ohm,əum,n.,欧姆；欧姆,,,六级,2
olive,'ɒliv,n./adj.,"橄榄, 橄榄树, 橄榄色, 橄榄枝；黄绿色的, 黄褐色的, 橄榄色的",,,六级,2
omit,əu'mit,v.,"省略, 删除, 疏忽, 遗漏；省略",,,六级,1
onion,'ʌnjən,n./v.,洋葱；因洋葱使掉泪,,,六级,2
onward,'ɒnwəd,adj./adv.,"向前的, 前进的；向前, 前进, 在先",,,六级,2
onwards,'ɔnwə:dz,adv.,"向前, 在前面",,,六级,1
opaque,əu'peik,n./adj.,"不透明物；不透明的, 不传热的, 不传导的, 阴暗的；白底",,,六级,2
opening,'əupəniŋ,n./adj.,"开始, 口子, 穴, 揭幕；开始的",,,六级,1
opera,'ɒpərə,n.,歌剧,,,六级,1
operate,'ɒpəreit,v.,"操作, 运转, 动手术, 活动",,,六级,1
operation,.ɒpə'reiʃən,n.,"操作, 动作, 手术, 运算, 作用, 业务；运算",,,六级,1
operational,.ɒpə'reiʃənl,adj.,"操作的, 运作的；操作上的, 业务上的, 可起作用的",,,六级,1
operator,'ɒpəreitə,n.,"操作员, 行家, 经纪人, 算子, 运算符；运算符",,,六级,1
opinion,ə'pinjən,n.,"意见, 评价, 主张；意见",,,六级,1
opium,'əupjəm,n.,鸦片；阿片; 鸦片,,,六级,2
opponent,ə'pəunənt,n./adj.,"对手, 敌手, 反对者；敌对的, 反对的, 对面的",,,六级,1
opportunity,.ɒpə'tju:niti,n.,"机会, 时机",,,六级,1
oppose,ə'pəuz,v.,"反对, 以...对抗, 抗争；反对",,,六级,1
opposite,'ɒpəzit,adj./prep./n.,"相对的, 相反的, 对面的；对面；对立面",,,六级,1
oppress,ə'pres,v.,"压迫, 压抑, 使烦恼",,,六级,2
optical,'ɒptikl,adj.,"眼睛的, 视觉的, 光学的；光学上的, 光学的",,,六级,2
optimal,'ɒptiməl,adj.,"最佳的, 最理想的；最优的",,,六级,2
optimism,'ɒptimizm,n.,"乐观主义, 乐观, 乐天；乐观主义, 乐观",,,六级,2
optimistic,.ɒpti'mistik,adj.,"乐观的, 乐观主义的, 乐天的",,,六级,1
optimum,'ɒptiməm,n./adj.,"最适条件, 最佳效果；最优的, 最适宜的",,,六级,2
option,'ɒpʃən,n.,"选择权, 挑选, 选项；选项",,,六级,1
optional,'ɒpʃənl,adj.,"可选择的, 随意的；选购的",,,六级,2
oral,'ɒ:rəl,n./adj.,"口试；口头的, 口述的, 口部的",,,六级,1
orbit,'ɒ:bit,n./v.,"轨道, 常轨, 眼眶；绕...轨道而行；进入轨道, 盘旋",,,六级,2
orchard,'ɒ:tʃəd,n.,"果园, 果树林",,,六级,2
orchestra,'ɒ:kistrə,n.,"管弦乐队, 乐队演奏处",,,六级,1
orderly,'ɒ:dəli,adj./n./adv.,"有秩序的, 整齐的, 值班的；护理员, 清道夫, 传令兵, 勤务兵；依次地, 顺序地",,,六级,2
ordinarily,'ɒ:dinərili,adv.,"通常, 普通, 一般地",,,六级,2
ordinary,'ɒ:dinəri,adj./n.,"平常的, 普通的, 平凡的；平常的人(或事)",,,六级,1
ore,ɒ:,n.,矿石；矿,,,六级,2
organ,'ɒ:gən,n.,"风琴, 器官, 元件, 机构, 机关；风琴",,,六级,1
organic,ɒ:'gænik,adj.,"器官的, 有机的, 组织的, 根本的；器官的, 有生命的, 有机的, 器质的",,,六级,1
organism,'ɒ:gənizm,n.,"生物, 有机体, 社会组织；生物[体],[有]机体",,,六级,1
organization,.ɒ:gənai'zeiʃən,n.,"组织, 结构, 团体, 体制；组织, 机构, 机化(血栓或坏死组织)",,,六级,1
organize,'ɒ:gənaiz,v.,"组织, 有机化, 给予生机；组织起来",,,六级,1
orient,'ɒ:riənt,n./adj./v.,"东方, 东方诸国；东方的；向东；使朝东, 使适应, 确定方向",,,六级,2
oriental,.ɒ:ri'entl,n./adj.,"东方人, 亚洲人；东方诸国的, 亚洲的, 东方的",,,六级,2
orientation,.ɒ:rien'teiʃən,n.,"定方位, 适应, 向东方；方向；方向",,,六级,2
origin,'ɒridʒin,n.,"起源, 起因, 出身, 开端；原点; 起始地址; 信件来源的相关数据",,,六级,1
original,ə'ridʒənl,adj./n.,"最初的, 原始的, 有创意的；原物, 原作",,,六级,1
originate,ə'ridʒineit,v.,"创始, 发明, 发起；发源, 发生, 起航；发自",,,六级,1
ornament,'ɒ:nəmənt,n./v.,"装饰, 点缀品, 教堂用品；装饰, 修饰",,,六级,2
ornamental,.ɒ:nə'mentl,n./adj.,"装饰物, 观赏植物；装饰性的, 装饰的, 观赏用的",,,六级,2
orphan,'ɒ:fən,n./adj./v.,"孤儿；无双亲的, 孤儿的；使成孤儿；弧体",,,六级,2
orthodox,'ɒ:θədɒks,adj.,"正统的, 传统的, 惯常的",,,六级,2
otherwise,'ʌðəwaiz,adv.,"否则, 不同地, 别的方式",,,六级,1
ought,ɒ:t,v./n.,"应该, 大概；责任",,,六级,1
ounce,auns,n.,"盎司, 少量, 雪豹；英两, Г",,,六级,2
outbreak,'autbreik,n.,"爆发, 暴动；暴发",,,六级,2
outcome,'autkʌm,n.,"结果, 出口",,,六级,1
outcry,'autkrai,n./v.,"尖叫, 倒彩, 强烈抗议, 喊价；喊叫；叫得比...响",,,六级,2
outdoor,'autdɒ:,adj.,"户外的, 屋外的, 露天的",,,六级,2
outdoors,'aut'dɒ:z,n./adv.,"户外, 野外活动；在户外, 在野外",,,六级,2
outer,'autə,adj.,"外部的, 外面的, 在外的, 远离中心的；外部的, 外面的, 外侧的",,,六级,1
outermost,'autəməust,adj.,"最外面的, 最远离中心的",,,六级,2
outlaw,'autlɒ:,n./v.,"被剥夺法律保护的人, 罪犯；使...失去法律保护, 将...逐出社会, 宣告非法, 取缔",,,六级,2
outlet,'autlet,n.,"出口, 发泄方法, 市场；出口",,,六级,1
outline,'autlain,n./v.,"大纲, 轮廓, 概要；描画轮廓, 描述要点；大纲, 分级, 轮廓；大纲, 分级, 轮廓",,,六级,1
outlook,'autluk,n.,"观点, 景色, 前途, 了望；展望",,,六级,2
output,'autput,n.,"输出, 产品, 产量；输出",,,六级,1
outrage,'autreidʒ,n./v.,"暴行, 侮辱, 愤怒；凌辱, 虐待, 触犯",,,六级,2
outset,'autset,n.,"着手, 开头, 最初",,,六级,2
outskirt,'autskə:t,n.,"边缘, 郊外, 外围",,,六级,3
outstanding,.aut'stændiŋ,adj.,"杰出的, 突出的, 未偿付的, 未决定的；未解决的, 未偿付",,,六级,1
outward,'autwəd,adj./adv.,"向外的, 表面的, 外服的；向外, 在外, 表面",,,六级,2
outwards,'autwədz,adv.,向外地,,,六级,2
oval,'əuvəl,n./adj.,"椭圆形；卵形的, 椭圆形的",,,六级,2
oven,'ʌvən,n.,"烤箱, 灶, 子宫；烘箱",,,六级,1
overall,'əuvərɒ:l,adj./adv./n.,"全部的, 全体的, 从头至尾的, 一切在内的；从头到尾, 总的说来；罩衫, 工作服",,,六级,1
overcoat,'əuvəkəut,n.,外套大衣,,,六级,2
overcome,.əuvə'kʌm,v.,"战胜, 克服, 胜过；得胜",,,六级,1
overestimate,.əuvər'estimeit,v./n.,"评价过高, 过高估价；估计过高, 评价过高",,,六级,2
overflow,.əuvə'fləu,n./v.,"溢值, 超值, 泛滥；(使)泛滥, (使)溢出, (使)充溢；上溢; 溢出",,,六级,2
overhang,.əuvə'hæŋ,n./v.,"突出部份, 悬垂部份；悬于...之上, (危险等)逼近；悬垂, 逼近",,,六级,2
overhead,'əuvəhed,n./adj./adv.,"经常开支, 普通用费, 天花板；在头上的, 高架的；在头顶上, 在空中, 在高处, 从头到脚全部没入地；总开销; 额外开销",,,六级,2
overhear,.əuvə'hiə,v.,"无意中听到, 偷听",,,六级,2
overlap,.əuvə'læp,n./v.,"重叠, 重复, 部分的同时发生；重叠, 重复, 与...同时发生；迭盖, 部分的同时发生；重叠",,,六级,2
overload,.əuvə'ləud,v./n.,"超载, 过载, 超过负荷；超载, 负荷过多",,,六级,2
overlook,.əuvə'luk,v./n.,"俯瞰, 远眺, 没注意到；眺望, 俯瞰到的景色",,,六级,1
overnight,'əuvənait,n./adj./adv.,"前一天晚上, 一夜的逗留；通宵的, 晚上的, 前夜的；在前一夜, 整夜, 昨晚一晚上",,,六级,1
overseas,'əuvə'si:z,adj./adv.,"海外的, 国外的；在海外, 在国外",,,六级,1
overt,'əuvə:t,adj.,"明显的, 公然的, 蓄意的；明显的, 公开的",,,六级,2
overtake,.əuvə'teik,v.,"赶上, 突然降临于, 压倒, 代替",,,六级,2
overthrow,.əuvə'θrəu,n./v.,"推翻, 瓦解, 倾覆；打倒, 推翻, 倾覆",,,六级,2
overtime,'əuvətaim,n./adj./adv./v.,"超时, 加班, 延长时间；超时的, 加班的；加班地；使超过时间",,,六级,2
overwhelm,.əuvə'hwelm,v.,"淹没, 受打击, 制服, 压倒, 使不知所措；打翻, 倾覆, 覆盖",,,六级,2
overwhelming,.əuvə'hwelmiŋ,adj.,"压倒性的, 无法抵抗的",,,六级,1
owe,əu,v.,"亏欠, 负...债, 归功于, 怀有, 应给予, 感恩；欠钱",,,六级,1
owl,aul,n.,猫头鹰；走私,,,六级,1
owner,'əunə,n.,"拥有者, 物主, 所有人；所有者, 物主, 业主",,,六级,1
ownership,'əunəʃip,n.,"所有权, 物主身份；所有权, 所有制",,,六级,1
ox,ɒks,n.,牛,,,六级,2
oxide,'ɒksaid,n.,氧化物；氧化物,,,六级,2
oxidize,'ɒksidaiz,v.,"使氧化, 使生锈；氧化",,,六级,2
oyster,'ɒistə,n.,"牡蛎, 蚝, 沉默者",,,六级,2
pace,peis,n./v.,"速度, 步调, 步法；踱步, 缓慢走；用步测, 踱步于",,,六级,1
pacific,pə'sifik,n./adj.,"太平洋；太平洋的, 太平洋沿岸的, 爱好和平的, 安静的, 平息的",,,六级,1
package,'pækidʒ,n./v./adj.,"包裹, 套装软件, 包, 包装用物, 程序包；包装, 打包；一揽子的；包, 软件包, 包装",,,六级,1
packet,'pækit,n./v.,"小包, 一批信件, 大量, 信息包；打包, 装进小包；分组, 分组报文, 数据分组",,,六级,1
pad,pæd,n./v.,"填补, 衬垫, 印色盒, 路；填补, 走, 夸大；步行；焊接点; 包装配/拆卸",,,六级,2
pail,peil,n.,"桶, 提桶",,,六级,2
pain,pein,n./v.,"痛苦, 疼痛, 辛苦；使痛苦, 痛苦；作痛, 疼",,,六级,1
painful,'peinful,adj.,"痛苦的, 困难的, 令人烦恼的；疼痛的",,,六级,1
painting,'peintiŋ,n.,"画, 绘画, 油漆；涂漆",,,六级,1
pal,pæl,n./v.,"朋友, 伙伴, 同志, 同谋；交友, 结伴",,,六级,2
pale,peil,n./adj./v.,"栅栏, 界线, 范围；苍白的, 暗淡的, 无力的；变苍白, 变暗, 失色；使变苍白, 使失色, 用栅栏围",,,六级,1
palm,pɑ:m,n./v.,"手掌, 棕榈, 胜利；与...握手, 藏...于掌中",,,六级,1
pamphlet,'pæmflit,n.,"小册子, 活页文选",,,六级,2
pan,pæn,n./v.,"平锅, 浅盘, 盆地, 硬土层, 拍摄全景；上下左右移动, 摇镜头, 淘洗, 淘金",,,六级,1
pane,pein,n./v.,"窗玻璃, 方框, 方格, 窗格；嵌窗玻璃于；窗格",,,六级,2
panel,'pænl,n./v.,"嵌板, 仪表板, 专题讨论小组, 全体陪审员；嵌镶板",,,六级,1
panic,'pænik,n./adj./v.,"恐慌, 惊慌；惊慌的, 没有理由的, 恐慌的；使惊慌, 使狂热；惊慌",,,六级,1
pant,pænt,n./v.,"喘息, 悸动；喘息, 渴望；气喘吁吁地说",,,六级,2
panther,'pænθə,n.,"豹, 黑豹, 美洲豹",,,六级,2
pantry,'pæntri,n.,"餐具室, 食品室",,,六级,2
pants,pænts,n.,"裤子, 长裤, 短衬裤, 女式运动短裤",,,六级,2
parachute,'pærəʃu:t,n./v.,降落伞；跳伞,,,六级,2
parade,pə'reid,n./v.,"游行, 炫耀, 阅兵；游行, 炫耀, (使)列队行进",,,六级,1
paradise,'pærədais,n.,"天堂, 乐园, 伊甸园",,,六级,2
paradox,'pærədɒks,n.,"似非而是的论点, 自相矛盾的话, 悖论, 怪人怪事；佯谬",,,六级,2
paradoxically,,adv.,"反论, 荒谬, 自相矛盾, 似非而可能是",,,六级,2
paragraph,'pærəgrɑ:f,n./v.,"段落, 短评；将...分段, 分段落；写短讯；段落",,,六级,1
parallel,'pærəlel,n./adj./v.,"平行, 对比, 相匹敌之物；平行的, 相似的；与...平行, 与...相似, 相比, 使平行；并联; 并行",,,六级,1
paralyse,'pærəlais,v.,"使麻痹, 使瘫痪, 使无力, 使气馁, 终止；使麻痹, 使瘫痪",,,六级,2
paralysis,pə'rælisis,n.,"麻痹, 停顿, 瘫痪；麻痹, 瘫痪",,,六级,2
paralyze,'pærəlaiz,v.,"使瘫痪, 使麻痹；使麻痹, 使瘫痪",,,六级,2
parameter,pə'ræmitə,n.,"参变数, 参变量, 参数, 参量；参量; 参数",,,六级,1
parcel,'pɑ:sl,n./v./adj./adv.,"包裹, 部分, 片；分配, 打包；部分的；局部地",,,六级,1
parliament,'pɑ:ləmənt,n.,"国会, 议会；会议, 国会, 议院",,,六级,1
partial,'pɑ:ʃəl,adj./n.,"部分的, 偏袒的, 偏爱的；分音",,,六级,1
partially,'pɑ:ʃəli,adv.,"部分地, 一部分地, 不公平地",,,六级,1
participant,pɑ:'tisipənt,n./adj.,"参加者, 参与者；有份的, 参加的, 参与的",,,六级,1
participate,pɑ:'tisipeit,v.,"参加, 分享, 参与, 带有；分享, 分担",,,六级,1
particle,'pɑ:tikl,n.,"颗粒, 粒子, 质点, 极小量；粒子; 质点",,,六级,1
particular,pə'tikjulə,n./adj.,"一项(或条、点), 个别项目, 详细说明；特别的, 独有的, 挑剔的, 详尽的",,,六级,1
particularly,pə'tikjjləli,adv.,"特别, 格外, 尤其, 详细地, 细致地",,,六级,1
partition,pɑ:'tiʃən,n./v.,"分割, 隔离物, 隔墙, 财产分割；区分, 瓜分, 隔开, 分割；分区; 划分",,,六级,2
partly,'pɑ:tli,adv.,"部分地, 在一定程度上",,,六级,1
partner,'pɑ:tnə,n./v.,"合伙人, 股东, 伙伴, 伴侣；与...合伙, 组成一对；做伙伴, 当助手",,,六级,1
passenger,'pæsindʒə,n.,"乘客, 旅客；乘客, 旅客",,,六级,1
passion,'pæʃən,n.,"激情, 酷爱, 热爱, 强烈感情, 耶稣受难(故事)",,,六级,1
passive,'pæsiv,adj.,"消极的, 被动的, 冷漠的, 顺从的, 无源的；被动的",,,六级,1
paste,peist,n./v.,"面团, 面食, 浆糊, 糊状物, 粘贴, 用拳重击；用浆糊粘, 张贴, 狠狠地打；粘贴",,,六级,2
pastime,'pæstaim,n.,"消遣, 娱乐, 游戏",,,六级,2
pasture,'pæstʃə,n./v.,"牧场, 草地, 牧草；放牧；吃草",,,六级,2
pat,pæt,n./v./adv./adj.,"轻拍；轻拍；适时, 正好, 恰好, 毫不迟疑, 熟记地；恰好的, 合适的, 熟练的, 坚定的, 人为的",,,六级,1
patch,pætʃ,n./v.,"片, 补缀, 碎片, 斑, 傻瓜；补缀, 掩饰, 拼凑, 平息；修补; 拼凑",,,六级,1
patent,'pætnt. 'peitnt,n./adj./v.,"专利权, 许可证, 执照, 专利品, 素质；专利的, 特许的, 显著的, 新奇的；取得...的专利权, 请准专利",,,六级,1
path,pɑ:θ,n.,"路径, 小路, 道路, 途径, 路线, 轨道；路径; DOS内部命令:设定DOS读取程序的路径",,,六级,1
pathetic,pə'θetik,adj.,"悲哀的, 可怜的, 感伤的, 差劲的；感情的",,,六级,2
patience,'peiʃəns,n.,"耐性, 忍耐",,,六级,1
patient,'peiʃənt,n./adj.,"病人, 承受者；忍耐的, 容忍的, 有耐性的, 坚忍的",,,六级,1
patriot,'peitriət,n.,"爱国者, 爱国主义者",,,六级,2
patriotic,.peitri'ɒtik,adj.,"爱国的, 有爱国心的；爱国的, 有爱国心的",,,六级,2
patrol,pə'trəul,n./v.,"巡逻, 巡逻员, 侦察队；巡逻, 巡视",,,六级,2
patron,'peitrən,n.,"赞助人, 顾客, 保护人；保护人, 庇护人, 赞助人",,,六级,2
pattern,'pætən,n./v.,"模范, 典型, 式样, 样品, 图案, 格调, 模式；模仿, 仿造, 以图案装饰；形成图案；模式, 图案",,,六级,1
pause,pɒ:z,n./v.,"暂停, 中止, 停顿, 间歇, 踌躇, 休止符；暂停, 中止, 停顿, 踌躇；DOS内部命令:暂时停止批处理文件的执行",,,六级,1
pave,peiv,v.,"铺设, 安排, 铺满, 为...铺路；铺设",,,六级,2
pavement,'peivmənt,n.,"路面, 人行道, 铺面路, 铺路材料",,,六级,1
paw,pɒ:,n./v.,"爪；以蹄扒地, 用爪子抓, 拼命抓, 向...乱抓, 笨拙地使用, 费力地前进",,,六级,2
payment,'peimənt,n.,"付款, 支付的款项(或实物), 偿还, 报应, 惩罚；支付, 缴纳, 支付款额",,,六级,1
payoff,'peiɒf,n./adj.,"发工资, 分赃, 贿赂, 盈利, 报酬, 报应, 结果, 高潮, 决定因素；决定性的, 产生结果的, 支付的",,,六级,2
pea,pi:,n.,"豌豆, 似豌豆的东西",,,六级,2
peaceful,'pi:sful,adj.,"平静的, 和平的, 和平时期的, 爱好和平的, 喜爱安静的；和平的, 爱好和平的, 和平时期的",,,六级,1
peach,pi:tʃ,n./v.,"桃子, 桃树, 桃色, 美人儿, 极好的事物；告发；告密, 检举",,,六级,2
peacock,'pi:kɒk,n./v.,"孔雀, 好炫耀的人；炫耀, 神气活现地行走",,,六级,2
peak,pi:k,n./adj./v.,"山峰, 巅, 山顶, 顶点, 尖峰, 帽舌；最高的, 最大值的；到达最高点, 消瘦, 变憔悴, 逐渐缩小；使竖起, 使达到最高点",,,六级,1
pear,pєə,n.,"梨子, 梨树, 梨木；梨木",,,六级,2
pearl,pə:l,n./v.,"珍珠, 珠灰色, 杰出者, 珍贵之物；用珍珠镶, 使成珠状；成珠子状, 采珍珠, 用珍珠做",,,六级,2
peasant,'peznt,n.,"农夫, 乡下人",,,六级,1
pebble,'pebl,n.,"小圆石, 小鹅卵石, 水晶透镜, 碎石花纹；小石",,,六级,2
peck,pek,n./v.,"配克(英美干量单位), 啄痕, 啄食, 许多；啄, 啄食, 琢, 凿成, 扔；啄, 吹毛求疵, 啄食, 勉强吃；取数",,,六级,2
peculiar,pi'kju:ljə,adj./n.,"奇特的, 罕见的, 特殊的, 特别的；特有财产, 特权",,,六级,1
peculiarity,pi.kju:li'æriti,n.,"特质, 特性, 怪癖",,,六级,2
pedal,'pedl,n./adj./v.,"踏板, 脚蹬子；脚的, 脚踏的；用脚踏动；踩踏板, 骑车",,,六级,2
pedestrian,pə'destriən,n./adj.,"行人, 步行者；人行的, 徒步的, 呆板的, 通俗的, 平淡无奇的",,,六级,2
pedlar,'pedlə,n.,"沿街叫卖的小贩, (流言)传播者；小贩, 商贩, 货郎",,,六级,2
peel,pi:l,n./v.,"皮, 外壳；削...皮, 剥去...的壳；蜕皮, 剥落, 脱皮, 脱去衣服",,,六级,2
peep,pi:p,n./v.,"一瞥, 偷看, 不完全的景象, 初现, 吱吱声, 嘀咕抱怨声, 汽车喇叭声；窥视, 出现, 吱吱叫；使隐约显现",,,六级,2
peer,piə,n./v.,"同等的人, 匹敌, 贵族；凝视, 窥视, 费力地看, 隐现；与...同等, 封为贵族",,,六级,1
penalty,'penəlti,n.,"处罚, 刑罚, 罚款, 罚球, 报应, 不利结果, 妨碍；罚金(款), 违约金",,,六级,1
pendulum,'pendʒələm,n.,"钟摆, 摇锤, 摇摆不定的事态(或局面)；摆",,,六级,2
penetrate,'penitreit,v.,"穿透, 刺穿, 渗透, 看穿, 洞察, 了解, 使充溢；刺入, 看穿, 渗透, 打进",,,六级,2
penetration,.peni'treiʃən,n.,"穿透, 渗透, 侵入, 识穿, 洞察(力)；渗入",,,六级,2
peninsula,pi'ninsjulə,n.,"半岛, 突出的地方, 伊比利亚半岛",,,六级,2
penny,'peni,n.,"便士, 一分, 小钱, 点滴；便士",,,六级,1
pension,'penʃən,n./v.,"养老金, 退休金, 津贴, 年金, 抚恤金, 膳宿学校, 膳宿费；发给退休金, 用津贴拉拢",,,六级,1
pepper,'pepə,n.,"胡椒粉, 胡椒, 辣椒；胡椒; 辣椒; 花椒",,,六级,2
perceive,pə'si:v,v.,"感觉, 认知, 理解, 意识到",,,六级,1
percent,pə'sent,n.,"百分比, 百分数, 部分；百分率",,,六级,1
percentage,pə'sentidʒ,n.,"百分比, 比率, 部分, 可能性；百分比",,,六级,1
perception,pə'sepʃən,n.,"知觉, 感觉, 领悟力, 获取；知觉",,,六级,1
perch,pə:tʃ,n./v.,"栖木, 高位, 杆, 河鲈；(使)栖息, 就位, 位于, (使)暂歇",,,六级,2
perfection,pə'fekʃən,n.,"完美, 完成, 极端；完整性",,,六级,2
perfectly,'pə:fiktli,adv.,"完全地, 无瑕疵地, 完整地",,,六级,1
perform,pə'fɒ:m,v.,"进行, 履行, 完成, 执行, 表演；行动, 工作, 执行, 演出",,,六级,1
performance,pə'fɒ:məns,n.,"施行, 工作情况, 成绩, 行为, 表现, 演出；绩效, 性能",,,六级,1
perfume,'pə:fju:m,n./v.,"香水, 香气, (悦人的)气氛, 美名；洒香水于, 薰香, 使充满香气",,,六级,2
perhaps,pə'hæps,adv.,"也许, 大概",,,六级,1
peril,'peril,n./v.,"危险, 冒...之险, 险境, 险因；置...于险境, 冒险, 危及",,,六级,2
perimeter,pə'rimitə,n.,"周长, 周界, 边缘；周, 周边, 周界线; 周长; 视野计",,,六级,2
period,'piəriəd,n./adj./int.,"时期, 节段, 节, 句点, 学时, 周期；当时特有的, 过去某段时期的；就是这话, 就是这么回事",,,六级,1
periodic,.piəri'ɒdik,adj.,"周期的, 定期的, 间歇(性)的, 循环的, 用完整句的, 高碘的；周期性的",,,六级,2
periodical,.piəri'ɒdikl,n./adj.,"期刊；定期出版的, (有关)期刊的, 间歇(性的), 周期的, 定期的",,,六级,2
peripheral,pə'rifərəl,adj.,"周边的, 周围的, 圆周的, 无关紧要的, 肤浅的；外周的, 周围的, 末梢的",,,六级,2
perish,'periʃ,v.,"毁灭, 丧生, 凋谢, 颓丧, 死亡, 腐烂；毁坏, 使麻木, 使丧生, 耗尽",,,六级,2
permanent,'pə:mənənt,adj./n.,"永久的, 不变的, 固定的, 持久的；烫发；永久的",,,六级,1
permanently,'p\\\\:məntli,adv.,"永久, 不变, 持久；永久性的",,,六级,1
permeate,'pə:mieit,v.,"弥漫, 渗透, 充满, 影响, 感染；透入, 散布",,,六级,2
permissible,pə'misəbl,adj.,"可允许的, 可容许程度的；容许, 允许",,,六级,2
permission,pə'miʃən,n.,"许可, 允许；许可, 认可",,,六级,1
permit,pə'mit,n./v.,"许可证, 许可, 执照, 通行证；允许, 容许, 可能, 使放手做；容许, 给以机会, 提供可能",,,六级,1
perpendicular,.pə:pən'dikjulə,n./adj.,"垂直线, 垂直的位置, 直立(姿势), 刚正, 垂规；垂直的, 直立的, 陡峭的",,,六级,2
perpetual,pə'petʃuəl,adj.,"永久的, 不断的, 无期限的, 没完没了的, 四季开花的；永远的, 终身的, 持续的",,,六级,2
perplex,pə'pleks,v.,"使困惑, 使复杂化, 使为难；困惑, 使复杂化, 使纠缠不清",,,六级,2
persecute,'pə:sikju:t,v.,"迫害, 虐待, 困扰, 同...捣乱；迫害, 虐待, 烦扰",,,六级,2
persevere,.pə:si'viə,v.,"坚持, 孜孜不倦, 不屈不挠, (辩论中)固执己见",,,六级,2
persist,pə'sist,v.,"坚持, 固执, 持续, 坚称；持续",,,六级,1
persistence,pə'sistəns,n.,"固执, 坚持不懈, 持续(性), 存留(状态)；持久",,,六级,2
persistent,pə'sistənt,adj.,"固执的, 坚持的, 持续的, 作用持久的；坚持的, 固执的, 持续的",,,六级,1
personal,'pə:snl,adj.,"私人的, 涉及隐私的, 有人性的, 人称的, 亲自的, 身体的；人的; 个人的, 自身的",,,六级,1
personality,.pə:sə'næliti,n.,"个性, 人格, (团体、地方、国家)特有特性, 名人；人格; 个性",,,六级,1
personnel,.pə:sə'nel,n.,"人员, 人事部门, 人事科(处)；人事, 全体人员, 职工",,,六级,1
perspective,pə'spektiv,n./adj.,"远景, 透视感, (观察问题的)视角, 透视法, 看法, 透视图；透视的, 透视法的；透视",,,六级,1
perspiration,.pə:spə'reiʃən,n.,"汗, 流汗, 努力；出汗; 汗",,,六级,2
persuade,pə'sweid,v.,"劝, 使相信, 恳求, 敦促, 说服；劝服, 被说服",,,六级,1
persuasion,pə'sweiʒən,n.,"说服, 信念, 派别, 说服力",,,六级,2
pertinent,'pə:tinənt,adj.,"相关的, 中肯的, 切题的；恰当的, 有关的",,,六级,2
pessimistic,.pesi'mistik,adj.,"悲观的, 厌世的, 悲观主义的",,,六级,2
pest,pest,n.,"令人讨厌之物, 有害之物, 害虫, 瘟疫；鼠疫, 瘟疫",,,六级,2
pet,pet,n./adj./v.,"宠物, 受宠爱的人, 宠坏的孩子, 不悦, 生气；宠爱的, 表示亲昵的, 养着观赏的, 特别珍爱的, 格外的；宠爱, 溺爱, 抚摸；拥抱, 爱抚, 生气, 发脾气",,,六级,1
petition,pi'tiʃən,n./v.,"请愿, 诉状, 陈情书, 申请, 祈求, 祷文；正式请求, 恳求, 请愿",,,六级,1
petrol,'petrəl,n.,"汽油；汽油, 挥发油, 石油",,,六级,1
petroleum,pə'trəuliəm,n.,石油；石油,,,六级,2
petty,'peti,adj.,"琐碎的, 小规模的, 小气的, 委琐的；小额的, 微小的, 小规模的",,,六级,2
phase,feiz,n./v.,"时期, 局面, 方面, 位相, 相, 阶段；使调整相位, 使定相, 使一致, 逐步执行, 实行；阶段",,,六级,1
phenomenon,fi'nɒminən,n.,"现象, 迹象, 表现, 奇迹, 奇才；现象",,,六级,1
philanthropic,fi'lænθrəpic,adj.,"慈善(事业)的, 博爱的, 乐善好施的；博爱的, 仁慈的, 慈善事业的",,,六级,2
philanthropy,fi'lænθrəpi,n.,"慈善, 仁慈, 博爱, 慈善事业, 慈善机构(团体)",,,六级,2
philosopher,fi'lɒsəfə,n.,"哲学家, 哲人, 思想开创人, 达观的人；哲学家, 哲学研究者",,,六级,1
philosophy,fi'lɒsəfi,n.,"哲学, 人生观, 哲学思想, 哲理, 基本原理, 见解, 达观, 沉着",,,六级,1
photoelectric,.fəutəui'lektrik,adj.,"光电的, 灯光摄影装置的；光电的",,,六级,3
photograph,'fəutəgrɑ:f,n./v.,"相片, 照片, 逼真的描绘；照相, 摄影",,,六级,1
photographic,.fəutə'græfik,adj.,"照相的, 摄影用的, 详细记录的, 逼真的, 酷似的",,,六级,2
photography,fə'tɒgrəfi,n.,"摄影, 摄影术；照相术",,,六级,2
phrase,freiz,n./v.,"惯用语, 词组, 成语, 措词, 乐句；用短语表达, 把(乐曲)分成短句；短语",,,六级,1
physical,'fizikl,adj./n.,"身体的, 物质的, 自然的, 物理学的, 好色的；体格检查",,,六级,1
physically,'fizikli,adv.,"按自然规律, 完全地, 实际上, 真正地, 身体上地",,,六级,1
physician,fi'ziʃən,n.,"医师, 内科医师, 解除痛苦者；主治医师",,,六级,2
physicist,'fizisist,n.,"物理学家, 机械唯物论者, 自然科学家；菲西克氏手术(虹膜圆片切除)",,,六级,2
physics,'fiziks,n.,"物理学, 物理过程, 物理现象；物理; 物理学",,,六级,1
physiological,.fiziə'lɒdʒikl,adj.,"生理学的, 生理学上的, 生理机能的；生理学的, 生理的",,,六级,2
pickle,'pikl,n./v.,"盐卤, 腌汁, 泡菜, 困境, 讨厌鬼；腌制, 酸洗, 葬送(机会等), 泡",,,六级,2
pier,piə,n.,"码头, 桥墩, 支框, 防波堤；桥基, 基牙",,,六级,2
pierce,piəs,v.,"刺穿, 穿透, 打眼于, 洞悉, (声音)响彻, (亮光)照进, 深深地打动；刺入, 穿入, 透入, 进入",,,六级,2
pigeon,'pidʒin,n.,"鸽子, 易上当受骗的人, 年轻女子",,,六级,2
pile,pail,n./v.,"堆, 大堆, 大厦, 建筑群, 电池, 大量, 桥桩, 软毛, 痔疮；堆起, 堆积, 积累, 挤, 猛烈攻击；堆于, 累积, 堆叠, 打桩于, 用桩支撑",,,六级,1
pilgrim,'pilgrim,n./v.,"旅行者, 朝圣者, 香客；朝圣",,,六级,2
pill,pil,n./v.,"药丸, 弹丸, 屈辱, 胡说；做成药丸, 形成丸状, 服药丸, 挫败, 抢劫",,,六级,1
pillar,'pilə,n.,"柱子, 栋梁, 台柱, 重要的支持者；柱, 脚",,,六级,2
pillow,'piləu,n./v.,"枕头, 靠垫, 枕状岩；作...的枕头, 垫, 枕于；靠在枕上",,,六级,2
pilot,'pailət,n./v./adj.,"飞行员, 领航员, 航船者, 导向器, 驾驶仪, 向导, 领导人；领航, 驾驶, 引导, 试用；引导的, 控制的, 试点的；引导",,,六级,1
pin,pin,n./v./adj.,"大头针, 针, 别针, 栓, 销子, 图钉, 插头, 管脚, 品(液量单位)；将...用针别住, 钉住, 压住, 牵制, 使不能动, 归罪于；针的, 销子的, 闩的",,,六级,1
pinch,pintʃ,n./v.,"捏, 拧, 撮, 少量, 收缩, 挤压, 夹痛, 苦恼, 逮捕, 指控, 匮乏, 紧急关头；捏, 拧, 掐, 挤压, 修剪, 使困苦, 使萎缩, 节制, 少量加入, 逮捕, 勒索；收缩, 节省, 挤压, 引起苦恼",,,六级,2
pine,pain,n./v.,"松树, 松木；消瘦, 憔悴, 痛苦, 怀念, 渴望；邮件程序",,,六级,2
pineapple,'pain.æpl,n.,"凤梨, 菠萝, 失业救济金；凤梨, 波萝",,,六级,2
pink,piŋk,n./adj./v.,"粉红色, 石竹花, 化身, 典范, 头面人物, 极度；粉红的, 石竹科的, 比较激进的, 脸色发红的, 精致的, 有点下流的；刺, 扎, 刺痛, 射伤, 使面红耳赤, 使变粉红色；变粉红色",,,六级,1
pint,paint,n.,"品脱(干量或液量的单位)；量磅, 品脱",,,六级,1
pious,'paiəs,adj.,"虔诚的, 敬神的, 尽责的, 可嘉的, 不可能实现的",,,六级,2
pipe,paip,n./v.,"管, 导管, 输送管, 管状器官, 声带, 尖细的声音, 烟斗, 笛, 管乐器；以管输送, 吹哨子, 吹奏, 尖声唱；吹笛, 尖叫, 吹长哨发令；管道",,,六级,1
pipeline,'paiplain,n.,"管道, 传递途径；管路; 管线",,,六级,2
pirate,'paiərət,n./v.,"海盗, 盗印者, 侵犯专利权者；盗印, 掠夺, 翻印；做海盗, 从事劫掠",,,六级,2
pistol,'pistl,n./v.,"手枪, 信号枪；以手枪杀死(或伤害)",,,六级,2
piston,'pistən,n.,"活塞, 活塞阀键；活塞(如注射器的)",,,六级,2
pit,pit,n./v.,"深坑, 矿井, 果核, 地窖, 深渊, 绝境, 陷阱；窖藏, 使凹下, 使有麻点, 去...之核, 使留疤痕, 使相斗, 使竞争；起凹点, 凹陷",,,六级,1
pitch,pitʃ,n./v.,"程度, 坡度, 顶点, 前倾, 倾斜, 投掷, 音高, 螺距, 节距, 摊位, 树脂, 沥青；投, 掷, 向前倾跌, 扎营, 竭力推销, 为...定调, 定位于, 用沥青涂；搭帐篷, 投掷, 向前跌, 猛然摔倒, 坠落, 倾斜；孔距",,,六级,1
plague,pleig,n./v.,"瘟疫, 天罚, 麻烦, 灾祸；折磨, 使苦恼, 使得灾祸",,,六级,2
plain,plein,n./adj./adv.,"平原, 草原, 朴实无华的东西, 无格式；简单的, 明白的, 平常的, 不好看的, 朴素的, 清晰的, 普通的, 平坦的, 十足的；清楚地, 显然地；无格式",,,六级,1
planet,'plænit,n.,"行星, 命运星辰, 杰出的人, 重大影响的事",,,六级,1
plantation,plæn'teiʃən,n.,"种植园, 大农场, 植树造林, 新开垦地；栽植(如牙或其他组织的植入、再植和移植)",,,六级,2
plaster,'plæstə,n./v.,"石膏, 灰泥, 安慰(缓解)用品, 膏药；涂以灰泥, 敷以膏药, 掩饰, 使平服, 彻底击败, 减轻, 粘贴",,,六级,2
plastic,'plæstik,n./adj.,"塑料, 可塑体, 可塑性物质；塑料的, 塑造的, 有可塑性的, 造型的, 易受影响的, 有创造力的",,,六级,1
plateau,plæ'təu,n.,"高地, 高原, (上升后的)稳定水平；高原, 平顶, 坪",,,六级,2
platform,'plætfɒ:m,n.,"站台, 月台, 讲台, 论坛, 平台；平台",,,六级,1
plausible,'plɒ:zibl,adj.,"貌似真实的, 貌似合理的, 说得煞有其事的；花言巧语的, 似乎有理的",,,六级,2
player,'pleiə,n.,"竞赛者, 上场队员, 游戏者, 演员；交易者",,,六级,1
playground,'pleigraund,n.,"运动场, 操场, 度假胜地, 活动场所",,,六级,2
plea,pli:,n.,"恳求, 辩解, 抗辩, 诉讼, 请愿, 托词；抗辩, 申诉案件, 答辩",,,六级,1
plead,pli:d,v.,"辩护, 恳求；为...辩护, 提出...借口, 托称, 恳求",,,六级,1
pleasant,'pleznt,adj.,"愉快的, 可爱的, 活泼的, 亲切的",,,六级,1
pledge,pledʒ,n./v.,"诺言, 保证, 誓言, 抵押, 信物, 保人, 祝愿；许诺, 保证, 使发誓, 抵押, 典当, 举杯祝...健康",,,六级,2
plentiful,'plentiful,adj.,"许多的, 丰富的, 丰饶的",,,六级,2
plenty,'plenti,n./adj.,"充分, 很多, 丰富；很多的, 足够的, 丰富的",,,六级,1
plot,plɒt,n./v.,"小块土地, 地区图, 图, 阴谋, 情节；划分, 绘图, 密谋；密谋, 策划；绘制",,,六级,1
plough,plau,n./v.,"犁, 犁过的地；用犁耕田, 开路；耕, 犁, 开路",,,六级,2
pluck,plʌk,n./v.,"勇气, 猛拉, 动物内脏；摘, 猛拉, 拔, 拉, 扯, 采；拉, 拽",,,六级,2
plug,plʌg,n./v.,"塞子, 栓, 插头；插入, 塞住, 接插头；被塞住",,,六级,2
plump,plʌmp,adj./v./adv.,"圆胖的, 丰满的, 直接下落的, 直率的；突然放下, 支持, 使丰满, 使鼓起；扑通落下, 投票赞成, 变丰满, 鼓起；沉重地, 突然地, 直截了当地",,,六级,2
plunder,'plʌndə,n./v.,"抢夺, 掠夺品, 战利品；掠夺, 抢劫, 抢夺",,,六级,2
plunge,plʌndʒ,n./v.,"钻进, 跳进, 跳水, 跳水池, 猛跌, 落下, 投入, 开始从事, 盲目投资；投入, 投身于, 跳进, 陷入, 下降；使投入, 使插入, 使陷入, 使遭受",,,六级,1
plural,'pluərəl,n./adj.,"复数；复数的, 两个以上的",,,六级,2
plutocrat,'plu:təkræt,n.,"富豪, 财阀",,,六级,3
pneumatic,nju:'mætik,adj./n.,"充气的, 空气的, 有气胎的, 气动的, 灵魂的；充气轮胎",,,六级,2
pocket,'pɒkit,n./v./adj.,"口袋, 钱袋, 钱, 容器；装...在口袋里, 隐藏, 抑制, 私吞, 搁置, 击...入袋；袖珍的, 小型的, 压缩的, 金钱上的",,,六级,1
poem,'pəuim,n.,"诗, 诗般美的事物",,,六级,1
poet,'pəuit,n.,诗人,,,六级,1
poetry,'pəuitri,n.,"诗, 韵文, 诗歌艺术",,,六级,1
point,pɒint,n./v.,"点, 小数点, 标点, 地点, 要点, 特点, 尖端, 分数, 得分, 穴位；弄尖, 强调, 指出, 加标点于, 瞄准；指, 指向, 表明",,,六级,1
poison,'pɒizn,n./v.,"毒药, 毒, 毒物, 有毒害的事物；毒害, 毒杀, 使中毒；放毒, 下毒",,,六级,2
poisonous,'pɒizənəs,adj.,"有毒的, 恶毒的, 讨厌的；有毒的",,,六级,2
poke,pəuk,n./v.,"刺, 戳, 袋子；戳, 捅, 拨弄, 刺；戳, 刺, 捅, 搜索, 伸出, 行动散慢；存数",,,六级,2
polar,'pəulə,adj./n.,"两极的, 极地的, 正好相反的, 极性的；极线, 极面",,,六级,2
polarity,pəu'læriti,n.,"极性, 截然相反；极性, 极性现象",,,六级,2
pole,pəul,n./v.,"波兰人, 极点, 磁极, 电极, 杆, 竿, 相反的极端；用竿支撑；撑篙",,,六级,1
policy,'pɒlisi,n.,"政策, 方针, 策略, 保险单；凭单, 保险单",,,六级,1
polish,'pɒliʃ,adj./n./v.,"波兰的；波兰人, 上光剂, 光泽, 优雅；擦亮, 擦去, 使完美；擦亮, 变得光亮",,,六级,1
political,pə'litikl,adj.,"政治的, 政治上的, 政党的, 从事政治的；政治的, 政治上的, 党派政治的",,,六级,1
politician,.pɒli'tiʃən,n.,"政客, 政治家, 从事党派政治的人；政客, 政治家",,,六级,1
politics,'pɒlitiks,n.,"政治, 政治学, 政见, 政治活动；政治, 政治学, 政纲",,,六级,1
poll,pəul,n./v./adj.,"投票, 民意测验, 选举投票, 投票数, 一组人中的一个, 头颈和后脑部, 鹦鹉；对...进行民意测验, 获得...票, 剪树枝, 轮询；投票；剪过毛的, 修过枝的；轮询",,,六级,1
pollute,pə'lu:t,v.,"污染, 弄脏, 玷污；污染",,,六级,2
pollution,pə'lu:ʃən,n.,"污染, 玷污；污染",,,六级,1
polymer,'pɒlimə,n.,"聚合物, 聚合体；多聚体; 高分子; 大分子; 聚合物",,,六级,2
pond,pɒnd,n./v.,池塘；筑成池塘,,,六级,1
ponder,'pɒndə,v.,"沉思, 考虑",,,六级,2
pool,pu:l,n./v.,"池, 水塘, 石油层, 联营；合伙经营, 共享, 采掘, 汇聚成；汇合成塘, 淤积, 联营",,,六级,1
pop,pɒp,n./adj./v./adv.,"砰然声, 枪击, 含气饮料, 流行音乐, 通俗艺术；流行的, 热门的, 通俗的；使发出爆裂声, 开枪打, 突然伸出；发出爆裂声, 射击, 突然出现, 瞪大；突然, 砰地；出现点, 邮局协议",,,六级,1
pope,pəup,n.,"罗马教皇, 主教",,,六级,1
popular,'pɒpjulə,adj.,"通俗的, 流行的, 受欢迎的, 大众的, 人民的, 普及的；大众的, 通俗的, 普及的",,,六级,1
popularity,.pɒpju'læriti,n.,"名声, 受大众欢迎, 流行",,,六级,1
population,.pɒpju'leiʃən,n.,"人口, 人口数；群体; 总体",,,六级,1
porcelain,'pɒ:slin,n./adj.,"瓷器, 瓷；瓷制的",,,六级,2
porch,pɒ:tʃ,n.,"门廊, 走廊",,,六级,2
pore,pɒ:,n./v.,"毛孔, 小孔, 气孔；专心阅读, 细想, 钻研, 沉思, 注视；使注视得",,,六级,2
porridge,'pɒ:ridʒ,n.,"粥, 糊",,,六级,2
port,pɒ:t,n./v.,"港口, 埠, 舱门, 避风港, 左舷, 炮眼, 姿势, 意义；左转舵, 持(枪)；左转舵；端口, 移植",,,六级,1
portable,'pɒ:təbl,adj.,"可携带的, 可搬运的, 可移动的；可移植的",,,六级,2
porter,'pɒ:tə,n.,"大楼管理员, 门房, 搬运工人, 侍者, 服务员；搬运车; 搬运工人",,,六级,2
portion,'pɒ:ʃən,n./v.,"部分, 一份, 命运, 嫁妆；分配, 给...嫁妆",,,六级,1
portrait,'pɒ:treit,n.,"肖像, 人像, 半身像, 描写, 竖排格式；纵向",,,六级,1
portray,pɒ:'trei,v.,"描绘, 描写, 描绘...的肖像",,,六级,2
portuguese,.pɒ:tju'gi:z,n./adj.,"葡萄牙人, 葡萄牙语；葡萄牙的, 葡萄牙人的, 葡萄牙语的",,,六级,2
pose,pəuz,n./v.,"姿势, 姿态, 装模作样, 伪装；摆姿势, 装模作样, 假装；使摆好姿势, 提出, 造成",,,六级,1
position,pə'ziʃən,n./v.,"位置, 地位, 身分, 形势, 姿势, 立场, 职位, 状态, 阵地；安置, 决定...的位置；位置",,,六级,1
positive,'pɒzitiv,adj.,"肯定的, 积极的, 有把握的；正的, 阳性的",,,六级,1
positively,,adv.,"明确地, 肯定地, 无疑地, (非正式)确实地, 真正地",,,六级,1
possess,pə'zes,v.,"持有, 占有, 拥有, 克制, 支配, 迷住；持有, 占有, 具有",,,六级,1
possession,pə'zeʃən,n.,"拥有, 占有, 所有, 财产, 领土, 领地, 自制, 着迷；占有, 持有",,,六级,1
possibility,.pɒsə'biliti,n.,"可能性, 可能的事；可能性, 可能发生的事, 不确定权",,,六级,1
possibly,'pɒsəbli,adv.,"可能, 也许",,,六级,1
postage,'pəustidʒ,n.,"邮资；邮费, 邮资",,,六级,2
postal,'pəustl,adj.,"邮政的, 邮局的；邮政的",,,六级,2
poster,'pəustə,n.,"海报, 招贴, 驿马",,,六级,1
postman,'pəustmən,n.,"邮递员；邮递员, 理财法庭的高级律师",,,六级,2
postpone,pəust'pəun,v.,"延迟, 使延期, 缓办, 搁延；延缓, 延缓发作",,,六级,2
postulate,'pɒstjuleit,n./v.,"假定, 基本条件；要求, 假定",,,六级,2
pot,pɒt,n./v.,"盆, 罐, 壶, 坩埚, 奖杯；装入盆中, 在锅中煮, 随手射击；随手射击",,,六级,1
potential,pə'tenʃəl,n./adj.,"潜在性, 可能性, 潜力, 潜能, 势, 位；有潜力的, 可能的, 潜在的",,,六级,1
poultry,'pəultri,n.,家禽,,,六级,2
pound,paund,n./v.,"磅, 英镑, 重击, 鱼塘, 拘留所, 兽栏；强烈打击, 捣烂, 监禁, 关入栏内；连续重击, 苦干",,,六级,1
pour,pɒ:,n./v.,"流出, 倾泻, 骤雨；倒, 灌, 注, 倾泻, 诉说, 倾吐；倾泻, 蜂涌而来, 下大雨",,,六级,1
poverty,'pɒvəti,n.,"贫穷, 贫困, 缺乏；贫乏, 缺乏",,,六级,1
powder,'paudə,n./v.,"粉, 粉末, 火药；搽粉于, 搽粉, 撒粉, 使成粉末；搽粉, 变成粉末",,,六级,1
powerful,'pauəful,adj.,"有力的, 有权力的, 强大的；强力的",,,六级,1
practicable,'præktikəbl,adj.,"可实行的, 可做的, 可用的",,,六级,2
practical,'præktikl,adj.,"实际的, 现实的, 实用性的；事实上的, 实际上的, 接近...的",,,六级,1
practically,'præktikli,adv.,"几乎, 差不多, 事实上",,,六级,1
practise,'præktis,v.,"实践, 实行, 练习, 实习, 从事(职业)",,,六级,1
prairie,'prєəri,n.,"大草原, 草甸",,,六级,2
praise,preiz,n./v.,"赞美, 称赞, 崇拜；称赞, 赞美；赞扬, 表扬",,,六级,1
pray,prei,v.,"祈祷, 恳求, 请",,,六级,1
prayer,prєə. 'preiə,n.,"祈祷, 恳求, 祷辞, 祈祷者",,,六级,1
preach,pri:tʃ,v./n.,"传道, 讲道, 说教, 宣讲, 鼓吹；说教, 布道",,,六级,2
precaution,pri'kɒ:ʃən,n./v.,"预防, 留心, 警戒；预先警告",,,六级,2
precede,.pri:'si:d,v.,"在...之前, 优于, 较...优先；在前面",,,六级,1
precedent,'presidənt,n./adj.,"先例, 前例；在先的, 在前的",,,六级,2
preceding,.pri:'si:diŋ,adj.,"在前的, 前面的；在前的, 在先的, 前面的",,,六级,2
precious,'preʃəs,adj.,"宝贵的, 珍贵的, 过于精致的, 珍爱的",,,六级,1
precipitate,pri'sipiteit,n./v./adj.,"沉淀物, 凝结物, 结果；猛抛, 使陷入, 促成, 使沉淀；猛地落下；突然的, 猛地落下的, 轻率的",,,六级,2
precise,pri'sais,adj.,"精确的, 严谨的, 明确的；精密的, 正确的",,,六级,1
precision,pri'siʒən,n./adj.,"精密, 精确, 精确度, 精度；精密的, 精确的；精度",,,六级,2
preclude,pri'klu:d,v.,"预先排除, 预防, 阻止, 妨碍；预防, 排除, 消除",,,六级,2
predecessor,.predi'sesə,n.,"前任, 先辈, 前身；初牙, 前辈, 祖先",,,六级,1
predestine,pri:'destin,v.,"预定, 注定",,,六级,3
predict,pri'dikt,v.,"预知, 预言, 预报",,,六级,1
prediction,pri'dikʃən,n.,"预言, 预报；预测",,,六级,1
predominant,pri'dɒminənt,adj.,"占主导地位的, 卓越的；占优势的, 支配其他的, 主要的",,,六级,2
predominantly,,adv.,"主要地, 显著地, 大多数地, 突出地",,,六级,2
predominate,pri'dɒmineit,v.,"掌握, 控制, 支配；占主导地位, 占优势",,,六级,2
preface,'prefis,n./v.,"序, 绪言, 前言；作序, 写前言；给...作序, 以...开始",,,六级,2
prefer,pri'fə:,v.,"宁可, 较喜欢, 提出；给予优先权, 优先偿还, 提出",,,六级,1
preferable,'prefərəbl,adj.,"更可取的, 更好的, 更合意的",,,六级,2
preference,'prefərəns,n.,"偏爱, 优先, 喜爱物；首选项",,,六级,1
pregnancy,'preɡnənsi,n.,"怀孕；丰富, 多产；意义深长",,,六级,1
pregnant,'pregnənt,adj.,"怀孕的, 充满的, 思想丰富的, 成果丰硕的；妊娠的, 有孕的",,,六级,1
prejudice,'predʒudis,n./v.,"偏见, 成见, 侵害；使存偏见, 使有成见, 侵害",,,六级,1
preliminary,pri'liminəri,n./adj.,"初步做法, 初步措施, 预试, 预选赛；初步的, 开始的, 预备的",,,六级,1
premature,.premə'tjuə,adj./n.,"早产的, 过早的, 不成熟的；早产儿, 过早发生的事物",,,六级,2
premier,'pri:mjə,n./adj.,"总理, 首相；首位的, 最初的",,,六级,1
premise,'premis,n./v.,"前提, 房屋连地基, 上述各项；预先提出, 引出, 作为...的前提；作出前提",,,六级,1
premium,'pri:miəm,n.,"额外补贴, 奖金, 奖赏, 保险费；保险费",,,六级,1
preparation,.prepə'reiʃən,n.,"准备, 预备, 预习；制剂",,,六级,1
prepare,pri'pєə,v.,"准备, 筹备, 使在思想上有准备, 制造, 调制；预备",,,六级,1
preposition,.prepə'ziʃən,n.,"前置词, 介词",,,六级,2
prerequisite,pri:'rekwizit,adj./n.,"先决条件的, 必要的；先决条件, 必备条件",,,六级,2
prescribe,pris'kraib,v.,"规定, 指定, 嘱咐, 开处方",,,六级,1
prescription,pri'skripʃən,n.,"处方, 命令, 指定；处方, 药方",,,六级,2
presence,'prezns,n.,"出席, 面前, 存在, 仪态, 风度；出现",,,六级,1
presentation,.prezən'teiʃən,n.,"赠与, 描述, 介绍；简报",,,六级,1
presently,'prezntli,adv.,"目前, 不久",,,六级,2
preservation,.prezə'veiʃən,n.,"保存, 保藏, 保护；保藏, 保存, 防腐",,,六级,2
preserve,pri'zə:v,v./n.,"保护, 保持, 保存, 维持, 腌, 禁猎；加工食品, 禁猎；加工成的食品, 禁猎地, 保护区, 防护物",,,六级,1
preset,pri:'set,v./n.,事先调整；预调装置；边框形式,,,六级,2
preside,pri'zaid,v.,"统辖, 当主人, 主持；主持, 负责, 指挥",,,六级,2
presidency,'prezidənsi,n.,"总统职权, 总裁职位",,,六级,2
president,'prezidənt,n.,"总统, 总裁, 董事长, (学院)院长, (大学)校长, 主管人, 主持人；总经理, 董事长, 总裁",,,六级,1
press,pres,n./v.,"压, 揿, 按, 人群, 印刷机, 压力, 出版社, 记者, 报刊, 新闻舆论, 紧迫；压, 压榨, 紧抱, 逼迫, 推进, 强迫征募, 催逼；压, 重压, 催促, 拥挤, 奋力前进, 受压",,,六级,1
pressure,'preʃə,n./v.,"压, 榨, 按, 强制, 压力, 压迫, 压强；迫使, 使增压, 密封",,,六级,1
prestige,pre'sti:ʒ,n.,"声望, 威望, 威信；商誉, 声誉",,,六级,2
presumably,pri'zu:məbli,adv.,"推测上, 大概",,,六级,1
presume,pri'zu:m,v.,"假定, 推测, 擅自, 意味着；擅自行动, 相信",,,六级,1
pretend,pri'tend,v.,"假装, 伪称, 自命, 自称",,,六级,1
pretext,'pri:tekst,n./v.,"借口, 托词；以...为借口",,,六级,2
pretty,'priti,adj./adv.,"漂亮的, 优美的, 机灵的, 狡猾的, 恰当的；相当, 颇",,,六级,1
prevail,pri'veil,v.,"获胜, 流行, 盛行；流行, 盛行",,,六级,2
prevailing,pri'veiliŋ,adj.,"盛行很广的, 优势的, 主要的, 普遍的；占优势的, 盛行的, 通行的",,,六级,2
prevalence,'prevələns,n.,"普遍, 流行, 广泛；流行, 盛行",,,六级,2
prevalent,'prevələnt,adj.,"普遍的, 流行的",,,六级,2
prevent,pri'vent,v.,"预防, 防止, 阻止, 妨碍",,,六级,1
prevention,pri'venʃən,n.,"阻止, 妨碍, 预防；预防",,,六级,1
previous,'pri:viəs,adj.,"早先的, 前面的, 过急的；以前的, 生前的, 前述的",,,六级,1
previously,'pri:vju:sli,adv.,"先, 先前, 以前, 前, (非正式)过早, 过急, 在前, 在...以前, 在先；先前地",,,六级,1
prey,prei,n./v.,"被掠食者, 牺牲者；捕食",,,六级,1
prick,prik,v./n./adj.,"刺, 戳, 刺痛, 使竖起；刺, 竖起；扎, 一刺, 刺痛；竖起的",,,六级,2
pride,praid,n./v.,"骄傲, 自尊心, 自豪, 精华, 勇气；以...自豪",,,六级,1
priest,pri:st,n.,"祭司, 牧师, 神父, 神质人员, 僧侣, 泰斗",,,六级,1
primarily,'praimərili,adv.,"主要地, 首先地",,,六级,1
primary,'praiməri,n./adj.,"最主要者, 原色；主要的, 初期的, 根本的, 原始的, 首要的, 基本的；初等量; 主要的; 一次的",,,六级,1
primate,'praimit,n.,"大主教, 灵长目动物；灵长类",,,六级,2
prime,praim,n./adj./v.,"最佳部分, 初期, 全盛期；主要的, 最初的, 根本的；加油启动, 灌注, 填装",,,六级,1
primitive,'primitiv,n./adj.,"原始人, 早期艺术家；原始的, 上古的；图元; 原语; 基元",,,六级,1
prince,prins,n.,"王子, 亲王, 国君, 贵族, 诸侯, 有权势的大人物",,,六级,1
princess,'prinsis,n.,"公主, 王妃, 女巨头",,,六级,1
principal,'prinsipəl,n./adj.,"校长, 首长, 本金, 主犯, 资本, 委托人；主要的, 最重要的, 首要的",,,六级,1
principally,'prinsəpəli,adv.,"主要地, 大部分",,,六级,2
principle,'prinsipl,n.,"原则, 原理, 主义；原理",,,六级,1
printer,'printə,n.,"印刷工, 打印机；打印机",,,六级,1
prior,'praiə,adj./n.,"更重要的, 较早的, 在先的；小隐修院院长, 大隐修院副院长",,,六级,2
priority,prai'ɒriti,n.,"优先权, 优先；优先级",,,六级,1
prism,'prizm,n.,"棱镜, 棱柱；棱镜",,,六级,2
prison,'prizn,n./v.,"监狱, 监禁, 拘留所；监禁",,,六级,1
prisoner,'priznə,n.,"囚犯, 犯人, 战俘；犯人, 囚犯, 扣押犯",,,六级,1
privacy,'praivəsi,n.,"隐私, 隐居, 秘密；个人保密权",,,六级,2
private,'praivit,adj./n.,"私人的, 秘密的, 私立的, 隐蔽的；士兵, 隐士, 阴部；私人的",,,六级,1
privilege,'privilidʒ,n./v.,"特权, 特别恩典, 基本权利, 特免；给与...特权, 特免",,,六级,1
prize,praiz,n./adj./v.,"奖赏, 奖金, 奖品, 战利品, 捕获；得奖的；珍视, 估价, 捕获, 撬, 撬动",,,六级,1
probability,.prɒbə'biliti,n.,"可能性, 或然率, 几率, 概率；概率; 几率",,,六级,1
probable,'prɒbəbl,adj./n.,"很可能的, 大概的, 可信的；很有希望的候选人, 很可能的事情",,,六级,2
probably,'prɒbəbli,adv.,"大概, 或许",,,六级,1
probe,prəub,n./v.,"探索, 调查, 探针, 探测器；用探针探测, 调查, 探索",,,六级,1
procedure,prə'si:dʒə,n.,"程序, 过程, 手续；规程; 过程",,,六级,1
proceed,prəu'si:d,v.,"继续进行, 进行, 开始, 发出, 起诉；所得, 收入, 收益",,,六级,1
proceeding,prəu'si:diŋ,n.,"进行, 程序, 行动, 诉讼程序, 事项；会议论文集",,,六级,1
process,'prɒses,n./v./adj.,"程序, 进行, 过程；加工, 使...接受处理, 对...处置, 对...起诉；经加工的, 有特殊光效的；进程",,,六级,1
procession,prə'seʃən,n.,"队伍, 连续, 列队行进, 涌出",,,六级,2
proclaim,prə'kleim,v.,"宣布, 公告, 宣言, 表明, 赞扬；宣布, 宣告, 公布",,,六级,1
produce,prə'dju:s,n./v.,"生产品, 物产, 后代；产生, 生产, 提出, 出示；生产, 制造",,,六级,1
producer,prə'dju:sə,n.,"生产者, 制作者, 制作人；发生器; (炉煤气)发生炉; 制气炉; 生产者",,,六级,1
product,'prɒdʌkt,n.,"产品, 结果, 乘积；生产物",,,六级,1
production,prə'dʌkʃən,n.,"制造, 生产, 产物；产生, 生成",,,六级,1
productive,prə'dʌktiv,adj.,"能生产的, 有生产价值的, 多产的；产出性的, 产生性的",,,六级,1
productivity,.prəudʌk'tiviti,n.,"生产力；生产率, 生产能力",,,六级,1
profession,prə'feʃən,n.,"职业, 表白, 声明；工种; 职业",,,六级,1
professional,prə'feʃənl,n./adj.,"专业人才；专业的, 职业的",,,六级,1
professor,prə'fesə,n.,教授,,,六级,1
proficiency,prə'fiʃəns,n.,"精通, 熟练, 精练",,,六级,2
proficient,prə'fiʃənt,n./adj.,"高手, 专家；精通的, 熟练的",,,六级,2
profile,'prəufail,n./v.,"侧面, 轮廓, 传略；描绘...轮廓, 写...的传略；提问档; 剖面图法; 剖面法",,,六级,1
profit,'prɒfit,n./v.,"利润, 赢利, 利益；有益, 获利, 赚钱；有益于",,,六级,1
profitable,'prɒfitəbl,adj.,"有利润的, 有利益的, 赚钱的；有利(可图)的, 合算的",,,六级,1
profound,prə'faund,adj.,"极深的, 深厚的, 深刻的, 渊博的",,,六级,1
program,'prəugræm,n./v.,"节目, 节目单, 程序, 纲要, 大纲, 计划；规划, 拟...计划；安排节目, 编程序；程序",,,六级,1
progress,'prəugres,n./v.,"进步, 发展, 前进；进步, 进行",,,六级,1
progressive,prə'gresiv,n./adj.,"改革论者, 进步论者；前进的, 累进的, 进步的",,,六级,1
prohibit,prə'hibit,v.,"禁止, 阻止；禁止",,,六级,2
prohibition,.prəuhi'biʃən,n.,"禁令, 禁止",,,六级,2
project,'prɒdʒekt,n./v.,"计划, 设计, 事业；计划, 设计, 投掷, 发射, 使凸出, 放映；凸出",,,六级,1
projecting,prə'dʒektiŋ,adj.,"突出的, 伸出的",,,六级,2
projector,prə'dʒektə,n.,"计划人, 发起人, 规划人, 放映机, 映画器, 幻灯机, 幻灯, 探照灯, 发射器；投影仪",,,六级,2
prolong,prəu'lɒŋ,v.,"延长, 拖延, 拖长；冷凝管",,,六级,2
prominence,'prɒminəns,n.,"突起, 突出, 显著, 突出物, 凸出；隆凸, 凸",,,六级,2
prominent,'prɒminənt,adj.,"卓越的, 显著的, 突出的, 凸出的",,,六级,1
promise,'prɒmis,n./v.,"诺言, 约定的事情, 有指望；允诺, 约定, 预示；允诺, 有前途, 有指望",,,六级,1
promising,'prɒmisiŋ,adj.,"有希望的, 前途有望的；有希望的",,,六级,1
promote,prəu'məut,v.,"促进, 晋升, 创办, 推销；促进, 推广, 推销",,,六级,1
promotion,prəu'məuʃən,n.,"晋级, 创建, 增进；推广, 推销, 促进",,,六级,1
prompt,prɒmpt,n./adj./v./adv.,"激励, 提示, 提醒物, 提词, 付款期限；迅速的, 敏捷的, 立刻的, 提词员的；激励, 鼓动, 提示；准时地；提示符; DOS内部命令:设定DOS命令行的提示符",,,六级,1
promptly,'prɒmptli,adv.,"敏捷地, 迅速地",,,六级,2
prone,prəun,adj.,"俯伏的, 面向下的, 有...倾向的；旋前的, 伏的, 俯的",,,六级,2
pronoun,'prəunaun,n.,代词,,,六级,2
pronounce,prə'nauns,v.,"发音, 宣告, 断言",,,六级,1
pronunciation,prəu.nʌnsi'eiʃən,n.,"发音, 读法",,,六级,2
proof,pru:f,n./adj./v.,"证据, 证明, 试验, 检验, 考验；不能透入的, 证明用的, 防...的, 耐...的；检验, 试验, 校对, 使不被穿透；审稿",,,六级,1
propaganda,.prɒpə'gændə,n.,"宣传, 宣传活动；宣传",,,六级,2
propagate,'prɒpəgeit,v.,"繁殖, 传播, 传送；繁殖, 蔓延",,,六级,2
propagation,.prɒpə'geiʃən,n.,"增殖, 繁殖, 宣传；传播, 繁殖, 持续培养",,,六级,2
propel,prəu'pel,v.,"推进, 驱使；推进",,,六级,2
propeller,prə'pelə,n.,"螺旋桨, 推进器；搅拌叶片; 螺旋桨",,,六级,2
proper,'prɒpə,adj./adv.,"适当的, 固有的, 高尚的, 专属的；完全地, 彻底地",,,六级,1
properly,'prɒpəli,adv.,"适当地, 相当地",,,六级,1
property,'prɒpəti,n.,"财产, 所有权, 性质, 属性；属性",,,六级,1
prophecy,'prɒfəsi,n.,"预言, 预言能力",,,六级,2
prophet,'prɒfit,n.,"预言者, 先知, 提倡者",,,六级,2
proportion,prə'pɒ:ʃən,n./v.,"比例, 比率, 均衡, 部分, 面积；使成比例, 使均衡",,,六级,1
proportional,prə'pɒ:ʃənl,adj./n.,"比例的, 相称的；比例项",,,六级,2
proposal,prə'pəuzl,n.,"提议, 计划, 求婚；提案, 申请, 投标",,,六级,1
propose,prə'pəuz,v.,"计划, 打算, 建议, 提议, 求(婚)；打算, 求婚",,,六级,1
proposition,.prɒpə'ziʃən,n./v.,"建议, 命题, 主张；向...提议, 向...提出猥亵的要求",,,六级,1
propulsion,prə'pʌlʃən,n.,"推进, 推进力；前冲, 慌张步态",,,六级,2
prose,prəuz,n./v./adj.,"散文；写散文；散文的, 平凡的",,,六级,2
prospect,'prɒspekt,n./v.,"景色, 展望；勘探, 勘察；勘探, 有前途",,,六级,1
prospective,prəs'pektiv,adj.,"预期的, 将来的；预期的, 未来的",,,六级,1
prosperity,prɒs'periti,n.,"繁荣, 茂盛, 成功；繁荣",,,六级,2
prosperous,'prɒspərəs,adj.,"成功的, 繁盛的, 幸运的；繁荣的, 昌盛的",,,六级,2
protect,prə'tekt,v.,"防卫, 保护, 警戒；庇护, 保护, 警戒",,,六级,1
protection,prə'tekʃən,n.,"保护, 防卫, 贸易保护制度；保护",,,六级,1
protective,prə'tektiv,adj.,"给予保护的, 保护的；保护的, 防护的, 保护剂, 保护物, 油绸",,,六级,1
protein,'prəuti:in,n./adj.,蛋白质；蛋白质的,,,六级,1
protend,prəu'tend,v.,"(使)伸出, (使)伸展",,,六级,3
protest,prə'test,n./v.,"抗议, 反对, 抗议书, 断言；反对, 抗议, 断言",,,六级,1
proton,'prəutɒn,n.,质子；质子,,,六级,2
prototype,'prəutətaip,n.,原型；样机; 原型,,,六级,2
proud,praud,adj.,"骄傲的, 自大的, 自豪的, 辉煌的, 壮丽的",,,六级,1
prove,pru:v,v.,"证明, 查验, 检验, 勘探, 显示；证明是",,,六级,1
proverb,'prɒvə:b,n./v.,"谚语, 格言, 箴言；使众所周知, 用谚语表达",,,六级,2
provide,prə'vaid,v.,"提供, 供应, 规定, 预备；作准备, 抚养, 规定",,,六级,1
provided,prə'vaidid,conj.,"倘若, 以...为条件",,,六级,1
province,'prɒvins,n.,"省, 地方, 职权, 领域；省, 地方, 领域",,,六级,1
provision,prə'viʒən,n./v.,"(政府提供的)钱和设备, 准备, 供应品, 规定, 条款；供给...食物及必需品",,,六级,1
provocative,prə'vɒkətiv,adj./n.,"激发感情的, 挑拨的, 刺激的；刺激物, 挑拨物, 兴奋剂",,,六级,2
provoke,prə'vəuk,v.,"激怒, 惹起, 诱导；刺激, 煽动, 激怒",,,六级,1
provost,'prɒvəst,n.,"教务长, 监督员, 牧师；监督者, 负责官员, 监狱看守",,,六级,2
proximity,prɒk'simiti,n.,"接近, 亲近",,,六级,2
prudent,'pru:dnt,adj.,"审慎的, 三思而后行的, 精明的, 节俭的",,,六级,2
psychological,.saikə'lɒdʒikəl,adj.,"心理学的, 精神上的, 心灵的；心理上的, 心理学的",,,六级,1
psychology,sai'kɒlədʒi,n.,"心理学, 心理状态；心理学",,,六级,1
public,'pʌblik,n./adj.,"公众, 民众；公众的, 公共的, 公立的, 公用的",,,六级,1
publication,.pʌbli'keiʃən,n.,"出版物, 出版, 公布；发布",,,六级,1
publicity,pʌb'lisiti,n.,"名声, 宣传, 公开场合；宣传, 广告",,,六级,1
publish,'pʌbliʃ,v.,"出版, 发行, 公开, 发表, 宣传, 公布；出版, 发行",,,六级,1
pudding,'pudiŋ,n.,布丁,,,六级,2
puff,pʌf,n./v.,"一阵喷烟, 肿块, 喘息；喷出, 张开, 吹捧, (使)充气, 喘气, (使)骄傲, (使)膨胀",,,六级,2
pulley,'puli,n.,"滑车, 滑轮；滑车",,,六级,2
pulse,pʌls,n./v.,"脉冲, 脉搏, 情绪, 意向, 拍子, 豆类；跳动, 脉跳；使跳动, 用脉冲调制；脉冲",,,六级,1
pump,pʌmp,n./v.,"抽水机, 打气筒, 泵, 抽吸；用唧筒抽水, 打气, 盘问, 倾注, 使疲惫；抽水, 上下(或往复)运动",,,六级,1
pumpkin,'pʌmpkin,n.,南瓜,,,六级,2
punch,pʌntʃ,n./v.,"打洞器, 钻孔机, 冲压机, 冲床, 潘趣酒；以拳重击, 开洞, 冲压；用拳猛击",,,六级,2
punctual,'pəŋktʃuəl,adj.,"准时的, 守时的, 点状的, 中肯的；准时的, 不误期的, 准时",,,六级,2
punish,'pʌniʃ,v.,"处罚, 惩罚, 严厉对待；惩罚",,,六级,1
punishment,'pʌniʃmənt,n.,"处罚, 刑罚, 惩罚；罚, 处罚, 刑罚",,,六级,1
puppet,'pʌpit,n.,"傀儡, 木偶；木偶, 傀儡, 受他人操纵的人",,,六级,2
puppy,'pʌpi,n.,"小狗, 小动物, 自负的年轻人",,,六级,2
purchase,'pə:tʃəs,n./v.,"购买, 购买品, 紧握, 绞辘；购买, 赢得, 努力取得, 用滑轮起(锚等)",,,六级,1
pure,pjuə,adj.,"纯的, 纯净的, 纯洁的, 清白的, 完美的, 无瑕的, 抽象的；的, 纯净的",,,六级,1
purely,'pjuəli,adv.,"纯粹地, 清白地, 贞洁地",,,六级,1
purify,'pjuərifai,v.,"变纯净；使纯净, 净化, 提纯, 精炼",,,六级,2
purity,'pjuərəti,n.,"纯净, 纯正, 纯粹；纯度",,,六级,2
purple,'pə:pl,n./adj./v.,"紫色, 帝位；紫色的, 帝王的, 华而不实的；(使)成紫色",,,六级,2
purpose,'pə:pəs,n./v.,"目的, 意向, 决心, 用途, 效果, 论题；意欲, 企图, 计划",,,六级,1
purse,pə:s,n./v.,"钱包, 小钱袋, 金钱, 募捐款, 囊状物；缩拢, 皱起",,,六级,2
pursue,pə'sju:,v.,"追赶, 追踪, 追随, 追求, 实行, 继续, 从事；追赶, 继续",,,六级,1
pursuit,pə'sju:t,n.,"追踪, 追求, 追赶, 娱乐, 职业；追捕, 追求",,,六级,1
puzzle,'pʌzl,n./v.,"难题, 迷惑；使困惑, 使为难；迷惑, 苦思",,,六级,2
pyjamas,pə'dʒɑ:məs,n.,"睡衣裤, 宽松裤",,,六级,2
qualification,.kwɒlifi'keiʃən,n.,"资格, 条件, 限制；限定",,,六级,1
qualify,'kwɒlifai,v.,"取得资格, 有资格；使有资格, 使合格, 限定, 限制, 准予",,,六级,1
qualitative,'kwɒlitətiv,adj.,"性质的, 质的, 定性的",,,六级,2
quality,'kwɒləti,n./adj.,"品质, 特性, 才能, 质量；优质的；品质",,,六级,1
quantify,'kwɒntifai,v.,"定量, 用数量表示, 测量",,,六级,2
quantitative,'kwɒntitətiv,adj.,"数量的, 定量的；定量的, 数量的",,,六级,2
quantity,'kwɒntəti,n.,"量, 数量, 总量；数量; 量",,,六级,1
quarrel,'kwɒrəl,n./v.,"吵架, 反目, 怨言, 方头凿；吵架, 争论, 挑剔",,,六级,2
quart,kwɒ:t,n.,夸脱；夸脱(四分之一加仑),,,六级,2
quarterly,'kwɔ:təli,adj./adv./n.,"季度的, 按季度的, 每季的；按季, 每三个月, 每季一次；季刊",,,六级,2
quartz,kwɒ:ts,n.,石英；石英,,,六级,2
queen,'kwi:n,n./v.,"王后, 女王；立为女王；做女王",,,六级,1
queer,kwiə,n./adj./v.,"怪人, 同性恋者；奇怪的, 不舒服的, 可疑的；搞糟",,,六级,2
quench,kwentʃ,v.,"熄灭, 结束, 使冷却, 将...淬火；熄灭, 平息",,,六级,2
quest,kwest,n./v.,"探索, 寻求, 调查；寻找, 找, 追寻猎物",,,六级,2
questionable,'kwestʃənəbl,adj.,"可疑的；可疑的, 有问题的, 不可靠的",,,六级,2
questionnaire,kwestʃə'nєə,n.,"调查表, 问卷；调查表",,,六级,1
queue,kju:,n./v.,"辫子, 一队人, 队列；使排队, 将...梳成辫子；排队；队列",,,六级,1
quicken,'kwikən,v.,"加快, 激发, 使有生气, 鼓舞, 使复活；加快, 变活跃, 进入胎动期",,,六级,2
quilt,kwilt,n./v.,"棉被；加软衬料后缝制, 东拼西凑地编；缝被子",,,六级,2
quit,kwit,v./n.,"离开, 辞职, 停止；离开, 放弃, 使解除, 停止；离开；结束, 退出",,,六级,2
quiver,'kwivə,n./v./adj.,"震动, 颤抖, 箭袋；颤抖, 振动；使颤动；敏捷的",,,六级,2
quiz,kwiz,n./v.,"考查, 课堂测验, 恶作剧, 智力测验；戏弄, 考查, 恶作剧",,,六级,2
quotation,kwəu'teiʃən,n.,"引用语, 语录, 牌价, 报价；报价",,,六级,2
quote,kwəut,n./v.,"引用；引述, 举证, 报(价)；引用",,,六级,1
rabbit,'ræbit,n./v.,兔子；猎兔；让...见鬼去,,,六级,1
race,reis,n./v.,"种族, 人种, 赛跑, 比赛, 急流, 人类, 同道, 姜根；赛跑, 竞赛, 疾走；与...赛跑, 使疾走, 使猛转；竞争; 追赶; 欧州高级通信研究开发计划",,,六级,1
racial,'reiʃəl,adj.,"人种的, 种族的；种族的",,,六级,1
rack,ræk,n./v.,"架, 行李架, 饲草架, 搁物架, 痛苦, 折磨, 齿条, 行云团；把...放在架上, 在架上制作, 折磨, 使痛苦, 压榨, 榨取, 猛烈撕拉, 拷问；变形, 倾斜, (云)随风飘, (马)小步跑；机架",,,六级,2
racket,'rækit,n./v.,"球拍, 喧闹, 杂乱无章；喧闹；用球拍打",,,六级,2
radar,'reidə,n.,"雷达, 无线电探测器；雷达图",,,六级,2
radial,'reidiəl,adj./n.,"光线的, 光线状的, 放射状的, 半径的, 径向的；光线, 射线",,,六级,2
radiant,'reidiənt,adj.,"发光的, 明亮的, 辐射的, 容光焕发的；放射的, 辐射的, 辐射物[质]",,,六级,2
radiate,'reidieit,v./adj.,"放射, 散发, 辐射, 传播, 广播；发光, 辐射, 流露；有射线的, 辐射状的",,,六级,2
radiation,.reidi'eiʃən,n.,辐射；放射,,,六级,1
radiator,'reidieitə,n.,"暖气装置, 散热器, 辐射体；散热器",,,六级,2
radical,'rædikl,n./adj.,"激进分子, 词根, 基础, 根式, 根；激进的, 根本的, 基本的, 根的",,,六级,1
radioactive,.reidiəu'æktiv,adj.,"放射性的, 有放射能的；放射性的, 放射的",,,六级,2
radioactivity,.reidiəuæk'tiviti,n.,放射性；放射性,,,六级,2
radish,'rædiʃ,n.,小萝卜,,,六级,2
radium,'reidiəm,n.,镭；镭Ra,,,六级,3
radius,'reidiəs,n.,"半径, 范围, 辐射光线；半径",,,六级,2
rag,ræg,n./v.,"碎布, 抹布, 碎片, 碎屑, 少量, 破旧衣服；责骂, 揶揄, 戏弄；喧闹",,,六级,2
rage,reidʒ,n./v.,"愤怒, 情绪激动, 狂暴；大怒, 狂吹, 流行",,,六级,1
raid,reid,n./v.,"袭击, 突袭, 搜捕；奇袭, 搜捕；廉价磁盘冗余阵列",,,六级,1
rail,reil,n./v.,"横杆, 围栏, 栏杆, 铁轨, 扶手, 秧鸡；以横木围栏, 给...铺铁轨；责骂, 抱怨",,,六级,1
railroad,'reilrəud,n./v.,"铁路, 铁路公司；铺设铁路, 用铁路运输；在铁路工作",,,六级,2
rainbow,'reinbəu,n./adj.,彩虹；五彩缤纷的,,,六级,2
rainforest,'rein'fɔrist,,雨林,,,六级,2
rainy,'reini,adj.,"下雨的, 多雨的",,,六级,2
raisin,'reizn,n.,葡萄干,,,六级,2
rake,reik,n./v.,"耙子, 钱耙, 斜度, 浪子；搜索, 掠过, (用耙子)耙, (使)倾斜",,,六级,2
rally,'ræli,n./v.,"重振旗鼓, 集合, 群众集会, 跌停回升；重整旗鼓, 集合, 恢复精神, 团结, 挖苦, 嘲笑",,,六级,1
ramble,'ræmbl,n./v.,"漫步, 随笔；漫步, 漫谈, 漫游, 蔓延；闲逛于",,,六级,2
ranch,ræntʃ. rɑ:ntʃ,n./v.,大牧场；经营牧场,,,六级,2
random,'rændəm,n./adj./adv.,"随意, 随机；任意的, 随便的, 胡乱的, 随机的；胡乱地",,,六级,1
range,'reindʒ,n./v.,"排, 行, 山脉, 范围, 行列, 射程；排列, 归类于, 使并列, 放牧；平行, 延伸, 漫游；量程; 范围; 域; 距离",,,六级,1
rank,ræŋk,n./adj./v.,"等级, 排, 横列, 队伍, 阶级；茂密丛生的, 恶臭的, 十足的, 粗俗的；排列, 归类于, 把...分等；列为, 列队；秩；秩",,,六级,1
rap,ræp,n./v.,"轻敲, 拍击, 责骂, 无价值的东西；轻敲, 厉声说出, 叱责, 抢走, 使着迷；敲击, 发敲击声, 交谈, 同情；随机存取程序, 资源分配处理器, 常驻汇编程序",,,六级,2
rapid,'ræpid,adj./n.,"迅速的, 飞快的, 急促的, 陡的；急流",,,六级,1
rapidity,rə'piditi,n.,"迅速, 急速, 速度",,,六级,2
rapidly,'ræpidli,adv.,"飞快地, 迅速地, 赶紧地",,,六级,1
rapture,'ræptʃə,n./v.,"兴高采烈, 着迷, 欢天喜地, 狂喜；使狂喜",,,六级,2
rare,rєə,adj./adv.,"稀罕的, 罕有的, 珍奇的, 稀薄的, 半熟的, 非常好的；非常",,,六级,1
rarely,'rєəli,adv.,"很少地, 罕有地",,,六级,1
rascal,'ræskl,n.,"流氓, 无赖, 坏蛋, 淘气鬼；流氓, 无赖, 恶棍",,,六级,2
rash,ræʃ,adj./n.,"轻率的, 匆忙的, 鲁莽的；皮疹",,,六级,2
rat,ræt,n./v.,"鼠, 卑鄙的人, 破坏者, 变节者；捕鼠, 变节；弄蓬松",,,六级,1
rate,reit,n./v.,"比率, 率, 速度, 价格, 费用, 等级；估价, 认为, 鉴定等级, 责骂；被评价, 责骂",,,六级,1
rather,'ræðə,adv.,"宁可, 稍微, 相当",,,六级,1
rating,'reitiŋ,n.,"等级, 额定功率, 责骂；等级评定",,,六级,1
ratio,'reiʃəu,n.,"比, 比率；比, 比率, 比例",,,六级,1
rational,'ræʃənl,adj./n.,"理性的, 合理的；有理数",,,六级,1
rattle,'rætl,v./n.,"使嘎嘎响, 喋喋不休地说；格格响, 喋喋不休；格格声, 拨浪鼓, 喋喋不休的话",,,六级,2
raw,rɒ:,n./adj./v.,"擦伤处, 半成品；生的, 未加工的, 生疏的, 不成熟的, 阴冷的, 刺痛的, 擦掉皮的；擦伤；写后读",,,六级,1
ray,rei,n./v.,"光线, 射线, 闪烁, 光辉；射出光线, 浮现, 放射光线；放射, 显出",,,六级,1
razor,'reizə,n./v.,剃刀；剃,,,六级,2
reach,ri:tʃ,n./v.,"伸出, 延伸, 区域, 范围, 流域, 岬；到达, 达到, 伸出, 延伸, 影响；达到, 延伸, 伸出手, 传到",,,六级,1
react,ri'ækt,v.,"起反应, 起作用, 反攻；应答, 发生反应",,,六级,1
reaction,ri'ækʃən,n.,"反应, 反作用, 反动；反应",,,六级,1
reactor,ri'æktə,n.,"反应者, 反应器, 反应堆, 电抗器；反应釜; 反应锅",,,六级,1
reader,'ri:də,n.,"读者, 读物, 文选, 校对人, 讲师；阅读程序; 阅读器",,,六级,1
readily,'redili,adv.,"迅速地, 轻易地, 乐意地",,,六级,1
reading,'ri:diŋ,n./adj.,"阅读, 知识, 读物；阅读的",,,六级,1
real,'riəl,adj./n./adv.,"真的, 真实的, 实际的, 实在的, 不动(产)的, 实数的；实数, 现实；真正地",,,六级,1
realistic,riə'listik,adj.,"现实的, 逼真的, 现实主义的, 实在论的",,,六级,1
reality,ri'æliti,n.,"实在, 事实, 实体, 逼真；现实, 实在存在的事物, 实在性",,,六级,1
realization,.riəlai'zeiʃən,n.,"实现, 领悟, 实得；现实化, 实现",,,六级,2
realize,'riəlaiz,v.,"了解, 实现, 使显得逼真, 变卖；变卖",,,六级,1
realm,relm,n.,"王国, 领土, 领域；领域",,,六级,1
reap,ri:p,v.,"收割, 收获, 获得；收割, 得到报应",,,六级,2
rear,riə,n./adj./v.,"后面, 背后, 后方；后面的, 背面的, 后方的；养育, 培养, 饲养, 举起, 树立, 栽种；高耸, 暴跳",,,六级,1
reasonable,'ri:znəbl,adj.,"合理的, 明理的, 适当的；合理的, 公道的, 正当的",,,六级,1
reassure,.ri:ə'ʃuə,v.,"使...安心, 向...再保证；重新保证, 再保险, 使清除疑虑",,,六级,1
rebel,'rebl,n./v./adj.,"叛徒, 反叛者；造反, 反抗, 抵抗, 反感；造反的, 反抗的",,,六级,1
rebellion,ri'beljən,n.,"谋反, 叛乱, 反抗；造反, 反叛, 叛乱",,,六级,2
rebuke,ri'bju:k,n./v.,"指责, 谴责, 非难；斥责, 指责, 制止",,,六级,2
recall,ri'kɒ:l,n./v.,"回忆, 召回, 撤消；回想, 回忆, 召回, 撤消, 使恢复；检索",,,六级,1
receiver,ri'si:və,n.,"接收器；接受者；收信机；收款员, 接待者",,,六级,1
recent,'ri:snt,adj.,"最近的, 近代的, 最新的；最近的, 新进的",,,六级,1
recently,'ri:sntli,adv.,最近,,,六级,1
reception,ri'sepʃən,n.,"接待, 接受, 招待会；接受, 感受",,,六级,1
recession,ri'seʃən,n.,"后退, 凹处, 衰退, 归还；退缩",,,六级,1
recipe,'resipi,n.,"食谱, 处方, 秘诀；取(处方头语), 处方",,,六级,1
recipient,ri'sipiənt,adj./n.,"领受的, 容易接受的, 感受性强的；领受者, 容纳者, 容器",,,六级,2
reciprocal,ri'siprəkl,adj./n.,"互惠的, 相互的, 相等的, 倒数的, 彼此相反的；倒数, 互相起作用的事物",,,六级,2
recite,ri'sait,v.,"背诵, 朗读, 叙述",,,六级,2
reckless,'reklis,adj.,"不介意的, 大意的, 鲁莽的, 不顾后果的；不注意的, 粗心大意的, 鲁莽的",,,六级,2
reckon,'rekən,v.,"计算, 总计, 估计, 认为, 猜想；数, 计算, 估计, 依赖, 料想",,,六级,1
reclaim,ri'kleim,v.,"开垦, 改造, 感化, 纠正, 回收；喊叫, 抗议",,,六级,2
recognition,.rekəg'niʃən,n.,"赞誉, 认得, 识别, 承认, 认可, 认识；认识",,,六级,1
recognize,'rekəgnaiz,v.,"认出, 认可, 承认, 公认, 识别, 赏识；承认, 具结",,,六级,1
recollect,.rekə'lekt,v.,"回忆, 回想, 忆起；回忆",,,六级,2
recommend,.rekə'mend,v.,"推荐, 介绍, 劝告, 使受欢迎, 托付；建议, 推荐",,,六级,1
recommendation,.rekəmen'deiʃən,n.,"推荐, 介绍, 推荐信, 劝告；建议书",,,六级,1
reconcile,'rekənsail,v.,"使和解, 调停, 使和谐, 使一致, 使听从；对帐, 使一致",,,六级,2
record,ri'kɒ:d,n./v./adj.,"记录, 履历, 档案, 审判记录, 最高纪录, 唱片；记录, 记载, 标明, 将...录音；记录, 录音, 可被录音；创纪录的；录制, 记录",,,六级,1
recorder,ri'kɒ:də,n.,"记录员, 录音机；记录器；宏录制器, 记录器",,,六级,1
recover,ri'kʌvə,v.,"重新获得, 恢复, 复原, 拯救；痊愈, 复原, 胜诉；恢复",,,六级,1
recovery,ri'kʌvəri,n.,"恢复, 复原, 痊愈, 重获；恢复",,,六级,1
recreation,.rekri'eiʃən,n.,"娱乐, 消遣, 休息, 再创造；娱乐, 休养",,,六级,2
recruit,ri'kru:t,n./v.,"新兵, 新手, 新会员, 补给品；恢复, 补充, 充实, 征募；征募新兵, 复原, 得到补充",,,六级,1
recruitment,ri'kru:tmənt,n.,"新兵征召；募集[反应], 募集[现象](生理), 复聪(耳科)",,,六级,1
rectangle,'rektæŋgl,n.,"长方形, 矩形；矩形",,,六级,2
rectangular,rek'tæŋgjulə,adj.,成直角的；矩形的,,,六级,2
rectify,'rektifai,v.,"订正, 矫正, 改正, 调正, 校正, 精馏, 整流；精馏",,,六级,2
recur,ri'kə:,v.,"复发, 回到, 重现, 再来, 诉诸, 采用, 循环",,,六级,2
recurrence,ri'kʌrəns,n.,"再现, 再发生, 反复, 循环；复发, 再发",,,六级,2
recycle,.ri:'saikl,v./n.,"使再循环, 重新利用, 再制；再循环",,,六级,2
reduce,ri'dju:s,v.,"减少, 分解, 降低, 使衰退, 把...分解, 把...归纳；减少, 减肥, 缩小；缩小",,,六级,1
reduction,ri'dʌkʃən,n.,"减少, 缩影, 变化；还原",,,六级,1
redundant,ri'dʌndənt,adj.,"多余的, 过多的, 冗长的；过多的, 多余的",,,六级,1
reed,ri:d,n./v.,"芦苇, 芦笛, 簧舌, 纤弱的人；用芦苇盖, 用小凸嵌线装饰",,,六级,2
reef,ri:f,n./v.,"暗礁, 礁, 缩帆；缩(帆)",,,六级,2
reel,ri:l,n./v.,"卷轴, 一卷, 纺车, 旋转, 蹒跚；卷...于轴上, 绕, 使旋转；蹒跚地走, 旋转, 眩晕, 摇晃, 退缩；卷; 盘",,,六级,2
refer,ri'fə:,v.,"提交, 归诸于, 把...提交, 使求助于；提到, 涉及, 查阅, 查询, 咨询",,,六级,1
referee,.refə'ri:,n./v.,"仲裁人, 调解人, 裁判员；仲裁, 裁判",,,六级,1
reference,'refərəns,n./v.,"参考, 索引, 参照；给...加上参考资料；引用；引用；引用",,,六级,1
refine,ri'fain,v.,"精炼, 净化, 使优雅, 使精炼；被精炼, 被净化",,,六级,2
refinery,ri'fainəri,n.,精炼厂；精炼厂炼糖厂,,,六级,2
reflect,ri'flekt,v.,"反射, 反映, 招致, 深思；被反射, 映出, 深思, 考虑, 指责",,,六级,1
reflection,ri'flekʃən,n.,"反映, 沉思, 映像, 想法, 责难；反射",,,六级,1
reflexion,ri'flekʃən,,"反射[作用], 反折",,,六级,3
reform,ri'fɒ:m,n./v.,"改革, 改正, 改造；改革, 改过, 革新, 重整；革新, 改过",,,六级,1
refrain,ri'frein,n./v.,"重复的话, 叠句, 副歌；节制, 避免, 克制",,,六级,2
refresh,ri'freʃ,v.,"使清新, 使恢复, 使生气蓬勃；提起精神, 恢复精神, 吃点心, 喝饮料；刷新, 重新整理；刷新, 重新整理；刷新, 重新整理",,,六级,2
refreshment,ri'freʃmənt,n.,"点心, 起提神作用的事物, 精神爽快",,,六级,2
refrigerator,ri'fridʒəreitə,n.,"电冰箱, 冷藏库；冷冻机; 致冷器",,,六级,2
refuge,'refju:dʒ,n./v.,"避难所, 安全地带, 避难, 庇护；躲避；给予...庇护",,,六级,2
refugee,.refju'dʒi:,n.,"难民, 流亡者；避难者, 流亡者, 难民",,,六级,1
refusal,ri'fju:zl,n.,"拒绝, 推却, 优先决定权；拒绝, 谢绝, 取舍权",,,六级,1
refuse,ri'fju:z,v./n./adj.,"拒绝, 谢绝；拒绝；废物；扔掉的, 无用的",,,六级,1
refute,ri'fju:t. ri:-,v.,"反驳, 驳斥；驳倒",,,六级,2
regard,ri'gɑ:d,n./v.,"关心, 注意, 尊敬, 关系, 问候；视为, 注意, 考虑, 和...有关, 看待；注视, 注意",,,六级,1
regarding,ri'gɑ:diŋ,prep.,关于,,,六级,1
regardless,ri'gɑ:dlis,adj.,"不管, 不注意, 不顾",,,六级,1
regenerate,ri'dʒenəreit,v./adj.,"使再生, 重建, 革新；新生, 再生；新生的, 再生的；再生; 重写",,,六级,2
regenerative,ri'dʒenəreitiv,adj.,"再生的, 更生的, 更新的；再生的",,,六级,2
regime,rei'ʒi:m,n.,"政权, 当权期间, 政体, 社会制度, 体制, 情态；制度, 生活制度",,,六级,1
regiment,'redʒimənt,n./v.,"（军队）团, 大量（人或物）；组编成团，组织，严格管制",,,六级,1
region,'ri:dʒən,n.,"区域, 地带, 地区, 领域, 范围, 区；区, 区域",,,六级,1
register,'redʒistə,n./v.,"寄存器, 记录, 登记簿, 注册；记录, 注册, 提示, 表达, 把...挂号；登记, 注册, 挂号；寄存器",,,六级,1
regret,ri'gret,n./v.,"遗憾, 后悔, 悔恨, 抱歉, 歉意；为...感到遗憾, 后悔, 惋惜, 懊悔, 抱歉；感到抱歉",,,六级,1
regular,'regjulə,adj./n./adv.,"规则的, 常例的, 有秩序的, 整齐的, 等边的, 定期的, 经常的, 合格的, 常备军的；正规军, 正式队员；经常地；正常体；正常体",,,六级,1
regularity,.regju'læriti,n.,"规则性, 匀整, 正规, 经常；规律性",,,六级,2
regularly,'regjuləli,adv.,"有规则地, 一丝不苟地, 正式地",,,六级,1
regulate,'regjuleit,v.,"管理, 控制, 调节, 调整, 校准；控制, 管理",,,六级,1
regulation,.regju'leiʃən,n.,"规则, 管理, 调整；调整; 规章; 规则; 调节",,,六级,1
rehearsal,ri'hə:sl,n.,"预演, 排演, 练习, 叙述, 复述；详述, 列举事实, 复述",,,六级,2
reign,rein,v./n.,为王，为君；当政；统治；为王，为君；当政；统治,,,六级,1
reimburse,.ri:im'bə:s,v.,"付还, 偿还, 赔偿；偿付, 赔还, 付还; 偿还",,,六级,2
rein,rein,n./v.,"缰绳, 统治, 支配；驾驭, 以缰绳控制, 控制；勒住马",,,六级,2
reinforce,.ri:in'fɒ:s,v./n.,"加强, 增援, 补充；求援, 得到增援；加固材料",,,六级,1
reject,ri'dʒekt,n./v.,"被拒之人, 被弃之物, 不合格品, 次品；拒绝, 抵制, 否决, 驳回, 丢弃, 呕出",,,六级,1
rejection,ri'dʒekʃən,n.,"拒绝, 抛弃, 驳回, 被抛弃的东西, 呕出物；报废; 拒收",,,六级,1
rejoice,ri'dʒɒis,v.,"使欢喜；欣喜, 高兴, 庆祝",,,六级,2
rejuvenate,ri'dʒu:vineit,v.,"使年轻, 使复原, 使恢复精神；返老还童, 复原",,,六级,2
relate,ri'leit,v.,"讲, 叙述, 使互相关联；有关, 符合, 相处得好",,,六级,1
relation,ri'leiʃən,n.,"关系, 联系, 叙述, 故事, 家属, 亲戚；关系",,,六级,1
relationship,ri'leiʃənʃip,n.,"关系, 关联；关系",,,六级,1
relative,'relətiv,n./adj.,"亲戚, 关系词；有关系的, 相对的, 比较的",,,六级,1
relatively,'relətivli,adv.,"相对地, 比较地, 相当地, 相关地；相对地",,,六级,1
relativity,.relə'tiviti,n.,"有关系, 相关性, 相对性；相对性",,,六级,2
relax,ri'læks,v.,"放松, 松懈, 松弛, 变从容, 休息, 休养；使松弛, 缓和, 使松懈, 使休息",,,六级,1
relay,'ri:lei,n./v.,"驿马, 替班, 中继, 接力；分程传递, 转播, 使接替；接力传送, 转播",,,六级,2
release,ri'li:s,n./v.,"释放, 发泄, 豁免, 发行, 释放证书；释放, 解除, 放松, 豁免, 免除, 发布, 放弃, 让与；发布；版本, 发布",,,六级,1
relegate,'religeit,v.,"驱逐, 使降低地位, 把...归类, 把...委托给；流放, 判流放刑, 驱逐",,,六级,2
relevant,'relivənt,adj.,"有关联的, 有关系的, 适当的, 相应的；有关的, 相关的",,,六级,1
reliability,ri.laiə'biliti,n.,"信度, 可靠性；可靠性",,,六级,2
reliable,ri'laiəbl,adj.,"可靠的, 可信赖的；可靠的, 可信赖的, 确实的",,,六级,1
reliance,ri'laiəns,n.,"信任, 信赖, 受信赖的人(或事)；信任, 信赖, 信心",,,六级,2
relief,ri'li:f,n.,"减轻, 解除, 救济, 安慰, 调剂, 浮雕, 换班, (地势的)起伏；缓减, 减轻, 浮雕(绘画中)",,,六级,1
relieve,ri'li:v,v.,"减轻, 救济, 解除, 使免除, 换...的班, 使得到调剂, 使不单调, 衬托, 使显著；救济, 当替补投手, 呈鲜明突出",,,六级,1
religion,ri'lidʒən,n.,"宗教, 信仰；宗教, 宗教信仰, 信仰",,,六级,1
religious,ri'lidʒəs,adj./n.,"宗教性的, 虔诚的, 宗教上的, 严谨的；修道士, 出家人",,,六级,1
reluctant,ri'lʌktənt,adj.,"不情愿的, 勉强的；不愿的, 勉强的, 难以处理的",,,六级,1
rely,ri'lai,v.,"信赖, 依赖, 信任",,,六级,1
remain,ri'mein,v.,"保持, 逗留, 剩余；停留, 居住, 继续",,,六级,1
remainder,ri'meində,n./v./adj.,"剩余物, 其他人, 残余, 余数；削价出售(图书)；剩余的, 出售削价剩书的；余数",,,六级,1
remains,ri'meins,n.,"剩余物, 废墟, 残余；遗体, 尸体, 遗骸",,,六级,1
remark,ri'mɑ:k,n./v.,"评论, 注意；评论, 注意；评论, 谈论；注释",,,六级,1
remarkable,ri'mɑ:kəbl,adj.,"不平常的, 值得注意的, 显著的",,,六级,1
remedy,'remidi,n./v.,"药物, 治疗法, 治疗, 补救, 赔偿；治疗, 补救, 矫正, 改善, 修补, 修缮",,,六级,1
remind,ri'maind,v.,"提醒, 使想起",,,六级,1
remnant,'remnənt,n./adj.,"剩余, 零料, 遗迹；剩余的, 残余的",,,六级,2
remote,ri'məut,adj.,"遥远的, 偏僻的, 疏远的, 微少的；远程, 远程访问实用程序",,,六级,1
removal,ri'mu:vl,n.,"移动, 移居, 迁移, 排除, 切除；切除, 除去",,,六级,1
remove,ri'mu:v,v./n.,"移动, 调动, 除去, 迁移, 开除, 移交；迁移, 移动, 搬家；班级, 升级, 移动, 搬家, 间距；删除",,,六级,1
renaissance,ri'neisəns,n./adj.,"复活, 复兴, 文艺复兴；文艺复兴的",,,六级,2
render,'rendə,v./n.,"回报, 给于, 付给, 汇报, 提出, 舍弃, 反映, 表示, 表演, 致使, 执行, 实施；给予补偿；交纳, 打底",,,六级,1
renew,ri'nju:,v.,"使更新, 使恢复, 复兴, 修补, 补充, 继续, 重订, 重申, 续借；更新, 重新开始",,,六级,1
renovation,.renəu'veiʃən,n.,"革新, 刷新, 修理；改建",,,六级,2
rent,rent,n./v./adj.,"租金, 房租, 出租物, 裂缝, 破裂处, 分裂；租用, 租出；出租；分裂的, 破裂的；rend的过去式和过去分词",,,六级,1
repair,ri'pєə,n./v.,"修理, 补救, 修复；修理, 修补, 补救, 恢复, 补偿；修理, 修补, 补救, 恢复, 去, 常去, 集合",,,六级,1
repay,ri'pei,v.,"偿还, 报答, 报复",,,六级,2
repeal,ri'pi:l,n./v.,"废止, 撤消；废止, 撤消, 放弃",,,六级,2
repeat,ri'pi:t,n./v.,"重复, 反复；重做, 重复, 复述, 使再现, 复制；重复；重复",,,六级,1
repeatedly,ri'pi:tidli,adv.,"重复地, 再三地",,,六级,1
repel,ri'pel,v.,"逐退, 抵制, 使厌恶, 抗御；使厌恶, 相互排斥",,,六级,2
repent,ri'pent,v./adj.,"后悔, 懊悔, 忏悔；后悔；匍匐生根的",,,六级,2
repertoire,'repətwɑ:,n.,"全部剧目, 全部技能, 全部节目, 全部作品",,,六级,2
repetition,.repi'tiʃən,n.,"重复, 背诵, 循环, 复制品, 副本；重复, 反复",,,六级,2
replace,ri'pleis,v.,"代替, 替换, 放回, 归还；替换; DOS外部命令:取代或更新文件",,,六级,1
replacement,ri'pleismənt,n.,"归还, 更换, 代替者；复位, 置换",,,六级,1
reply,ri'plai,n./v.,"答复, 回答, 答辩；答复, 回答, 回击, 反响, 答辩；回答；答复",,,六级,1
reporter,ri'pɒ:tə,n.,"记者, 报告者；指示器",,,六级,1
represent,.repri'zent,v.,"表现, 表示, 描绘, 讲述, 代表, 象征, 回忆, 再赠送, 再上演；提出异议",,,六级,1
representation,.reprizen'teiʃən,n.,"表示法, 表现, 陈述, 代表；表示法指定",,,六级,1
representative,.repri'zentətiv,n./adj.,"代表, 众议员, 典型；描写的, 表现的, 代理的, 代表的, 代议制的, 典型的",,,六级,1
reproach,ri'prəutʃ,n./v.,"责备, 耻辱；责备, 申斥, 使丢脸",,,六级,2
reproduce,.ri:prə'dju:s,v.,"繁殖, 再生, 复制, 生殖；复制",,,六级,1
reproduction,.ri:prə'dʌkʃən,n.,"再现, 复制, 生殖, 繁殖, 复制品；生殖, 复现(心理)",,,六级,1
reptile,'reptail,n./adj.,"爬行动物, 爬虫, 卑鄙的人；爬行的, 爬虫类的, 卑鄙的",,,六级,2
republic,ri'pʌblik,n.,"共和国, 共和政体, 团体, 界",,,六级,1
republican,ri'pʌblikən,n./adj.,"共和主义者, 共和党员；共和政体的, 共和国的, 共和主义的",,,六级,1
reputation,.repju'teiʃən,n.,"名誉, 名声, 声望；名声, 名誉, 公认证据",,,六级,1
request,ri'kwest,n./v.,"请求, 需要, 申请书；请求, 要求, 邀请；请求",,,六级,1
require,ri'kwaiə,v.,"需要, 命令, 要求；需要, 要求, 命令",,,六级,1
requirement,ri'kwaiəmənt,n.,"需求, 必要条件, 要求；要求; 合同要求",,,六级,1
requisite,'rekwizit,n./adj.,"必需品, 要素, 必要物品；必要的, 需要的",,,六级,2
rescue,'reskju:,n./v.,"援救, 解救, 营救；援救, 救出, 营救",,,六级,1
research,ri'sə:tʃ,n./v.,"研究, 调查, 考察；研究, 调查",,,六级,1
researcher,ri:'sə:tʃə,n.,研究人员,,,六级,1
resemblance,ri'zembləns,n.,"相似处, 类似, 肖像",,,六级,2
resemble,ri'zembl,v.,"相似, 类似",,,六级,1
resent,ri'zent,v.,"愤恨, 憎恶, 怨恨",,,六级,2
resentment,ri'zentmənt,n.,"怨恨, 愤恨",,,六级,2
reservation,.rezə'veiʃən,n.,"保留, 预定, 保留品, 保留地；预定, 预约, 权益保留",,,六级,1
reserve,ri'zə:v,n./v.,"储备品, 贮量, 后备军, 自然保护区, 保留, 拘谨, 节制, 储备金；保留, 保存, 预订, 延期, 推迟",,,六级,1
reservoir,'rezəvwɑ:,n./v.,"贮水池, 贮藏处, 贮备, 水库；储藏",,,六级,2
reside,ri'zaid,v.,"住, 居留, 属于；居住",,,六级,2
residence,'rezidəns,n.,"住宅, 居留, 驻扎, 居住期间；住房",,,六级,1
resident,'rezidənt,n./adj.,"居民, 常驻程序, 居住者, 留鸟；居留的, 定居的",,,六级,1
residential,.rezi'denʃəl,adj.,"住宅的, 与居住有关的；有关居住的, 房产的:居所的, 适于居住的",,,六级,1
residual,'rezidju:l,adj./n.,"残渣的, 剩余的；残渣, 剩余, 余数",,,六级,2
resign,ri'zain,v.,"辞职, 放弃, 使顺从；辞职, 屈从",,,六级,1
resignation,.rezig'neiʃən,n.,"辞职, 辞呈, 听从；辞职",,,六级,1
resist,ri'zist,v./n.,"抵抗, 耐得住, 抵制, 反抗；防染材料",,,六级,1
resistance,ri'zistəns,n.,"抵抗力, 反抗, 耐力, 阻力, 电阻；抵抗; 抗性; 阻力; 抗药性; 电阻",,,六级,1
resistant,ri'zistənt,n./adj.,"抵抗者, 反抗者；抵抗的, 反抗的, 耐...的",,,六级,2
resolute,'rezəlu:t,n./adj.,"果断的人；坚决的, 刚毅的, 毅然的",,,六级,2
resolution,.rezə'lu:ʃən,n.,"解析, 决心, 坚定, 决定, 决议, 消除, 解答, 分解；图形分辨率；图形分辨率",,,六级,1
resolve,ri'zɒlv,v./n.,"决定, 分解, 决心；使分解, 解析, 解决, 消除, 决心；决定之事, 决心, 坚决",,,六级,1
resonance,'rezənəns,n.,"共鸣, 回声, 反响, 谐振, 共振；共振; 共鸣",,,六级,2
resort,ri'zɒ:t,n./v.,"度假胜地, 手段, 凭借, 常去之地；诉诸, 常去",,,六级,1
resource,ri'sɒ:s,n.,"资源, 财力, 办法, 策略, 急智, 消遣；资源",,,六级,1
respect,ri'spekt,n./v.,"尊敬, 尊重, 问候；尊敬, 注意, 遵守",,,六级,1
respectable,ri'spektəbl,adj./n.,"值得尊重的, 人格高尚的, 相当数量的；品格高尚的人",,,六级,1
respectful,ri'spektful,adj.,"表示尊敬的, 有礼貌的, 谦恭的",,,六级,2
respective,ri'spektiv,adj.,"分别的, 各自的",,,六级,2
respectively,ri'spektivli,adv.,"各自地, 独自地, 个别地, 分别地",,,六级,1
respond,ri'spɒnd,v.,"以...回答；回答, 响应, 回报, 有反应, 承担责任",,,六级,1
response,ri'spɒns,n.,"反应, 回答, 响应；应答",,,六级,1
responsibility,ri.spɒnsə'biliti,n.,"责任, 职责, 负担, 可靠性；职责",,,六级,1
responsible,ri'spɒnsəbl,adj.,"有责任的, 负责的, 责任重大的；应负责任的, 有责任的, 能履行责任的",,,六级,1
restless,'restlis,adj.,"不安静的, 慌张的, 休息不充分的；不安静的, 不宁的",,,六级,2
restore,ri'stɒ:,v.,"回复, 恢复, 归还, 修补, 修复；还原；还原；还原; DOS外部命令:从备份盘中取回文件",,,六级,1
restrain,ri'strein,v.,"抑制, 阻止, 束缚；抑制, 遏制, 制止",,,六级,2
restraint,ri'streint,n.,"抑制, 克制, 束缚；约束, 拘束",,,六级,1
restrict,ri'strikt,v.,"限制, 限定, 约束；限制",,,六级,1
restriction,ri'strikʃən,n.,"限制, 限定, 约束；限定",,,六级,1
result,ri'zʌlt,n./v.,"结果, 成绩, 答案；产生, 结果, 致使；结果",,,六级,1
resultant,ri'zʌltənt,adj./n.,"结果的, 合成的；结果, 合力, 生成物",,,六级,2
resume,ri'zju:m,v./n.,"重新开始, 取回, 恢复；再开始；摘要, 个人简历；继续执行",,,六级,1
retail,'ri:teil,n./adj./v.,"零售；零售的；零售, 详述, 传播；零售",,,六级,1
retain,ri'tein,v.,"保持, 保有, 留住, 记得, 付定金聘请；保留, 留存",,,六级,1
retard,ri'tɑ:d,n./v.,"阻止, 延迟；妨碍, 延迟, 使减速；减速, 延迟",,,六级,2
retell,ri:'tel,v.,"再讲, 重复, 重说",,,六级,2
retention,ri'tenʃən,n.,"保持, 留置, 保留, 保持力, 保留物, 记忆, 停滞, 固位；保贸, 保持",,,六级,2
retire,ri'taiə,n./v.,"隐居；引退, 退役, 退休, 退去, 撤退, 退却；使...撤退, 辞退",,,六级,1
retirement,ri'taiəmənt,n.,"退休, 隐居, 撤退；退休, 退股, (固定资产)报废",,,六级,1
retort,ri'tɒ:t,n./v.,"反驳, 顶嘴, 蒸馏器, 曲颈甑；反驳, 回嘴, 反击；反击, 反驳, 蒸馏",,,六级,2
retreat,ri'tri:t,n./v.,"休息寓所, 撤退, 隐居, 退避；撤退, 隐退, 向后倾；退(棋)",,,六级,2
retrieve,ri'tri:v,v./n.,"取回, 挽回, 弥补, 恢复, 补偿, 回忆, 检索；找回猎物；取回, 恢复, 救险球；检索",,,六级,2
retrospect,'retrəspekt,n./v.,"回顾, 追忆, 回溯；回顾, 追忆",,,六级,2
reunion,ri:'ju:njən,n.,"团圆, 重聚；再连合, 复连[合]",,,六级,2
reveal,ri'vi:l,v./n.,"露出, 显示, 透露, 揭露, 泄露, (神)启示；窗侧, 门侧",,,六级,1
revelation,.revi'leiʃən,n.,"揭露, 泄露, 发觉, 默示, 启示",,,六级,1
revenge,ri'vendʒ,n./v.,"报仇, 复仇, 报复；报仇, 报复",,,六级,2
revenue,'revinju:,n.,"收入, 岁入, 税收, 税务局；岁入, 税收, 税务局",,,六级,1
reverse,ri'və:s,n./adj./v.,"相反, 背面, 倒退, 挫折, 失败；反面的, 相反的, 反向的, 颠倒的；使颠倒, 使逆转, 使倒退, 使反向；倒退, 反向, 倒转, 反转；反转",,,六级,1
review,ri'vju:,n./v.,"检讨, 复习, 回顾, 检阅, 评论；温习, 检讨, 评论, 再检察, 复审；复习功课, 写评论",,,六级,1
revise,ri'vaiz,n./v.,"校订, 修正, 改样；校订, 修正, 校正",,,六级,1
revision,ri'viʒən,n.,"校订, 修正, 修订本, 修订版；修订版",,,六级,1
revive,ri'vaiv,v.,"使苏醒, 使复兴, 使振奋, 回想起, 重播；苏醒, 复活, 复兴, 恢复精神",,,六级,1
revolt,ri'vəult,n./v.,"叛乱, 反抗, 反感；叛乱, 反抗, 起义, 厌恶, 反感；使反感, 使恶心",,,六级,2
revolution,.revə'lu:ʃən,n.,"革命, 大变革, 旋转, 转数, 循环；回转",,,六级,1
revolutionary,.revə'lu:ʃənəri,n./adj.,"革命者, 革命党人；革命的, 革命性的",,,六级,1
revolve,ri'vɒlv,v.,"(使)旋转, 反复考虑, 循环出现",,,六级,2
reward,ri'wɒ:d,n./v.,"报酬, 酬谢, 赏金；奖赏, 酬谢, 给...应有报应",,,六级,1
rhythm,'riðəm,n.,"旋律, 节奏, 韵律, 匀称, 张弛节律；节律",,,六级,1
rib,rib,n./v.,"肋骨, 肋状物, 笑话；装肋状物于, 戏弄",,,六级,2
ribbon,'ribən,n./v.,"缎带, 色带, 带状物；用丝带装饰, 把...撕成条状；形成带状；带状条, 格式栏",,,六级,2
rid,rid,v.,"免除, 以...清除, 使获自由, 使摆脱；免除, 清除, 摆脱",,,六级,1
riddle,'ridl,n./v.,"谜, 谜语, 粗筛；解谜, 给...出谜, 筛, 寻根究底地检验, 充满于；出谜",,,六级,2
rider,'raidə,n.,"骑手, (文件后的)附件, 扶手；游码",,,六级,1
ridge,ridʒ,n.,"脊, 山脊, 山脉；嵴, 脊, 棱线",,,六级,1
ridicule,'ridikju:l,n./v.,"嘲笑, 愚弄, 笑柄；嘲笑, 嘲弄, 愚弄",,,六级,2
ridiculous,ri'dikjuləs,adj.,"荒谬的, 可笑的",,,六级,1
rifle,'raifl,n./v.,"来复枪, 步枪；用步枪射击, 抢夺；(抱有不良意图)迅速翻查",,,六级,2
rig,rig,n./v.,"装备, 帆装；装配, 装扮, 给船装帆, 垄断, 操纵",,,六级,2
rigid,'ridʒid,adj.,"坚硬的, 刚性的, 严格的, 精密的, 刻板的",,,六级,1
rigorous,'rigərəs,adj.,"严厉的, 严酷的, 严格的, 苛刻的, 严密的, 精确的",,,六级,2
rim,rim,n./v.,"边, 轮缘, 框；镶边, 为...装边；形成边缘",,,六级,2
rinse,rins,n./v.,"清洗, 染发, 染发剂；以清水冲洗, 漱, 漂清；被漂净",,,六级,2
riot,'raiət,n./v.,"暴动, 喧闹, 放纵；发动, 暴动, 纵情, 放荡；浪费, 挥霍",,,六级,1
rip,rip,n./v.,"裂痕, 破绽, 拉裂, 浪子, 巨浪；被拉开, 裂开, 猛冲；撕, 扯, 劈",,,六级,1
ripe,raip,adj.,"成熟的, 熟练的, 成年的；成熟的",,,六级,2
ripen,'raipən,v.,使成熟；成熟,,,六级,2
ripple,'ripl,n./v.,"涟波, 涟漪, 波纹, 粗钢梳；使起涟漪；起微波, 起潺潺声",,,六级,2
rise,raiz,n./v.,"上升, 增加, 上涨, 高地, 升高, 出现；升起, 起身, 起立, 上升, 上涨, 增长, 高耸, 起义, 浮现；使飞起",,,六级,1
risk,risk,n./v.,"冒险, 危险, 保险额；冒...的危险, 冒险干",,,六级,1
ritual,'ritʃuəl,n./adj.,"仪式, 典礼, 宗教仪式；仪式的, 依仪式进行的",,,六级,1
rival,'raivl,n./adj.,"对手, 竞争者；竞争的",,,六级,1
roam,rəum,v./n.,"漫游, 闲逛, 徜徉；漫步, 漫游",,,六级,2
roar,rɒ:,n./v.,"吼, 咆哮, 轰鸣；吼, 大声说出, 叫喊, 喧闹；呼喊, 使轰鸣",,,六级,2
roast,rəust,n./adj./v.,"烤肉, 烘烤, 嘲笑；烘烤的, 烤过的；烤, 炙, 烘焙, 嘲笑；烤, 炙, 烘焙",,,六级,2
rob,rɒb,v.,"抢夺, 抢掠, 剥夺",,,六级,2
robber,'rɒbə,n.,"强盗, 盗贼",,,六级,2
robbery,'rɒbəri,n.,"抢掠, 抢夺；强盗, 抢劫, 劫掠",,,六级,2
robe,rəub,n./v.,"宽松长袍, 礼服, 披肩, 覆盖物；(给)穿长袍",,,六级,2
robot,'rəubət,n.,"机械人, 自动机械, 机械般工作的人；机器人; 自动机",,,六级,2
robust,rəu'bʌst,adj.,"健康的, 强健的, 要用力气的, 坚定的, 粗野的；健壮性",,,六级,2
rock,rɒk,n./v.,"岩石, 岩礁, 石头, 基石, 暗礁, 摇动, 摇滚乐；摇摆, 摇动, 使摇晃, 使动摇；摇, 摇动",,,六级,1
rocket,'rɒkit,n./v.,"火箭, 烟火；急升, 猛涨, 飞驰；用火箭运载",,,六级,2
rod,rɒd,n.,"竿, 笞鞭, 小枝；棒",,,六级,1
role,rəul,n.,"角色, 职责, 任务；作用, 功用",,,六级,1
roll,rəul,n./v.,"卷, 滚动, 名单, 案卷, 压路机；滚, 滚动, 飘流, 起伏, 卷, 绕；使滚动, 卷, 绕",,,六级,1
roller,'rəulə,n.,"滚筒, 滚轴, 压路机；滚柱; 托辊",,,六级,2
roman,'rəumən,n./adj.,"罗马人；罗马人的, 罗马的",,,六级,2
romance,rəu'mæns,n./v.,"冒险故事, 浪漫史, 传奇文学；写传奇, 作空想, 虚构",,,六级,2
romantic,rəu'mæntik,adj.,"浪漫的, 风流的, 传奇性的, 夸大的, 空想的, 浪漫派的",,,六级,1
roof,ru:f,n./v.,"屋顶, 室顶；给...盖屋顶, 遮蔽",,,六级,1
rooster,'ru:stə,n.,"公鸡, 栖息的鸟；炉篦",,,六级,2
root,ru:t,n./v.,"根, 根本, 根源, 基础, 底部；使扎根, 使固定, 根除, 肃清, 搜出, 用鼻拱；生根, 固定, 源于, 用鼻拱土, 寻找, 捧场, 支持",,,六级,1
rope,rəup,n./v.,"绳, 索, 粗绳, 绞索, 决窍；捆, 缚, 绑, 圈起, 以绳将...系住；拧成绳状",,,六级,1
rose,rəuz,n./adj./v.,"玫瑰, 蔷薇, 玫瑰色；玫瑰色的, 玫瑰花的；使成玫瑰色；rise的过去式",,,六级,1
rot,rɒt,n./v.,"腐烂, 腐蚀, 败坏；腐烂, 烂, 堕落, 憔悴；使腐烂, 使腐朽, 使堕落",,,六级,2
rotary,'rəutəri,adj./n.,"旋转的, 轮流的；旋转式机器",,,六级,2
rotate,'rəuteit,adj./v.,"辐状的；使旋转, 使转动, 使轮流；旋转, 循环；旋转",,,六级,2
rotation,rəu'teiʃən,n.,"旋转, 循环, 轮流；旋转",,,六级,2
rotten,'rɒtn,adj.,"腐烂的, 恶臭的, 堕落的, 风化的, 虚弱的；腐烂的, 堕落的",,,六级,2
rough,rʌf,n./adj./v./adv.,"粗糙的东西, 毛坯, 未加工品, 梗概, 草图, 暴徒, 艰难；粗糙的, 粗暴的, 蓬乱的, 草率的, 大致的, 简陋的, 暴风雨的, 艰难的；使粗糙, 使不平, 使蓬乱, 粗制, 草拟, 粗暴对待, 对...动粗；变粗糙；粗糙地, 粗暴地",,,六级,1
roughly,'rʌfli,adv.,"概略地, 粗糙地, 粗暴地",,,六级,1
roundabout,'raundə.baut,adj./n.,"迂回的, 委婉的；迂回路线",,,六级,2
rouse,rauz,n./v.,"觉醒, 奋起, 干杯；唤醒, 鼓舞, 激动, 使振奋, 惊起；醒来, 奋起",,,六级,2
route,ru:t,n./v.,"路径, 途径, 路线；确定路线, 按规定路线发送；传递, 路由设定程序",,,六级,1
routine,ru:'ti:n,n./adj.,"常规, 日常工作, 惯例, 例行公事；日常的, 常规的；例程",,,六级,1
row,rəu. rau,n./v.,"排, 行, 街道, 划船, 吵闹；使成排, 划, 划船, 参加(赛船), 痛骂；划船, 划动, 争吵；行",,,六级,1
royal,'rɒiəl,n./adj.,"王室, 皇族；王室的, 皇家的, 盛大的, 庄严的",,,六级,1
royalty,'rɒiəlti,n.,"皇室, 王族成员, 王权, 特权阶层, 庄严；特许权, 使用费, 使用税",,,六级,2
rub,rʌb,n./v.,"摩擦, 困难, 障碍, 磨损处；擦, 搓, 摩擦, 惹怒；摩擦, 擦破",,,六级,1
rubber,'rʌbə,n./v.,"橡皮, 橡胶, 做摩擦动作的人, 按摩师, 决胜盘；用橡胶制造, 涂橡胶于",,,六级,2
rubbish,'rʌbiʃ,n.,"废物, 垃圾, 胡说",,,六级,1
ruby,'ru:bi,n./adj./v.,"红宝石, 深红色；红宝石色的, 深红色的；使带红宝石色",,,六级,2
rude,ru:d,adj.,"粗鲁无礼的, 粗陋的, 粗暴的, 原始的, 未开化的, 大略的, 崎岖不平的, 狂暴的",,,六级,2
rug,rʌg,n.,"小块地毯, 揭露某人",,,六级,1
ruin,ruin,n./v.,"毁灭, 推翻, 废墟；毁灭, 衰败, 破坏, 破产, 堕落；使毁灭, 毁坏, 使破产",,,六级,2
rule,ru:l,n./v.,"规则, 统治, 控制, 支配, 规律, 标准, 章程, 破折号, 铅线；规定, 统治, 管理, 控制, 支配, 裁决；统治, 管辖, 裁定；规则, 水线",,,六级,1
ruler,'ru:lə,n.,"统治者, 管理者, 尺, 直尺；划线板；标尺",,,六级,1
rumour,'ru:mə,n./v.,"谣言, 传闻；谣传",,,六级,1
runner,'rʌnə,n.,"跑步者, 赛跑者, 送信人, 走私船, 操作者, 滑槽；碾碎机; 压碎机",,,六级,1
rupture,'rʌptʃə,n./v.,"破裂, 断裂, 裂开, 决裂, 不和；(使)破裂",,,六级,2
rural,'ruərəl,adj.,"乡下的, 田园的, 乡村风味的；农村的, 乡村的, 有关农业的",,,六级,1
rush,rʌʃ,n./v./adj.,"匆促, 冲进, 急流, 灯心草；冲, 奔, 闯, 赶紧, 匆促行事, 涌现；使冲, 匆忙地做, 突袭, 飞跃, 用灯心草做；紧急的",,,六级,1
rust,rʌst,n./v.,"锈, 生锈, 衰退；生锈, 衰退；使生锈, 腐蚀",,,六级,2
rusty,'rʌsti,adj.,"生锈的, 腐蚀的, 生疏的, 顽固的, 腐烂的；锈色的",,,六级,2
ruthless,'ru:θlis,adj.,"无情的, 残忍的, 毫不留情的, 彻底的；无情的, 残忍的",,,六级,2
sack,sæk,n./v.,"麻布袋, 洗劫；把...装入袋, 洗劫",,,六级,1
sacred,'seikrid,adj.,"神圣的, 献给上帝的, 庄严的, 祭祀的；神圣的, 不可侵犯的",,,六级,1
sacrifice,'sækrifais,n./v.,"牺牲, 供奉, 祭品；牺牲, 祭祀, 贱卖；献祭",,,六级,2
saddle,'sædl,n./v.,"鞍, 马鞍, 车座, 鞍状物；装以马鞍, 使负担；跨上马鞍",,,六级,2
sadly,'sædli,adv.,"悲痛地, 悲惨地, 悲伤地, 说来遗憾",,,六级,1
sadness,'sædnis,n.,"悲哀, 悲伤",,,六级,2
safe,seif,n./adj.,"保险箱, 冷藏室；安全的, 可靠的, 平安的, 稳健的, 有把握的",,,六级,1
safeguard,'seifgɑ:d,n./v.,"保卫, 保护措施, 防护设施；保卫, 保护",,,六级,2
safely,'seifli,adv.,"安全地, 确实地",,,六级,1
safety,'seifti,n./v.,"安全, 保险, 平安, 保安设备；保护, 防护",,,六级,1
sail,seil,n./v.,"帆, 篷, 帆船, 航程, 帆状物；航行, 启航, 张帆而行；航行于, 驾船",,,六级,1
sailor,'seilə,n.,"水手, 船员, 海员；水手, 船员, 海员",,,六级,2
saint,seint,n./adj.,"圣徒, 圣人；神圣的；自动积分程序符号",,,六级,2
sake,seik,n.,"目的, 缘故, 理由",,,六级,1
salad,'sæləd,n.,色拉,,,六级,1
salary,'sæləri,n./v.,薪水；给...加薪,,,六级,1
sale,seil,n.,"出售, 卖, 拍卖, 销售额, 廉价出售；卖, 出售; 销售(货)",,,六级,1
salesman,'seilzmən,n.,"售货员, 推销员；售货员, 店员, 推销员",,,六级,2
salmon,'sæmən,n.,"鲑鱼, 大麻哈鱼；鲑",,,六级,1
salt,sɒ:lt,n./adj./v.,"盐, 风趣, 刺激；含盐的, 咸的, 风趣的, 辛辣的；加盐于, 用盐腌",,,六级,1
salute,sə'lu:t,v./n.,"行礼, 致意, 问候, 放礼炮；向...致意, 迎接, 赞扬；招呼, 敬礼, 礼炮",,,六级,2
salvation,sæl'veiʃə,n.,"拯救, 救助, 救世",,,六级,2
sample,'sæmpl,n./v.,"样品, 范例, 样本；抽样, 尝试；示例, 字样",,,六级,1
sanction,'sæŋkʃən,n./v.,"核准, 制裁, 处罚, 约束力；制定制裁规则, 认可, 核准, 同意",,,六级,1
sand,sænd,n./v.,"沙, 沙子, 沙滩, 光阴, 生涯；撒沙, 以沙掩盖",,,六级,1
sandwich,'sændwitʃ,n./v.,"三明治, 夹心面包, 夹层板；插入, 夹入, 把...制成三明治",,,六级,1
sandy,'sændi,adj.,"沙的, 沙地的, 多沙的",,,六级,2
sardine,sɑ:'di:n,n.,沙丁鱼,,,六级,2
satellite,'sætlait,n.,"人造卫星；伴行静脉, 陪静脉, 陪病部, 随体, 卫星",,,六级,1
satisfaction,.sætis'fækʃən,n.,"满足, 满意, 快事, 赔偿, 赎罪, 报仇的机会；偿还, 赎回",,,六级,1
satisfactorily,.sætis'fæktərili,adv.,令人满意地,,,六级,2
satisfactory,.sætis'fæktəri,adj.,"满意的, 赎罪的；令人满意的, 令当事人满意的, 充分的",,,六级,1
satisfy,'sætisfai,v.,"使满意, 满足, 符合, 使确信, 赔偿；令人满意, 替人赎罪",,,六级,1
saturate,'sætʃəreit,v./adj./n.,"使渗透, 浸透, 使充满, 使饱和；浸透的, 饱和度高的, 深颜色的；饱和化合物, 饱和脂肪酸",,,六级,2
saturation,.sætʃə'reiʃən,n.,"饱和, 渗透, 浸透, 色饱和度；饱和度",,,六级,2
saturn,'sætən,n.,土星,,,六级,2
sauce,sɒ:s,n./v.,"酱油, 调味汁, 酱；给...调味, 使增加趣味",,,六级,1
saucer,'sɒ:sə,n.,"茶碟, 茶托；碟",,,六级,2
sausage,'sɒsidʒ,n.,"香肠, 腊肠",,,六级,2
savage,'sævidʒ,adj./v./n.,"未开化的, 野蛮的, 无礼的, 残酷的, 原始的, 粗鲁的, 未开发的；用暴力对付, 凶猛攻击；原始人, 粗鲁人",,,六级,2
save,seiv,n./v./prep.,"救球；解救, 挽救, 储蓄, 保存, 节省, 保留；挽救, 节省, 救球；除...之外；保存",,,六级,1
saving,'seiviŋ,n./adj./prep.,"存款, 挽救, 节约；搭救的, 节约的, 保留的, 补偿的；除...之外",,,六级,1
saw,sɒ:,n./v.,"锯子, 谚语；锯, 锯开, 来回移动；拉锯, 移动；see的过去式",,,六级,2
scale,skeil,n./v.,"刻度, 衡量, 比例, 比例尺, 数值范围, 等级, 规模, 天平, 秤, 鳞, 积垢；依比例决定, 攀登, 测量, 绘制, 刮鳞, 使生垢, 过秤；剥落, 生水垢, 重量为, 攀登, 衡量；刻度",,,六级,1
scan,skæn,n./v.,"审视, 浏览, 扫描, 细查；细看, 浏览, 扫描, 详细调查, 标出格律；押韵, 扫描；网络软件目录, 编码与分析系统",,,六级,2
scandal,'skændəl,n.,"丑闻, 中伤, 耻辱, 反感, 流言蜚语；丑事, 丑闻, 干丑事的人",,,六级,1
scar,skɑ:,n./v.,"疤痕, 伤痕, 悬崖；结疤, 愈合, 痊愈；使有伤痕",,,六级,2
scarce,skɑ:s,adj.,"难得的, 稀罕的, 缺乏的",,,六级,2
scarcely,'skɑ:sli,adv.,"简直不, 一定不, 仅仅",,,六级,1
scarcity,'skɑ:siti,n.,"缺乏, 不足, 缺少；缺乏, 不足",,,六级,2
scare,skєə,n./v.,"惊吓, 恐慌；惊吓, 使恐慌；受惊",,,六级,2
scarf,skɑ:f,n./v.,"围巾, 头巾, 领带, 领巾, 嵌接；用围巾围, 嵌接",,,六级,2
scarlet,'skɑ:lit,n./adj.,"猩红色, 绯红色, 红衣；绯红色的, 鲜红色的",,,六级,2
scatter,'skætə,n./v.,"消散, 分散, 散播, 散射, 散布, 酒馆；散布, 散播, 消散；使消散, 使分散, 撒, 散布, 散播, 散射；散点图",,,六级,1
scene,si:n,n.,"场, 情景, 镜头, 发生地点, 道具, 布景, 景色；现场",,,六级,1
scenery,'si:nəri,n.,"风景, 景色, 舞台布景",,,六级,2
scent,sent,n./v.,"气味, 香味, 香水, 踪迹, 痕迹, 线索, 嗅觉；闻出, 嗅, 发觉, 使充满气味；嗅猎, 发出气味",,,六级,2
sceptical,'skeptikl,adj.,"怀疑论的, 怀疑的",,,六级,2
schedule,'skedʒuəl,n./v.,"时间表, 一览表, 计划表, 议事日程；预定, 编制目录, 制...表, 安排",,,六级,1
scheme,ski:m,n./v.,"方案, 计划, 组合, 系统, 图解, 诡计, 阴谋；计划, 设计, 图谋, 策划",,,六级,1
scholar,'skɒlə,n.,"学者, 奖学金获得者, 有文化者, 学习者",,,六级,1
scholarship,'skɒləʃip,n.,"学问, 学术成就, 奖学金",,,六级,2
scientific,.saiən'tifik,adj.,"科学的, 系统的, 符合科学规律的；科学记数法",,,六级,1
scientist,'saiəntist,n.,科学家；科学家,,,六级,1
scissors,'sizəz,n.,剪刀；剪,,,六级,2
scoff,skɒf,n./v.,"嘲笑, 愚弄, 笑柄, 食品；嘲笑, 嘲弄, 贪吃, 狼吞虎咽地吃",,,六级,2
scold,skəuld,n./v.,"好骂街的人, 责骂；责骂",,,六级,2
scope,skəup,n.,"范围, 机会, 广度, 眼界, 观察仪器, 导弹射程；作用域",,,六级,1
scorch,skɒ:tʃ,n./v.,"烧焦, 枯萎；烧焦, 拷焦, (使)枯萎, 讽刺",,,六级,2
score,skɒ:,n./v.,"得分, 抓痕, 二十个, 刻痕, 帐目, 乐谱, 起跑线, 终点线, 大量；刻划, 划线, 获得, 评价, 把...记下；刻痕, 记分, 得分；得分",,,六级,1
scorn,skɒ:n,n./v.,"轻蔑, 藐视, 嘲笑, 被嘲弄的人；轻蔑, 不屑做",,,六级,2
scout,skaut,n./v.,"守候, 侦察, 搜索, 侦察员, 侦察机；守候, 侦察, 巡视, 嘲笑；侦察, 跟踪, 发现, 监视, 嘲弄",,,六级,2
scramble,'skræmbl,n./v.,"攀缘, 爬行, 抢夺, 混乱, 紧急起飞；攀缘, 杂乱蔓延, 争夺, 拼凑, 匆忙；攀登, 扰乱, 使混杂",,,六级,2
scrap,skræp,n./v./adj.,"碎片, 残余物, 些微, 片断, 铁屑, 吵架；扔弃, 敲碎, 拆毁；互相殴打；零碎拼凑成的, 废弃的",,,六级,2
scrape,skreip,n./v.,"刮, 擦, 挖, 擦痕, 刮擦声, 困境；刮掉, 擦掉, 刮出刺耳声；刮, 擦, 擦伤, 挖成, 积蓄",,,六级,2
scratch,skrætʃ,n./v./adj.,"抓痕, 搔, 抓, 擦伤, 刮擦声, 乱写, 零分, 起跑线；搔, 抓, 挖出, 擦, 刮, 乱涂, 勾抹掉；搔, 抓, 发刮擦声, 勉强糊口；碰巧的, 凑合的, 打草稿用的；擦除",,,六级,2
scream,skri:m,n./v.,"尖叫声；尖叫, 大笑, 尖啸, 令人震惊；尖叫着说, 大叫大嚷着要求",,,六级,1
screen,skri:n,n./v.,"幕, 银幕, 屏风, 掩蔽物, 屏蔽, 筛子；掩蔽, 放映, 拍摄, 掩护, 筛, 甄别；拍电影；筛选; 屏幕",,,六级,1
screw,skru:,n./v.,"螺旋, 螺杆, 螺钉, 螺旋桨, 吝啬鬼；调节, 扭紧, 旋, 拧, 加强, 压榨, 勒索；转动, 旋, 拧",,,六级,2
script,skript,n./v.,"手迹, 手稿, 正本, 手写体；改编为演出本；手写体, 小型程序",,,六级,1
scripture,'skriptʃə,n.,"圣经, 圣经的一节, 圣经的一句, 铭文",,,六级,2
scrub,skrʌb,n./v./adj.,"用力擦洗, 矮树, 矮人, 渺小之物；用力擦洗, 擦掉, 摩擦；擦洗干净, 进行手臂消毒；次等的, 矮小的, 非正规球队的, 临时凑合的",,,六级,2
scrutiny,'skru:tini,n.,"细看, 仔细检查, 监视, 选票检查；复查, 评核, 仔细检查",,,六级,2
sculpture,'skʌlptʃə,n./v.,"雕刻, 雕塑；雕刻, 雕塑；当雕刻师",,,六级,1
seal,si:l,n./v.,"印章, 封条, 海豹, 海豹皮, 火漆, 封蜡, 玺, 保证, 批准, 象征, 标志；封闭, 盖印, 盖章；猎海豹",,,六级,1
seam,si:m,n./v.,"缝合线, 衔接口, 接缝, 线缝, 伤疤；缝合, 接合, 焊合, 使留下伤痕；裂开, 发生裂痕",,,六级,2
seaman,'si:mən,n.,"船员, 海员, 水兵；海员, 水手, 精通海事者",,,六级,2
seaport,'si:pɒ:t,n.,"海港, 港口城市",,,六级,2
search,sə:tʃ,n./v.,"搜寻, 查究；搜寻, 搜查, 探求, 调查, 搜索；搜索, 路径检索程序",,,六级,1
seaside,'si:said,adj./n.,"海边的, 海滨的；海滨",,,六级,2
secondary,'sekəndəri,adj.,"中级的, 中等的, 次要的, 第二的, 从属的, 辅助的；仲(指CH-3...CH(CH-3)-型支链烃基或指二元胺及R-2CHOH型的醇); 第二",,,六级,1
secondly,'sekəndli,adv.,"第二, 其次",,,六级,1
secret,'si:krit,n./adj.,"秘密, 机密, 秘诀, 秘方；秘密的, 极机密的, 隐蔽的, 暗中的, 神秘的, 偏僻的",,,六级,1
section,'sekʃən,n./v.,"区段, 部分, 区域, 节, 截面, 处, 科, 区, 扇区；把...分段, 把...切片；被切成片；扇区",,,六级,1
sector,'sektə,n./v.,"扇形, 部门, 部分, 函数尺, 象限仪, 段, 区段；把...分成扇形；扇面; 扇区; 段; 区段",,,六级,1
secure,si'kjuə,adj./v.,"无虑的, 安心的, 安全的, 可靠的, 保险的；固定, 获得, 保证, 使安全, 掩护, 招致；停止操作, 船抛锚",,,六级,1
security,si'kjuriti,n.,"安全, 安全性, 防护物, 保安, 可靠性, 担保人, 抵押品, 保证金；安全性, 保密性, 安全检查程序",,,六级,1
sedentary,'sedəntəri,adj.,"久坐的, 坐惯的, 定栖的；静坐的; 坐式的",,,六级,2
seed,si:d,n./v.,"种子, 籽, 萌芽, 子孙, 精液；在...播种, 催...发育, 脱...籽；结实, 播种",,,六级,1
seek,si:k,v.,"寻求, 寻找, 探索, 追求, 搜索, 请求；寻找, 搜索；查找",,,六级,1
seemingly,'si:miŋli,adv.,"看来似乎, 表面上看来",,,六级,1
segment,'segmənt,n./v.,"片段, 部分, 分节, 段；分割, 分裂；段",,,六级,1
segregate,'segrigeit,adj./v.,"分离的, 被隔离的；分离, 隔离, 分凝；使分离, 使隔离",,,六级,2
seize,si:z,v.,"抓住, 逮捕, 俘获, 没收, 扣押, 掌握；突然抓住, 利用",,,六级,1
seldom,'seldəm,adj./adv.,"不常的, 稀少的；很少, 不常",,,六级,1
select,si'lekt,adj./v./n.,"挑选出来的, 极好的；选择, 挑选；被挑选者, 精萃；选定",,,六级,1
selection,si'lekʃən,n.,"选择, 选文, 精选品；选择, 淘汰",,,六级,1
self,self,n./v./adj.,"自己, 自我, 本性, 本质, 私心, 本人；使近亲繁殖, 使自花授精；自花授精；同一的",,,六级,1
selfish,'selfiʃ,adj.,"自私的, 利己主义的, 自我中心的",,,六级,2
seller,'selə,n.,销售者；卖方,,,六级,1
semester,si'mestə,n.,学期,,,六级,2
semiconductor,.semikən'dʌktə,n.,半导体；半导体,,,六级,2
seminar,'seminɑ:,n.,"研究班, 专题讨论会；讨论会, 专家讨论会",,,六级,1
seminate,'semineit,v.,"播种于, 传播,散布",,,六级,3
senate,'senit,n.,"参议院, 立法机构, 评议会",,,六级,1
senator,'senətə,n.,"参议员, (某些大学的)理事；参议员, 上议员",,,六级,2
senior,'si:njə,n./adj.,"年长者, 资深者, 毕业班学生；年长的, 高级的, 资深的",,,六级,1
sensation,sen'seiʃən,n.,"感觉, 轰动；感觉",,,六级,1
sense,sens,n./v.,"感应, 感觉, 感官, 意识, 观念, 情理, 知觉, 理智；感觉, 觉察, 检测；阅读; 检测",,,六级,1
senseless,'senslis,adj.,"无感觉的, 无意识的, 不省人事的",,,六级,2
sensible,'sensəbl,adj.,"有感觉的, 敏感的, 明智的；可感觉的",,,六级,1
sensitive,'sensitiv,adj.,"敏感的, 易感的, 灵敏的, 感光的；敏感的, 灵敏的, 感度高的",,,六级,1
sensitivity,.sensə'tiviti,n.,"敏感, 灵敏度；灵敏度",,,六级,1
sensor,'sensə,n.,传感器；检测器,,,六级,2
sentence,'sentəns,n./v.,"句子, 命题, 宣判；宣判, 判决；句子",,,六级,1
sentiment,'sentimənt,n.,"感情, 感伤, 情操, 情绪, 感想, 意见；情感, 情操",,,六级,2
separate,'sepəreit,n./adj./v.,"独立件, 抽印本；分开的, 各别的, 单独的, 分隔的；分开, 隔开, 分居；使分离, 使分开, 区分, 使分居",,,六级,1
separately,'sepərətli,adv.,"分开, 不相连, 分隔, 分离, 不同, 单独, 独立, 各自, 各别, 脱离肉体, 灵魂；分离地",,,六级,1
separation,.sepə'reiʃən,n.,"分离, 分居, 缺口, 退职；分离",,,六级,1
sequence,'si:kwəns,n./v.,"序列, 续发事件, 顺序, 连续；按顺序排好；顺序",,,六级,1
series,'siəri:z,n.,"串联, 序列, 连续, 系列, 丛书, 套, 级数, 组；系列",,,六级,1
serious,'siəriəs,adj.,"严肃的, 认真的, 重要的, 严重的；严重的",,,六级,1
seriously,'siəriəsli,adv.,"严肃地, 认真地, 严重地",,,六级,1
sermon,'sə:mən,n.,"说教, 启示, 布道",,,六级,2
serpent,'sə:pənt,n.,"巨蛇座, 蛇, 蛇形管, 狡猾的人",,,六级,2
servant,'sə:vənt,n.,"仆人, 有用物, 公务员, 雇员；受雇人, 服务者, 公务员",,,六级,1
session,'seʃən,n.,"期间, 开庭期, 会议, 学期；会话, 对话, 会晤, 通用任务程序",,,六级,1
setback,'setbæk,n.,"挫折, 退步, 逆流",,,六级,2
setting,'setiŋ,n.,"环境, 背景, 布景, 镶嵌, 调整, 沉落, 一副餐具；设置",,,六级,1
settle,'setl,n./v.,"有背长椅；决定, 整理, 安放, 使定居, 使平静, 支付, 安排, 解决, 结算；停留, 下陷, 沉淀, 澄清, 安下心来, 结清, 定居, 安家",,,六级,1
settlement,'setlmənt,n.,"安顿, 解决, 处理, 结算, 殖民, 殖民地, 沉降；居住区; 沉渣",,,六级,1
seventeen,sevn'ti:n,num.,"十七, 十七个",,,六级,1
seventy,'sevnti,num.,"七十, 七十个",,,六级,1
severe,si'viə,adj.,"严格的, 尖锐的, 严肃的, 严重的, 严厉的, 朴素的；严厉的, 苛刻的, 严重的",,,六级,1
severely,si'viəli,adv.,"严格, 尖锐, 严肃, 严重, 严厉, 朴素",,,六级,1
sew,səu,v.,"缝纫, 缝合, 缝；缝纫",,,六级,2
sex,seks,n./v.,"性别, 性欲；区别...的性别, 引起...的性欲",,,六级,1
sexual,'sekʃuəl,adj.,"性的, 性别的；性的; 性欲的",,,六级,1
shabby,'ʃæbi,adj.,"衣衫褴褛的, 低劣的, 破旧的, 吝啬的, 卑鄙的",,,六级,2
shade,ʃeid,n./v.,"荫, 阴暗, 遮光物, 灯罩, 帘, 浓淡, 微量, 底纹；渐变；使阴暗, 使渐变, 遮蔽, 微减；底纹",,,六级,1
shadow,'ʃædəu,n./v.,"阴影, 荫, 影子, 影像, 阴暗, 幽灵, 少许, 隐蔽处, 庇护；遮蔽, 使朦胧, 预示, 尾随；渐变, 变阴暗；阴影",,,六级,1
shadowy,'ʃædəui,adj.,"有影的, 暗黑的, 朦胧的, 虚幻的",,,六级,2
shady,'ʃeidi,adj.,"荫凉的, 成荫的, 阴暗的, 隐蔽的；成问题的, 令人怀疑的",,,六级,2
shaft,ʃæft,n./v.,"轴, 箭杆, 矛, 矿井；装杆于, 利用",,,六级,1
shake,ʃeik,n./v.,"摇动, 震动；摇动, 动摇, 使震动, 挥舞；震动, 发抖, 动摇",,,六级,1
shaky,'ʃeiki,adj.,"震动的, 摇晃的, 动摇的",,,六级,2
shallow,'ʃæləu,n./adj./v.,"水浅的地方, 浅滩；浅的, 肤浅的；(使)变浅",,,六级,1
sham,ʃæm,n./adj./v.,"假, 赝品, 骗子, 哄骗；假的, 伪造的；假装, 冒充；装假",,,六级,2
shame,ʃeim,n./v.,"羞耻, 羞愧, 耻辱；使羞愧, 侮辱",,,六级,1
shameful,'ʃeimful,adj.,"可耻的, 丢脸的, 不道德的, 淫猥的, 猥亵的, 不体面的",,,六级,2
shampoo,ʃæm'pu:,n./v.,"洗头, 洗发剂；洗头, 洗发",,,六级,2
shape,ʃeip,n./v.,"形状, 形态, 外形, 形式, 身材；定形, 使成形, 塑造, 计划, 使符合；成形, 形成, 成长；形状",,,六级,1
share,ʃєə,n./v.,"部分, 参与, 一份, 参股, 份额；均分, 分担, 分享, 分配, 共有；分享；共享; DOS外部命令:在网络或多工系统中提供文件共享；文件锁定及检测磁盘更动和对超过32MB硬盘分区的支持",,,六级,1
shark,ʃɑ:k,n./v.,"鲨鱼, 骗子；诈骗",,,六级,2
sharp,ʃɑ:p,n./adj./adv.,"半升音调, 利刃, 骗子；锋利的, 明显的, 敏锐的, 急剧的, 尖刻的, 严厉的, 刺耳的, 精明的；锐利地, 急速地",,,六级,1
sharpen,'ʃɑ:pn,v.,"使尖锐, 使敏捷, 加重, 削尖；尖锐化, 变锋利",,,六级,2
sharply,'ʃɑ:pli,adv.,"锐利地, 严厉地, 厉害地；剧烈地",,,六级,1
shatter,'ʃætə,n./v.,"碎片, 粉碎, 落叶, 喷洒；打碎, 使散开, 粉碎, 破坏；粉碎, 损坏, 脱落",,,六级,2
shave,ʃeiv,n./v.,"修面, 刮胡子, 幸免, 剃刀；修面, 剃, 修剪, 掠过；刮脸, 勉强通过",,,六级,2
shear,ʃiə,n./v.,"修剪, 剪下的东西, 大剪刀, 切变, 剪切机, 切；修剪, 割, 剥夺, 横越, 削剪；剪, 修剪, 剪羊毛, 切断",,,六级,2
shed,ʃed,n./v.,"车棚, 小屋, 脱落之物, 分水岭；使流出, 放射, 脱落, 散发, 摆脱；流出, 散布, 脱落",,,六级,1
sheer,ʃiə,adj./v./adv./n.,"绝对的, 全然的, 纯粹的, 透明的, 峻峭的；偏转, 偏航；使急转向, 使偏航；完全, 全然, 峻峭；偏航",,,六级,1
sheet,ʃi:t,n./v./adj.,"床单, 张, 纸张, 印刷品, 裹尸布, 薄片；盖上被单, 遍布；大片落下；片状的, 成薄片的；工作表",,,六级,1
shelf,ʃelf,n.,"架子, 搁板；架子",,,六级,1
shell,ʃel,n./v.,"贝壳, 壳, 外形, 炮弹；去壳, 脱落, 炮轰；剥落, 脱壳；外壳; DOS内部命令:指定命令行处理程序",,,六级,1
shelter,'ʃeltə,n./v.,"庇护所, 避难所, 庇护, 隐蔽处, 掩蔽；庇护, 保护, 隐匿；躲避",,,六级,1
shepherd,'ʃepəd,n./v.,"牧羊人, 牧羊犬, 牧师, 保护者；看守, 领导, 指导, 牧羊",,,六级,2
sheriff,'ʃerif,n.,"郡治安官, 县治安官；司法行政官, 郡长, 执行吏",,,六级,2
shield,'ʃi:ld,n./v.,"盾, 防卫物, 保护者, 屏蔽；保护, 遮蔽, 屏蔽, 庇护, 挡开, 避开；起保护作用",,,六级,1
shift,ʃift,n./v.,"变化, 移动, 轮班, 手段, 应急办法, 移位；替换, 转移, 改变, 推卸, 变速；转换, 移动, 转变, 推托, 变速；DOS内部命令:该命令可将批处理参数向左移动一个位置",,,六级,1
shilling,'ʃiliŋ,n.,先令；先令,,,六级,2
shipbuilding,'ʃipbildiŋ,n.,造船,,,六级,2
shipment,'ʃipmənt,n.,"装船, 出货；运送, 运送(寄出)货物, 装载",,,六级,2
shipwreck,'ʃiprek,n./v.,"遇难船, 海难；遇海难, 毁灭, 使失事",,,六级,2
shiver,'ʃivə,v./n.,"颤抖, 哆嗦, 被打碎；使迎风飘动, 粉碎；战栗, 碎块",,,六级,2
shock,ʃɒk,n./v./adj.,"震动, 冲突, 震惊, 冲击, 突击, 禾束堆, 休克, 长毛狗；使震动, 使休克, 使受电击, 震惊得；震动, 吓人；蓬乱浓密的",,,六级,1
shoot,ʃu:t,n./v.,"射击, 狩猎, 芽, 射伤, 发射, 发芽, 急流, 推力, 摄影, 急送, 滑运道, 浪费；射击, 射中, 损毁, 拍摄, 喷出, 投射, 挥出, 飞速行进, 挥霍, 给...注射；射出, 射击, 发出, 拍电影, 射门, 发芽",,,六级,1
shopkeeper,'ʃɒp.ki:pə,n.,"零售商, 店主, 老板",,,六级,2
shopping,'ʃɒpiŋ,n.,"买东西, 购物；购物, 买东西",,,六级,1
shore,ʃɒ:,n./v.,"海岸, 海滨, 斜撑柱；把...送上岸, 支撑, 支持",,,六级,1
shortage,'ʃɒ:tidʒ,n.,"不足, 缺乏；缺额",,,六级,1
shortcoming,'ʃɒ:t'kʌmiŋ,n.,"缺点, 短处",,,六级,2
shortcut,'ʃɒ:tkʌt,n.,"捷径, 最短路线；快捷方式",,,六级,2
shorten,'ʃɒ:tn,v.,"弄短, 缩短, 减少；缩小, 变短",,,六级,2
shortfall,'ʃɒ:tfɒ:l,n.,"不足, 不足量；缺少, 不足, 亏舱运费",,,六级,2
shorthand,'ʃɒ:thænd,n.,"速记；速记法, 速记, 记录文字",,,六级,2
shortly,'ʃɒ:tli,adv.,"不久, 简短, 唐突地",,,六级,1
shot,ʃɒt,n./v./adj.,"发射, 炮弹, 射击, 射手, 投篮, 射门, 子弹, 射程, 拍摄, 注射；装弹, 使成颗粒状；杂色的, 交织着的, 渗透的, 点焊的, 破旧的；shoot的过去式和过去分词",,,六级,1
shoulder,'ʃəuldə,n./v.,"肩, 肩膀, 衣肩；肩负, 负担, 担任；用肩推挤",,,六级,1
shove,ʃʌv,n./v.,"推, 挤；推挤, 猛推, 强使；推",,,六级,2
shovel,'ʃʌvl,n./v.,"铲, 铁铲；铲",,,六级,2
shower,'ʃauə,n./v.,"阵雨, 淋浴, 一阵, 展出者, 显示者；淋浴, 下阵雨；淋湿, 倾注",,,六级,1
shrewd,ʃru:d,adj.,"精明的, 锐利的, 剧烈的, 机灵的, 厉害的",,,六级,2
shriek,ʃri:k,n./v.,"尖锐的响声；尖叫, 发尖声；尖声发出",,,六级,2
shrill,ʃril,n./adj./v.,"尖声；尖锐的, 刺耳的；尖声说出；发出刺耳声",,,六级,2
shrimp,ʃrimp,n./v.,"虾, 小虾, 矮子；捕小虾",,,六级,2
shrine,ʃrain,n./v.,"圣地, 神龛, 庙；将...置于神龛内",,,六级,2
shrink,ʃriŋk,n./v.,"收缩, 萎缩, 回避；收缩, 退缩, 萎缩, 缩小, 回避；使收缩, 使缩小",,,六级,2
shrub,ʃrʌb,n.,"矮树, 灌木, 果汁甜酒",,,六级,2
shrug,ʃrʌg,n./v.,耸肩；耸肩,,,六级,1
shut,ʃʌʃ,n./v.,"关闭；关上, 闭起, 幽禁, 合拢, 轧住；关上, 停止营业",,,六级,1
shutter,'ʃʌtə,n./v.,"百叶窗, 关闭物, 照相机快门, 关闭者；为...装百叶窗, 以百叶窗遮闭",,,六级,2
shuttle,'ʃʌtl,n./v.,"穿梭, 梭子, 往返移动之物；(使)穿梭移动, 往返运送",,,六级,2
shy,ʃai,n./adj./v.,"惊跳, 惊避；胆怯的, 畏缩的, 迟疑的, 羞怯的；惊退, 乱投, 乱掷, 厌恶, 避开；乱投, 乱掷",,,六级,2
sickness,'siknis,n.,"疾病, 不健康, 呕吐；病",,,六级,1
sideways,'saidweiz,adv./adj.,"向旁边, 向侧面地；旁边的, 向侧面的",,,六级,2
siege,si:dʒ,n./v.,"包围, 围攻, 再三的努力；包围, 围攻",,,六级,2
sift,sift,v.,"筛, 过滤, 撒, 详查；筛, 被筛下, 精选",,,六级,2
sigh,sai,n./v.,"叹息；叹息, 渴望；叹息着说",,,六级,1
sight,sait,n./v./adj.,"景观, 视力, 眼界, 阅读, 见解, 意见；看见, 瞄准；瞄准, 观看；即席的, 见票即付的",,,六级,1
sightseeing,'saitsi:iŋ,n./adj.,"观光, 游览；观光的, 游览的",,,六级,2
sign,sain,n./v.,"符号, 招牌, 征兆, 正负号, 手势；签名, 打手势表达；签名；正负号; 符号; 符号字符",,,六级,1
signal,'signl,n./v./adj.,"信号, 暗号, 近因, 导火线；向...作信号, 标志, 用信号通知；发信号；作为信号的, 显著的；信号",,,六级,1
signature,'signətʃə,n.,"签字, 识别标志, 调号；签名附件",,,六级,1
significance,sig'nifikəns,n.,"重要性, 意义, 意味；有效; 有效性",,,六级,1
significant,sig'nifikənt,adj.,"重要的, 有效的, 有含义的, 暗示的, 值得注意的",,,六级,1
signify,'signifai,v.,"象征, 预示；要紧, 重要",,,六级,2
silence,'sailəns,n./v./int.,"沉默, 无声, 静寂, 湮没, 无声息；使缄默；安静",,,六级,1
silent,'sailənt,adj.,"沉默的, 安静的, 无声的, 静止的；静止的, 无症状的",,,六级,1
silicon,'silikən,n.,硅；硅Si,,,六级,2
silly,'sili,adj.,"愚蠢的, 糊涂的",,,六级,1
silver,'silvə,n./adj./v.,"银, 银币, 银器；银的, 银制的, 银器的；镀银；变银白色",,,六级,1
similarity,.simi'læriti,n.,"类似, 类似处；类似, 相似, 类似事例",,,六级,1
similarly,'similəli,adv.,"相像地, 类似于",,,六级,1
simplicity,sim'plisiti,n.,"单纯, 简朴, 朴素, 坦率, 天真；简明性",,,六级,2
simplify,'simplifai,v.,"单一化, 简单化",,,六级,2
simulate,'simjuleit,v.,"模拟, 假装, 模仿；伪装的, 模拟的; 假装的, 伪装的, 冒充",,,六级,2
simultaneous,.siməl'teinjəs,adj.,"同时的, 同时发生的；同时的",,,六级,2
simultaneously,siməl'teiniəsly; (?@) saim-,adv.,"同时发生, 一齐, 同时, 同时存在",,,六级,1
sin,sin,n./v.,"罪, 犯罪, 过失, 失礼；犯",,,六级,1
sincere,sin'siə,adj.,"诚实的, 正直的, 真挚的, 纯净的",,,六级,2
sincerity,sin'serəti,n.,"诚实, 真实, 诚心诚意",,,六级,2
singer,'siŋə,n.,歌手,,,六级,1
singular,'siŋgjulə,n./adj.,"单数；异常的, 单一的",,,六级,2
sink,siŋk,n./v.,"藏垢的场所, 沟渠, 污水槽；下沉, 沉没, 下陷, 减弱, 衰退, 消沉, 堕落, 渗透；使低落, 使下沉, 陷于, 投入(资金等), 挖掘",,,六级,1
siren,'saiərin,n./adj./v.,"女海妖, 妖女, 警报器, 汽笛, 迷人的美女；诱惑的；响着警报器前进",,,六级,2
site,sait,n./v.,"位置, 场所, 地点；给...择址",,,六级,1
situated,'sitjueitid,adj.,"位于...的, 坐落在...的, 处于某种境地的；坐落...的, 位于...的, 处于某种境地的",,,六级,3
situation,.sitju'eiʃən,n.,"情形, 境遇, 位置；情境, 处境",,,六级,1
sixty,'siksti,num.,"六十, 六十个",,,六级,1
skate,skeit,n./v.,"溜冰, 冰鞋；滑冰, 滑过",,,六级,2
skeleton,'skelətn,n./adj.,"骨骼, 骨瘦如柴的人, 梗概, 骨干, 残骸；骨骼的, 概略的, 基层的, 骨干的；骨架",,,六级,2
skeptical,'skeptikəl,adj.,"怀疑论的, 怀疑的, 不可知论的；怀疑的, 不信的, 怀疑论者的",,,六级,2
sketch,sketʃ,n./v.,"素描, 草图, 小品；描绘略图, 画素描或速写",,,六级,1
ski,ski:,n./v.,滑雪橇；滑雪,,,六级,2
skill,'skil,n.,"技术, 技巧, 技能, 熟练, 熟练工人；技能",,,六级,1
skilled,'skild,adj.,"熟练的；熟练的, 有技能的",,,六级,1
skillful,'skilful,adj.,"熟练的, 巧妙的；熟练的",,,六级,2
skim,skim,v./n./adj.,"撇取浮沫, 略读, 掠过；擦过, 浏览；脱脂乳, 擦过, 表层物；撇去浮沫的",,,六级,2
skin,skin,n./v.,"皮肤, 皮；剥皮, 在...植皮；长皮, 愈合, 蜕皮",,,六级,1
skip,skip,n./v.,"跳跃, 跳读；跳越, 跳读, 跳绳, 遗漏, 跳级；跳过, 遗漏；跳过",,,六级,2
skyscraper,'skaiskreipə,n.,"摩天楼, 三角形天帆",,,六级,2
slack,slæk,n./adj./adv./v.,"松弛, 松懈, 淡季, 闲散, 家常裤；松弛的, 不流畅的, 疏忽的, 无力的, 呆滞的, 软弱的, 漏水的；马虎地, 缓慢地；放松, 使缓慢；松懈, 减弱, 松弛",,,六级,2
slam,slæm,n./v.,"砰然声, 猛然, 猛烈的抨击；猛然关上, 砰地关上, 猛烈抨击；砰地关上, 猛攻",,,六级,1
slander,'slændə,n./v.,"中伤, 诽谤；中伤, 诽谤",,,六级,2
slang,slæŋ,n./v.,"俚语；辱骂, 用俚语说",,,六级,2
slap,slæp,n./v./adv.,"掴, 掌击, 侮辱, 拍击声；拍击, 惩罚；正面地, 直接地, 突然地",,,六级,2
slaughter,'slɒ:tə,n./v.,"残杀, 屠杀, 杀戮；残杀, 屠杀, 亏本出售",,,六级,2
slave,sleiv,n./v.,"奴隶, 从动装置, 卑鄙的人；拼命工作；从设备",,,六级,1
slavery,'sleivəri,n.,"奴隶的身分, 奴隶状态, 奴隶制度；奴隶制度, 奴役, 苦役",,,六级,2
sleepy,'sli:pi,adj.,"困乏的, 欲睡的",,,六级,2
sleeve,sli:v,n./v.,"袖子, 套管；缝上袖子",,,六级,1
slender,'slendə,adj.,"苗条的, 纤弱的, 微少的, 微薄的；细的, 纤细的",,,六级,2
slice,slais,n./v.,"薄的切片, 一部分, 菜刀；切成薄片, 切下；切；片",,,六级,1
slide,slaid,n./v.,"滑, 滑道, 山崩, 雪崩, 幻灯片；使滑动, 偷偷放入；滑动, 滑落, 不知不觉陷入, 偷偷地走",,,六级,1
slight,slait,n./adj./v.,"轻蔑, 怠慢；轻微的, 纤细的, 脆弱的, 苗条的；轻视, 忽略, 怠慢",,,六级,1
slightly,'slaitli,adv.,"些微地, 苗条地",,,六级,1
slim,slim,adj./v.,"瘦的, 苗条的, 微小的, 稀少的, 微薄的；变苗条；使苗条",,,六级,1
slip,slip,n./v./adj.,"滑, 滑行, 事故, 溜, 差错, 滑台, 下降, 插条, 后裔, 板条, 瘦长的年轻人；滑动, 滑倒, 失足, 溜走, 滑落, 犯错, 变坏；使滑动, 滑过, 摆脱, 闪开, 塞入, 从...取接枝；滑动的, 滑移的, 活络的, 有活结的；串行线接口协议",,,六级,1
slipper,'slipə,n./v.,"拖鞋, 制轮器；用拖鞋打",,,六级,2
slippery,'slipəri,adj.,"滑的, 光滑的, 靠不住的, 圆滑的, 不稳固的；狡猾的, 不可靠的, 不安定的",,,六级,2
slit,slit,n./v.,"裂缝, 投币口, 狭长裂口；切开, 扯裂, 使有狭缝；纵切, 纵裂",,,六级,2
slogan,'sləugən,n.,"呐喊声, 标语, 口号",,,六级,2
slope,sləup,n./v.,"倾斜, 斜坡, 斜率, 扛枪姿势；使倾斜, 弄斜, 扛；倾斜, 走, 逃走",,,六级,1
slot,slɒt,n./v.,"水沟, 细长孔, 硬币投币口, 缝, 狭槽, 狭通道, 位置, 一档(广播节目等)；开槽于, 把...纳入机构；槽; 存储槽",,,六级,2
slowly,'sləuli,adv.,"慢慢地, 迟缓地",,,六级,1
slum,slʌm,n./v.,贫民窟；访问贫民区,,,六级,2
slumber,'slʌmbə,n./v.,"睡眠, 麻木状态；微睡, 静止, 麻木；睡着度过(时间)",,,六级,2
sly,slai,adj.,"狡猾的, 诡密的, 俏皮的, 偷偷摸摸的",,,六级,2
smart,smɑ:t,adj./n./v.,"聪明的, 漂亮的, 刺痛的, 剧烈的, 敏捷的, 巧妙的, 伶俐的, 潇洒的；刺痛, 痛苦；刺痛",,,六级,1
smash,smæʃ,n./adj./v./adv.,"打碎, 粉碎, 打碎时哗啦声, 猛击, 扣球, 杀球, 经营失败, 破产, 硬币, 假硬币；非常轰动的, 了不起的；打碎, 粉碎, 击溃, 使破产, 使裂变, 使用假硬币；碎裂, 猛撞, 破产, 扣球, 杀球；轰隆一声, 哗啦一声",,,六级,1
smog,sməug,n.,烟雾；烟雾,,,六级,2
smooth,smu:ð,adj./v./n.,"平滑的, 平稳的, 流畅的, 和蔼的, 安祥的, 圆滑的, 调匀的, 无毛的；使光滑, 烫平, 使平和, 消除；变平滑, 变平静；一块平地, 平滑部分",,,六级,1
smoothly,'smu:ðli,adv.,"平滑地, 流畅地, 流利地",,,六级,2
smuggle,'smʌgl,v.,"偷运, 走私, 私运；走私",,,六级,2
snack,snæk,n./v.,"小吃, 点心, 快餐；吃零食, 吃快餐",,,六级,2
snail,sneil,n./v.,"蜗牛, 行动迟缓的人, 脑筋迟钝的人, 蜗形凸轮；(蜗牛般)缓慢地打发(时间)；缓慢移动",,,六级,2
snake,sneik,n./v.,"蛇, 阴险的人；曲折行进；迂回, 拉, 急抽",,,六级,2
snap,snæp,v./n./adj./adv.,"使突然中断, 猛咬, 争夺, 拉断, 使有啪啪声, 厉声说, 突然射击, 用快照拍摄；咬, 扑, 抓, 折断, 劈啪地响, 厉声说, 砰然关上；猛咬, 猛扑, 劈啪声, 申斥, 快照, 活力, 一般时期的寒冷天气, 揿钮；突然的, 装搭扣的；猛地；子网访问协议",,,六级,1
snatch,snætʃ,n./v.,"抢夺, 攫取, 片断；夺取, 攫取；想抢走, 攫取",,,六级,2
sneak,sni:k,v./n./adj.,"鬼鬼祟祟做事；偷偷地做；鬼鬼祟祟的人, 偷偷摸摸的行为, 帆布胶底运动鞋；暗中进行的",,,六级,2
sneer,sniə,n./v.,"冷笑, 嘲笑；嘲笑, 冷笑；嘲笑着说, 嘲笑得使",,,六级,2
sneeze,sni:z,n./v.,喷嚏；打喷嚏,,,六级,2
sniff,snif,n./v.,"以鼻吸气, 嗅, 气息；嗅, 蔑视, 嗤之以鼻；闻, 用力吸, 发觉",,,六级,2
snob,snɒb,n.,"势利的人, 假内行",,,六级,2
snobbish,'snɒbiʃ,adj.,"自命不凡的, 势利的",,,六级,2
snore,snɒ:,n./v.,"鼾声, 打鼾；打鼾；打鼾度过",,,六级,2
snowstorm,'snəustɒ:m,n.,暴风雪；雪暴,,,六级,2
snowy,'snəui,adj.,"多雪的, 雪的, 被雪所覆盖着的, 下雪的",,,六级,2
soak,səuk,n./v.,"浸, 湿透, 大雨；使上下湿透, 浸, 吸入, 吸收, 浸洗掉；浸泡, 渗透",,,六级,2
soap,səup,n./v.,"肥皂, 阿谀；以肥皂洗, 阿谀；评语",,,六级,1
soar,sɒ:,n./v.,"高扬, 翱翔；往上飞舞, 高耸, 翱翔",,,六级,2
sob,sɒb,v./n.,"啜泣, 呜咽；哭诉, 哭得使；啜泣, 呜咽",,,六级,2
sober,'səubə,adj./v.,"未醉的, 稳重的, 节制的, 严肃的, 不夸大的, 合理的, 朴素的；使醒酒, 使严肃；从醉里醒来, 变严肃",,,六级,2
soccer,'sɒkə,n.,英式足球,,,六级,1
social,'səuʃəl,adj./n.,"社会的, 群居的, 社交的；联欢会",,,六级,1
socialism,'səuʃəlizm,n.,"社会主义, 社会主义运动",,,六级,1
socialist,'səuʃəlist,n.,"社会主义者, 社会党党员；社会主义的",,,六级,1
society,sə'saiəti,n.,社会；社交界；交往；社团,,,六级,1
sociology,.səusi'ɒlədʒi,n.,社会学；社会学,,,六级,1
sock,sɒk,n./v./adv./adj.,"短袜, 鞋垫, 一击；重击, 猛投, 给...穿袜；打击；正着地, 不偏不倚地；非常成功的",,,六级,2
soda,'səudə,n.,"苏打, 碳酸水；纯碱; 苏打; 碳酸钠",,,六级,2
sodium,'səudiəm,n.,钠；钠Na,,,六级,2
sofa,'səufə,n.,沙发,,,六级,2
soft,sɒft,adj./n./adv.,"软的, 温和的, 柔和的, 柔滑的, 温柔的, 软弱的, 坡度小的, 笨的, 纸币的；柔软的东西, 笨人, 纸币；柔软地, 温和地",,,六级,1
soften,'sɒftn,v.,"(使)变柔软, (使)变柔和",,,六级,2
softly,'sɒftli,adv.,"柔和地, 静静地, 温柔地",,,六级,1
softness,'sɒftnis,n.,"柔和, 温柔",,,六级,2
software,'sɒftwєə,n.,软件；软设备,,,六级,1
soil,sɒil,n./v.,"土壤, 土地, 国家, 国土, 温床, 污物, 粪便, 水池；弄脏, 污辱；变脏",,,六级,1
solar,'səulə,adj.,"太阳的, 日光的, 源自太阳的；太阳的; 腹腔丛的",,,六级,1
sole,səul,n./adj./v.,"脚掌, 鞋底, 底部；唯一的, 仅有的, 单独的, 独身的；上鞋底, 触底",,,六级,1
solely,'səulli,adv.,"仅仅, 单独地",,,六级,1
solemn,'sɒləm,adj.,"严肃的, 郑重的, 庄严的",,,六级,2
solid,'sɒlid,n./adj.,"固体；坚硬的, 稳固的, 固体的, 实心的, 纯质的, 立体的, 立方的；原色",,,六级,1
solidarity,.sɒli'dæriti,n.,"团结, 团结一致, 共同一致；团结, 共同责任",,,六级,2
solidify,sə'lidifai,v.,"(使)凝固, (使)团结, 巩固",,,六级,2
solitary,'sɒlitəri,n./adj.,"独居者；孤独的, 独居的",,,六级,2
solo,'səuləu,n./adj./v.,"独奏, 独唱, 单独表演；单独的, 独奏的, 独唱的；放单飞",,,六级,2
soluble,'sɒljubl,adj.,"溶解的, 可溶解的, 可以解决的；溶解的, 可溶的",,,六级,2
solution,sə'lu:ʃən,n.,"解决, 解答, 溶液；溶液",,,六级,1
solvable,'sɒlvəbl,adj.,"可以解的, 可以解决的；溶解的, 可溶的",,,六级,3
solve,sɒlv,v.,"解决, 付给, 溶解；求解；求解；求解",,,六级,1
somehow,'sʌmhau,adv.,不知何故,,,六级,1
sometime,'sʌmtaim,adj./adv.,"以前的, 某一时间的；改天, 来日",,,六级,2
somewhat,'sʌmhwɒt,n./adv.,"某物, 几分；多少, 几分",,,六级,1
sophisticate,sə'fistikeit,n./v.,"久经世故的人, 精于...之道的人；篡改, 曲解, 使变得世故, 掺合, 弄复杂；诡辩",,,六级,2
sophisticated,sə'fistikeitid,adj.,"复杂的, 久经世故的；尖端的, 高级的, 非常有经验的",,,六级,1
sore,sɒ:,adj./n.,"悲伤的, 痛的, 引起痛苦的；痛处, 溃疡, 疮",,,六级,2
sorrow,'sɒrəu,n./v.,"悲伤, 哀惜, 不幸；悲伤, 懊悔, 遗憾",,,六级,2
sorrowful,'sɒrəuful,adj.,悲伤的,,,六级,2
sort,sɒ:t,n./v.,"种类, 方式, 品质, 态度, 举止；分类, 排序, 挑选；交往, 协调；排序; DOS外部命令:从标准输入设备接收数据, 整个数据输入完后；对它以行为单位进行排序, 然后在标准输出设备上输出",,,六级,1
soul,səul,n./adj.,"灵魂, 心灵, 精神, 精髓, 人, 化身, 典型, 鬼魂；黑人的",,,六级,1
soup,su:p,n./v.,"汤, 马力；加速, 增加马力",,,六级,1
sour,'sauə,adj./v./n.,"酸的, 酸臭的, 发酵的, 愠怒的, 讨厌的, 拙劣的, 不健全的；变酸, 发酵, 厌烦, 变坏；使变酸, 使失望；酸味, 酸饮料",,,六级,2
source,sɒ:s,n.,"来源, 水源, 根源, 原始资料, 源；来源, 源程序",,,六级,1
southeast,sauθ'i:st,n./adj./adv.,"东南, 东南地区；东南的, 向东南的, 来自东南的；往东南, 来自东南",,,六级,2
southern,'sʌðən,n./adj.,"南方人, 男风；向南方的, 来自南方的",,,六级,1
southwards,'sajθwədz,adv.,在南方,,,六级,2
southwest,sauθ'west,n./adj./adv.,"西南, 西南方, 西南地区；西南的, 来自西南方的；往西南, 来自西南",,,六级,2
souvenir,.su:və'niə,n.,纪念品,,,六级,2
sovereign,'sɒvrin,n./adj.,"元首, 独立国；具有主权的, 至高无上的, 国王的, 完全的",,,六级,2
soviet,'səuviət,n./adj.,"代表会议, 苏维埃, 苏联；苏维埃的, 苏联的",,,六级,1
sow,sau. səu,n./v.,"母猪, 懒胖女人；播种, 散布, 使密布；播种",,,六级,2
soy,sɒi,n.,"酱油, 大豆；大豆; 酱油",,,六级,2
space,speis,n./v.,"位置, 空间, 距离, 太空, 空白, 间隔, (期刊等的)篇幅；隔开, 分隔；留间隔；空白, 空格校验",,,六级,1
spacecraft,'speiskræft,n.,航天飞船,,,六级,2
spaceship,'speisʃip,n.,宇宙飞船,,,六级,2
spacious,'speiʃəs,adj.,"广大的, 宽广的",,,六级,2
spade,speid,n./v.,"铲子, 锄, 铲刀, 黑桃；以锄掘, 把...弄实抹平；铲",,,六级,2
span,spæn,n./v.,"指距, 全长, 跨距, 一段时间, 小范围；以手指测量, 跨越, 架设, 持续",,,六级,2
spanish,'spæniʃ,n./adj.,"西班牙人, 西班牙语；西班牙的",,,六级,1
spark,spɑ:k,n./v.,"火花, 火星, 闪光, 无线电报务员, 瞬间放电, 活力, 朝气, 花花公子, 情郎；闪光, 发火花, 求婚；发动, 鼓舞, 使有朝气, 求婚",,,六级,2
sparkle,'spɑ:kl,n./v.,"闪耀, 火花, 活力, 发泡；闪耀, 冒火花；使闪耀",,,六级,2
sparrow,'spærəu,n.,麻雀,,,六级,2
spatial,'speiʃəl,adj.,"空间的, 受空间条件限制的, 占地位的；隙的, 间隙的, 腔的; 空间的, 立体的",,,六级,2
speaker,'spi:kə,n.,"说话人, 讲演者, 发言人, 喇叭, 扬声器；扬声器",,,六级,1
spear,spiə,n./v./adj.,"矛, 枪, 持矛者, 嫩枝；用矛刺；刺, 戳；父系的",,,六级,2
special,'speʃəl,n./adj.,"专辑, 专车, 号外, 特别的东西, 负有特别任务的人员；特别的, 专门的, 特殊的, 额外的, 附加的, 特别亲密的",,,六级,1
specialist,'speiʃəlist,n./adj.,"专门医师, 专家；专业的, 专家的",,,六级,1
speciality,.speʃi'æliti,n.,"专长, 擅长, 特种技能, 详细说明, 特性, 特产, 专业；特制品",,,六级,2
specialize,'speʃəlaiz,v.,"使特殊化, 列举, 特别指明, 限定...的范围；成为专家, 专攻",,,六级,2
specially,'speʃəli,adv.,"特别地, 专门地",,,六级,1
species,'spi:ʃiz,n.,"种, 类, 外形；茶剂; 种",,,六级,1
specific,spi'sifik,n./adj.,"特效药, 特性；特殊的, 明确的, 具有特效的, 特定地, 具体地",,,六级,1
specifically,spi'sifikli,adv.,"特定地, 明确地, 按特性",,,六级,1
specification,.spesifi'keiʃən,n.,"规格, 详述, 详细说明书；规范; 形式说明; 说明; 说明书; 规格",,,六级,1
specify,'spesifai,v.,"详列, 指定, 说明；指定",,,六级,1
specimen,'spesimən,n.,"样品, 标本, 试料；试样",,,六级,1
spectacle,'spektəkl,n.,"引人羡慕的东西, 景象, 眼镜, 场面, 公开展示",,,六级,2
spectacular,spek'tækjulə,adj./n.,"公开展示的, 惊人的, 壮观的；奇观, 惊人之举, 展览物",,,六级,1
spectator,spek'teitə,n.,"观众, 目击者, 旁观者",,,六级,2
spectrum,'spektrəm,n.,"光谱, 范围, 系列；光谱",,,六级,1
speculate,'spekjuleit,v.,"深思, 推测, 投机；投机",,,六级,2
speech,spi:tʃ,n.,"演讲, 说话, 谈话, 言语, 引语, 民族语言；言语, 语言",,,六级,1
speed,spi:d,n./v.,"速率, 速度, 迅速；加速, 超速, 快进；快速传送, 促进, 使加速；中央处理机速度设置程序",,,六级,1
spell,spel,n./v.,"符咒, 魅力, 轮值, 轮班, 工作时间, 一次发作；拼写, 拼成, 琢磨, 理解, 招致, 轮换, 迷住；轮换, 拼字",,,六级,1
spelling,'speliŋ,n.,"拼, 拼字, 拼法；拼写检查",,,六级,2
sphere,sfiə,n./v.,"球, 球面, 球体, 天体, 地球仪, 范围；包围, 使成球体, 放入球内",,,六级,1
spherical,'sferikl,adj.,"球的, 球面的, 球状的, 天体的；球形的, 球状的",,,六级,2
spice,spais,n./v.,"香料, 药料, 香气, 调味品, 情趣, 少许；加香料, 使添趣味",,,六级,2
spider,'spaidə,n.,"蜘蛛, 设圈套者；星形轮",,,六级,2
spill,spil,n./v.,"溢出, 溅出, 摔下, 溢出量, 木片, 小塞子；使溢出, 使散落, 洒, 使流出, 倒出, 使摔下；溢出, 涌流, 摔下",,,六级,1
spin,spin,n./v.,"旋转, 自旋, 疾驰, 情绪低落；纺织, 纺, 使旋转, 编造；纺纱, 吐丝, 作茧, 结网, 旋转, 自旋, 疾驰",,,六级,1
spinal,'spainl,adj.,"针的, 尖刺的, 尖刺状突起的, 脊骨的；棘折; 脊柱的",,,六级,2
spiral,'spairəl,n./adj./v.,"螺旋形之物, 螺线；螺旋形的, 盘旋的；螺旋形下降, 螺旋形上升, 螺旋形行进；使螺旋形行进",,,六级,2
spirit,'spirit,n./v.,"精神, 心灵, 灵魂, 态度, 志气, 人格, 情绪, 心情, 烈酒；诱拐, 鼓励, 鼓舞",,,六级,1
spiritual,'spiritʃuəl,adj./n.,"精神上的, 神圣的, 崇高的, 高尚的, 鬼的, 招魂术的；有关教会的事",,,六级,1
spit,spit,n./v.,"唾液, 唾吐, 小雨, 炙叉, 一铲的深度；唾吐, 吐出, 降小雨, 用炙叉穿过；吐唾沫, 吐痰, 唾弃, 飘霏霏细雨",,,六级,2
spite,spait,n./v.,"恶意, 怨恨, 使人烦恼的事物；故意刁难, 欺侮",,,六级,2
splash,splæʃ,n./v.,"飞溅, 污点, 一点儿, 溅泼声, 色斑；溅湿, 溅开, 飞溅；溅, 泼, 使溅起水, 洒, 使成斑驳状",,,六级,2
splendid,'spendid,adj.,"光亮的, 了不起的, 灿烂的, 壮丽的, 显著的, 杰出的",,,六级,1
split,split,n./adj./v.,"劈开, 裂片, 裂缝, 分裂, 派系, 派别, 柳条；劈开的；分离, 分开, 裂开, 被劈开；劈开, 切开, 使分裂, 使分离；拆分",,,六级,1
spoil,spɒil,n./v.,"战利品, 赃物, 奖品, 变质, 次品；损坏, 破坏, 溺爱；腐坏, 掠夺",,,六级,1
spokesman,'spəuksmən,n.,"发言人, 代言者",,,六级,1
sponge,spʌndʒ,n./v.,"海绵, 海绵状的东西；用海绵擦拭, 吸收掉, 抹掉；采集海绵, 海绵般吸收",,,六级,2
sponsor,'spɒnsə,n./v.,"保证人, 赞助者, 发起者, 倡议者, 教父；发起, 赞助, 倡议",,,六级,1
spontaneous,spɒn'teiniəs,adj.,"自然的, 自发的, 未经琢磨的；自发的, 特发的, 自生的",,,六级,2
spoon,spu:n,n./v.,"匙, 调羹, 匙形工具；以匙舀起, 调情, 使成匙状",,,六级,2
sportsman,'spɒ:tsmən,n.,"运动员, 冒险家",,,六级,2
spot,spɒt,n./adj./v.,"污点, 地点, 斑点, 点, 娱乐场所, 处境, 少量；当场的, 现场的, 现货买卖的, 现金交易的, 抽样的；点缀, 玷污, 认出, 准确定...的位, 用灯光照射；玷污, (从空中)侦察敌方目标",,,六级,1
spouse,spauz,n.,配偶,,,六级,2
spray,sprei,n./v.,"水沫, 浪花, 水花, 喷雾, 喷雾器, 小树枝；喷雾, 扫射, 喷射；喷, 溅开",,,六级,2
spread,spred,n./adj./v.,"传播, 散布, 伸展；双唇展开的, 伸展的；展开, 铺开, 传播, 推广, 伸出, 涂, 敷, 延伸；展开, 扩大, 传开, 延伸；展开",,,六级,1
springtime,'spriŋtaim,n.,"春天, 春季, 初期",,,六级,2
sprinkle,'spriŋkl,v./n.,"洒, 散置, 撒, 点缀；洒, 撒, 下小雨；洒, 撒, 散置, 小雨, 少量",,,六级,2
spur,spə:,n./v.,"马刺, 刺激物, 鼓舞；刺激, 激励, 用马刺策(马)前进；用马刺驱马, 疾驰",,,六级,2
spy,spai,n./v.,"间谍, 侦探, 侦察；侦察, 找出, 发现；做密探, 侦查",,,六级,2
square,skwєə,n./adj./adv./v.,"正方形, 街区, 广场, 平方, 直角尺；正方形的, 正直的, 公正的, 平方的, 方正的, 结清的；成直角地, 对准地；一致, 符合, 结清；使成方形, 使平方自乘, 调正, 结清, 使一致",,,六级,1
squash,skwɒʃ,n./v.,"挤压, 压碎的东西, 南瓜属植物, 拥挤的人群；压扁, 镇压, 压制；被压扁, 发溅泼声, 挤入",,,六级,2
squat,skwɒt,n./adj./v.,"蹲, 窝；蹲着的, 矮胖的；蹲下, 蹲坐, 蹲伏；使蹲下, 擅自占有",,,六级,2
squeeze,skwi:z,n./v.,"紧握, 挤, 榨, 榨取, 佣金；紧握, 挤, 榨取；压榨, 榨",,,六级,1
squirrel,'skwə:rəl,n./v.,"松鼠, 松鼠毛皮；贮藏",,,六级,2
stab,stæb,n./v.,"刺, 戳, 剧痛, 尝试, 努力；刺, 戳, 刺入, 刺痛, 直入, 使伤心；刺, 刺伤",,,六级,2
stability,stə'biliti,n.,"安定, 稳定性, 坚实, 巩固；稳定性",,,六级,1
stabilize,'steibilaiz,v.,"使安定, 使稳固；稳定, 安定",,,六级,2
stable,'steibl,n./adj./v.,"马房, 牛棚；稳定的, 安定的, 坚固的, 坚定的；赶入马房；被关在马厩",,,六级,1
stack,stæk,n./v.,"堆叠, 堆, 大量, 书库, 枪架, 烟囱, 堆积, 存贮栈；堆积, 堆满, 暗中对...做手脚；堆起；堆积, 堆栈",,,六级,2
stadium,'steidiəm,n.,"露天大型运动场；期, 病期",,,六级,2
staff,stɑ:f,n./adj./v.,"全体人员, 工作班子, 棍棒, 杆, 拐杖, 支柱, 权杖；职员的, 雇员的, 参谋的；为...配备人员",,,六级,1
stage,steidʒ,n./v.,"阶段, 舞台, 场所, 戏剧, 站, 驿站, 级, 层, 脚手架；上演, 表演, 筹划；适于上演, 乘驿车旅行",,,六级,1
stagger,'stægə,n./v./adj.,"蹒跚, 踌躇；蹒跚, 犹豫；使摇摆, 使踌躇, 交错, 错开；交错的, 错开的",,,六级,2
stain,stein,n./v.,"污染, 污点, 着色剂；沾染, 染污, 着色；变脏",,,六级,2
stainless,'steinlis,adj.,"无瑕疵的, 不锈的；不绣的, 污染的",,,六级,2
stair,stєə,n.,"梯级, 楼梯, 阶梯",,,六级,2
staircase,'stєəkeis,n.,"楼梯, 梯子, 楼梯部分；阶梯现象",,,六级,2
stairway,'stєəwei,n.,"楼梯, 阶梯",,,六级,2
stake,steik,n./v.,"桩, 炮烙刑, 木柱, 赌注, 奖金；打桩, 用桩撑, 下赌注, 资助；打赌",,,六级,1
stale,steil,n./adj./v.,"尿；不新鲜的, 陈腐的, 疲惫的, 陈旧的；使变旧, 走味；变陈旧, 走味, 失时效, 撒尿",,,六级,2
stalk,stɒ:k,n./v.,"茎, 追踪, 高视阔步；悄悄靠近, 蹑手蹑脚地走近, 蔓延, 高视阔步；追踪, 搜索",,,六级,2
stall,stɒ:l,n./v.,"厩, 停车处, 牧师职位, 货摊, 托辞, 拖延；关入厩, 停顿, 推托, 支吾, 使陷于泥中；被关在厩内, 陷于泥中, 停止, 支吾",,,六级,1
stammer,'stæmə,v./n.,"口吃, 结结巴巴地说；口吃, 结巴",,,六级,2
standard,'stændəd,n./adj.,"标准, 规格, 旗, 军旗, 本位；标准的, 合规格的；标准",,,六级,1
standardize,'stændədaiz,v.,"使标准化, 使合于标准, 用标准检验；标准化; 规格化",,,六级,2
standpoint,'stændpɒint,n.,"立场, 观点",,,六级,2
stare,stєə,v./n.,"注视, 凝视, 瞪视, 显眼；盯；凝视",,,六级,1
startle,'stɑ:tl,n./v.,"惊愕, 惊恐；吃惊, 使惊愕；惊起",,,六级,2
starve,stɑ:v,v.,"(使)饿死, (使)挨饿",,,六级,2
state,steit,n./adj./v.,"州, 状态, 情形, 国家, 政府, 领土, 国务, 社会地位；国家的, 正式的, 礼仪用的, 州的；说明, 陈述, 规定；状态",,,六级,1
statement,'steitmənt,n.,"陈述, 指令, 声明；程序语句; 语句",,,六级,1
statesman,'steitsmən,n.,政治家,,,六级,2
static,'stætik,n./adj.,"静电, 静电干扰；静态的, 静止的, 固有的, 静电的",,,六级,1
stationary,'steiʃ(ə)nəri,adj.,"不动的, 静止的, 不变的, 固定的, 停留的；定常, 定态, 固定的",,,六级,2
stationery,'steiʃənəri,n.,"文具, 信纸；文具",,,六级,2
statistical,stə'tistikl,adj.,"统计的, 统计上的, 统计学的；统计的, 统计学的",,,六级,1
statistics,stə'tistiks,n.,"统计学, 统计资料；统计信息",,,六级,1
statue,'stætju,v./n.,以雕像装饰；雕像,,,六级,1
status,'steitəs,n.,"状态, 情形, 地位, 要人身份；状态",,,六级,1
steadily,'stedili,adv.,"稳定地, 无变化地, 有规则地",,,六级,1
steady,'stedi,adj./v.,"稳定的, 不动摇的, 沉着的, 稳固的, 坚定的, 经常的；使稳定, 使坚定；变为沉着, 稳固",,,六级,1
steak,steik,n.,"牛排, 鱼排, 肉排",,,六级,2
steal,sti:l,v.,剽窃；偷偷地做；偷窃；vi. 窃取；偷偷地行动；[棒球]偷垒；n. [口]偷窃；便宜货；偷垒；[篮球]断球,,,六级,1
steam,sti:m,n./adj./v.,"蒸汽, 精力；蒸汽的；蒸发, 行驶, 发怒；蒸, 煮, 散发",,,六级,1
steamer,'sti:mə,n.,"汽船, 蒸汽机；蒸汽发生器; 蒸汽机",,,六级,2
steel,sti:l,n./adj./v.,"钢, 钢制品, 钢铁, 坚硬, 坚固；钢的, 钢制的, 钢铁业的, 坚强的；使坚强, 钢化, 使冷酷",,,六级,1
steep,sti:p,n./adj./v.,"浸渍, 悬崖；险峻的, 陡峭的, 急剧升降的, 夸大的；浸, 泡",,,六级,1
steer,stiə,v./n.,"引导, 驾驶, 航行, 控制；驾驶, 掌舵, 行驶；驾驶指示, 劝告",,,六级,1
stem,stem,n./v.,"茎, 干, 柄, 船首, 血统, 堵塞物；摘掉茎, 装柄于, 阻止, 堵住, 逆行；堵住, 逆行",,,六级,1
step,step,n./v.,"步骤, 步, 步幅, 脚步声, 踏级, 步伐, 短距离, 步态, 手段, 等级；踏, 以步测量, 跨步, 使成阶梯状；跨步, 轻快地走, 跳舞, 踩, 踏上, 行走；步骤",,,六级,1
stereo,'stiəriəu,n./adj.,"铅版, 立体照片；立体的, 立体感觉的",,,六级,2
stereotype,'stiəriətaip,n./v.,"铅版, 陈规, 老套；使用铅版, 把...印制成盲文, 套用老套, 使一成不变",,,六级,2
stern,stə:n,n./adj.,"尾部, 船尾, 臀；严厉的, 严格的, 坚定的, 坚决的",,,六级,2
stew,stju:,n./v.,"炖, 烦恼, 热浴, 妓院, 鱼塘；炖, 焖, 忧虑；炖, 焖, 使焦虑",,,六级,2
steward,'stju:wəd,n.,"管理人, 招待员, 管家, 乘务员；轮船, 飞机的服务员, (财务)管理员",,,六级,1
stewardess,'stju:wədis,n.,"空中小姐, 女管理人, 女管家",,,六级,2
stick,stik,n./v.,"棍, 棒, 刺, 枯枝, 茎, 条状物；插进, 刺入, 钉住, 伸出, 粘贴, 停止；粘住, 停留, 坚持, 陷住, 伸出",,,六级,1
sticky,'stiki,adj.,"粘的, 有粘性的, 顽固的",,,六级,2
stiff,stif,adj./n./v.,"坚硬的, 严厉的, 呆板的, 生硬的, 刚强的, 强烈的, 粘的, 稠的, 艰难的；死尸, 醉鬼, 钞票；不肯付...小费",,,六级,1
stiffen,'stifn,v.,"使变硬, 使僵硬, 使顽强, 使严厉；变粘, 变硬, 变强烈",,,六级,2
stiffness,'stifnis,n.,"坚硬, 呆板, 刻板；强直, 僵硬",,,六级,2
stillness,'stilnis,n.,"静止, 沉静",,,六级,2
stimulate,'stimjuleit,v.,"刺激, 激励, 鼓舞；起刺激作用",,,六级,1
stimulus,'stimjuləs,n.,"刺激, 激励, 刺激品；刺激特, 刺激",,,六级,1
sting,stiŋ,n./v.,"叮, 刺痛, 刺激, 讽刺；叮, 刺痛, 刺激, 使苦恼；叮, 刺痛",,,六级,2
stir,stə:,n./v.,"骚动, 轰动, 搅动, 监狱；移动, 摇动, 激起, 惹起, 搅拌；走动, 传播, 搅拌",,,六级,1
stitch,stitʃ,n./v.,"一针, 疼痛, 针法, 碎布条, 针脚；缝, 缝合, 装订",,,六级,1
stock,stɒk,n./adj./v.,"树干, 祖先, 血统, 原料, 备料, 库存, 牲畜, 股票, 股份, 保留剧目；存货的, 常备的, 平凡的, 普通的, 股票的, 保留剧目的, 繁殖用的；装把手于, 进货, 备有, 放牧；出新芽, 备货, 囤积",,,六级,1
stockholder,'stɒkhəuldə,n.,"股东；股东, 股票持有者, 股票所有人",,,六级,2
stocking,'stɒkiŋ,n.,长袜；马足水肿; 长袜,,,六级,2
stomach,'stʌmək,n./v.,"胃, 食欲, 欲望, 肚子；吃下, 忍受",,,六级,1
stone,stəun,n./v./adj.,"石头, 宝石, 果核, 纪念碑, 结石；投扔石子, 铺石头；石的, 石制的, 完全的",,,六级,1
stony,'stəuni,adj.,"多石的, 无情的",,,六级,2
stool,stu:l,n./v.,"凳子, 大便, 粪便, 厕所；长新枝；引诱, 诱捕",,,六级,2
stoop,stu:p,n./v.,"佝偻, 屈从, 弯腰；弯下, 屈从, 弯腰, 堕落；使屈从, 使弯曲",,,六级,2
storage,'stɒ:ridʒ,n.,"存储器, 储藏, 保管, 库存, 仓库；存放处; 存储",,,六级,1
storey,'stɔ:ri,n.,"楼, 楼层, 层楼",,,六级,2
storm,stɒ:m,n./v.,"暴风雨, 骚动, 风波, 风暴, 猛攻；起风, 猛冲, 怒吼；猛攻",,,六级,1
stormy,'stɒ:mi,adj.,"暴风雨的, 粗暴的, 激烈的",,,六级,2
stout,staut,adj./n.,结实的；矮胖的；勇敢的；激烈的；矮胖子；烈性啤酒,,,六级,2
stove,stəuv,n./v.,"火炉, 窑；用火炉烤；stave的过去式和过去分词",,,六级,2
straighten,'streitn,v.,"弄直, 整顿, 清理, 使改正；直起来, 改正, 好转",,,六级,2
straightforward,streit'fɒ:wəd,adj.,"笔直的, 率直的, 明确的, 简单的, 直接的",,,六级,1
strain,strein,n./v.,"紧张, 拉紧, 张力, 过劳, 扭伤, 血缘, 种, 族, 气质, 曲调, 旋律, 口吻；使劳累, 拉紧, 过分使用, 扭伤, 滥用, 曲解, 滤；尽力, 努力, 紧拉, 弯曲, 被滤出",,,六级,1
strait,streit,n./adj.,"海峡, 困境；困难的, 窘迫的, 狭窄的",,,六级,2
stranger,'streindʒə,n.,"陌生人, 门外汉；局外人, 非当事人, 第三者",,,六级,1
strangler,'stræŋ^lə,n.,"扼杀者, 压制者, (英)阻气门, 阻塞门",,,六级,2
strap,stræp,n./v.,"带, 皮带；(用皮带)捆扎",,,六级,2
strategic,strə'ti:dʒik,adj.,"战略的, 战略上的；战略的",,,六级,1
strategy,'strætidʒi,n.,"战略, 策略；战略, 策略",,,六级,1
straw,strɒ:,n./adj.,"稻草, 麦管, 吸管, 一文不值的东西, 草帽；稻草的, 稻草色的, 琐碎的, 无价值的",,,六级,1
strawberry,'strɒ:bəri,n.,草莓,,,六级,2
stray,strei,n./adj./v.,"走失的家畜, 浪子；迷途的, 偶然的；迷路, 彷徨, 流浪",,,六级,2
stream,stri:m,n./v.,"水流, 小河, 流出, 趋势, 人潮；流出, 流动, 展开；流, 涌, 飘扬；流",,,六级,1
streamline,'stri:mlain,n./v.,"流线, 流线型；使成流线型, 使合理化",,,六级,2
strength,streŋθ,n.,"力量, 实力, 强度, 浓度, 人数, 抵抗力；强度",,,六级,1
strengthen,'streŋθən,v.,"加强, 变坚固；变强, 股票上涨",,,六级,1
stress,stres,n./v.,"压力, 紧迫, 强调, 重音, 重点, 应力；加压力于, 着重, 重读",,,六级,1
stretch,stretʃ,n./adj./v.,"伸展, 张开, 连绵, 一段路, 一段时间；可伸缩的, 弹性的；伸展, 张开, 曲解, 使过度伸展；伸展, 延伸；伸展",,,六级,1
strict,strikt,adj.,"严厉的, 绝对的, 详尽的, 严格的, 精确的；严格的, 精确的, 绝对的",,,六级,1
strictly,'striktli,adv.,"严格地, 确实地",,,六级,1
stride,straid,n./v.,"大步, 步幅, 步态, 进步；迈大步走, 跨过, 跨",,,六级,2
strife,straif,n.,"争吵, 竞争, 冲突",,,六级,2
strike,straik,n./v.,"罢工, 打击, 殴打；打, 撞击, 冲击, 侵袭, 取消, 结算, 打掉, 罢工, 刺透, 使生根, 遇见；打, 打击, 抓, 罢工, 搏动, 触礁, 敲, 响, 穿透, 打动",,,六级,1
striking,'straikiŋ,adj.,"醒目的, 惊人的, 打击的, 罢工的；罢工的, 罢市的, 罢课的",,,六级,1
string,striŋ,n./v.,"线, 细绳, 一串, 字符串；串起, 成串, 收紧, 缚, 扎；成一串；字符串, 串",,,六级,1
strip,strip,n./v.,"长条, 条状, 带, 脱衣舞；脱衣, 被剥去, 剥夺, 拆卸；脱衣服",,,六级,1
stripe,straip,n.,"斑纹, 条纹；纹, 条纹",,,六级,2
strive,straiv,v.,"努力, 奋斗, 斗争",,,六级,2
stroke,strəuk,n./v.,"笔划, 打, 中风, 抚, 摩, 冲程；划尾桨, 抚, 摩, 划去；笔划",,,六级,1
stroll,strəul,n./v.,"闲逛, 漫步；闲逛, 漫步",,,六级,2
strongly,'strɒŋli,adv.,"强有力地, 坚强地, 激烈地",,,六级,1
structural,'strʌktʃərəl,adj.,"结构的, 建筑的；结构的",,,六级,1
structure,'strʌktʃə,n./v.,"结构, 构造, 建筑物；构成, 组织",,,六级,1
struggle,'strʌgl,n./v.,"斗争, 努力, 奋斗；努力, 奋斗, 挣扎",,,六级,1
stubborn,'stʌbən,adj.,"顽固的, 不听话的, 执拗的, 棘手的",,,六级,2
studio,'stju:diəu,n.,"工作室, 画室, 演播室, 电影制片厂",,,六级,1
stuff,stʌf,n./v.,"原料, 要素, 东西, 材料, 素质, 织品, 废物, 废话；装填；狼吞虎咽",,,六级,1
stuffy,'stʌfi,adj.,"闷热的, 窒息的, 乏味的, 固步自封的, 自以为是的",,,六级,2
stumble,'stʌmbl,n./v.,"绊倒, 蹒跚而行, 失足；使绊倒, 使困惑；绊倒, 失足, 失策, 犯错, 蹒跚, 踌躇",,,六级,2
stun,stʌn,v./n.,"使昏迷, 使震惊, 打昏；昏迷, 猛击",,,六级,2
stupid,'stju:pid,adj.,"愚蠢的, 麻木的",,,六级,1
sturdy,'stə:di,adj.,"强健的, 健全的；羊晕倒病, 羊蹒跚病",,,六级,2
style,stail,n./v.,"风格, 时尚, 文体, 风度, 字体, 类型；称呼, (根据新款式)设计, 使合潮流；风格, 样式；风格, 样式",,,六级,1
subdivide,'sʌbdi'vaid,v.,"vi. (把...)再分, (把...)细分；再分, 细分",,,六级,2
subdue,səb'dju:,v.,"使服从, 压制, 减弱, 抑制, 克制",,,六级,2
subjective,səb'dʒektiv,adj.,"主观的, 个人的；主观的, 自觉的",,,六级,2
submarine,'sʌbməri:n,n./adj./v.,"潜水艇, 海底生物；海中的, 生长在海中的；用潜水艇攻击；在下疾行, 在下滑动",,,六级,2
submerge,səb'mə:dʒ,v.,"使浸水, 使陷入, 淹没；潜入水中",,,六级,2
submit,səb'mit,v.,"使服从, 使受到, 委托, 提交, 认为；屈服, 服从",,,六级,1
subordinate,sə'bɒ:dnit,n./adj./v.,"属下, 附属物；下级的, 次要的, 附属的；使居下位, 使服从",,,六级,2
subscribe,səb'skraib,v.,"捐献, 签署；赞成, 同意, 捐款, 预订, 认购；订阅",,,六级,2
subscript,'sʌbskript,adj./n.,"下标的, 写在底下的；下标；下标",,,六级,2
subscription,səb'skripʃən,n.,"捐献, 订金, 订阅, 签署, 同意；订购",,,六级,2
subsequent,'sʌbsikwənt,adj.,"后来的, 接下去的；后来的",,,六级,1
subsequently,'sʌbsikwəntli,adv.,"后来, 随后",,,六级,1
subsidiary,səb'sidiəri,n./adj.,"子公司, 附件, 辅助者；辅助的, 次要的, 津贴的",,,六级,1
subsidy,'sʌbsidi,n.,"补助金, 津贴；补助金, 津贴, 补贴",,,六级,1
substance,'sʌbstəns,n.,"物质, 实质, 主旨, 资产, 本质, 牢固；物质",,,六级,1
substantial,səb'stænʃəl,n./adj.,"重要材料(或事物), 有实际价值的东西；实质上的, 物质的, 有内容的, 结实的",,,六级,1
substantially,səb'stænʃəli,adv.,"实质上, 本质上, 大体上",,,六级,1
substitute,'sʌbstitju:t,n./v./adj.,"代理, 代理人, 代用品, 代替者, 代替物；代替；替代, 取代, 代用；代替的, 代用的, 代用品的；置换; 替代",,,六级,1
subtle,'sʌtl,adj.,"敏锐的, 精细的, 狡猾的, 稀薄的, 灵巧的, 微妙的；锐敏的; 精细的",,,六级,1
subtract,səb'trækt,v.,"减去, 扣掉, 减少；做减法；减",,,六级,2
suburb,'sʌbə:b,n.,"市郊住宅区, 郊区, 边缘",,,六级,2
subway,'sʌbwei,n./v.,"地铁, 地道；乘地铁",,,六级,2
succeed,sək'si:d,v.,"成功, 继承, 继续；继承, 接替",,,六级,1
success,sək'ses,n.,"成功, 成就, 胜利",,,六级,1
successful,sək'sesful,adj.,"成功的, 一帆风顺的, 顺利的；成功的",,,六级,1
successfully,sək'sesfjli,adv.,"成功, 结果良好, 有成就",,,六级,1
succession,sək'seʃən,n.,"连续, 继承权, 继位, 演替, 地层次序；继承, 继承权, 继位",,,六级,1
successive,sək'sesiv,adj.,"继承的, 连续的；接续承运人; 连续的",,,六级,1
successor,sək'sesə,n.,"继承者, 接任者；后继",,,六级,1
suck,sʌk,v./n.,"吸, 吮, 吸入, 吮吸, 吸收；吸, 吸奶；吸, 吸入, 吮吸",,,六级,1
sudden,'sʌdn,n./adj.,"突然, 忽然；突然的, 意外的, 快速的",,,六级,1
suddenly,'sʌdənli,adv.,"突然, 意外, 忽然, 迅速, 即席作成, 即刻, 急速",,,六级,1
sue,su:,v.,"控告, 起诉, 请求；提出诉讼, 提出请求",,,六级,1
suffer,'sʌfə,v.,"遭受, 经历, 忍受；受痛苦, 受损害",,,六级,1
suffice,sə'fais,v.,"足够, 有能力；满足",,,六级,2
sufficient,sə'fiʃənt,adj.,"充分的, 足够的；充分的, 足够的",,,六级,1
sufficiently,sə'fiʃəntli,adv.,"足够, 充分",,,六级,1
suicide,'sjuisaid,n./v./adj.,"自杀, 自杀者；自杀；自杀的",,,六级,1
suit,sju:t. su:t,n./v.,"套装, 诉讼, 请求, 起诉, 套, 组；适合, 使适应；合适, 相称",,,六级,1
suitable,'sju:təbl,adj.,"适当的, 相配的；合适的, 适宜的, 适当的",,,六级,1
suitcase,'sju:tkeis,n.,手提箱,,,六级,2
sullen,'sʌlən,adj.,"愠怒的, 沉闷的, 阴沉的",,,六级,2
sulphur,'sʌlfə,n.,"硫, 硫磺；硫",,,六级,2
sum,sʌm,n./v.,"总数, 总和, 金额, 概要, 顶点；总计, 概括；合计；系统实用程序和维护",,,六级,1
summarize,'sʌməraiz,v.,"概述, 总结",,,六级,2
summary,'sʌməri,n./adj.,"摘要, 概要；摘要的, 简略的；摘要; 概要",,,六级,1
summit,'sʌmit,n./adj.,"顶点, 最高阶层, 最高级会议；政府首脑的, 最高级的",,,六级,1
summon,'sʌmən,v.,"召唤, 召集, 号召, 振奋, 唤起, 鼓起；传唤, 传讯",,,六级,1
sunlight,'sʌnlait,n.,"日光；日光, 太阳光",,,六级,1
sunrise,'sʌnraiz,n.,"日出, 黎明, 拂晓",,,六级,2
sunset,'sʌnset,n.,"日落, 晚年",,,六级,2
sunshine,'sʌnʃain,n.,"阳光, 光明, 晴天",,,六级,1
super,'sju:pə,n./adj./adv.,"跑龙套角色, 冗员, 特级品, 特大号, 管理人；上等的, 特大的, 超级的, 极好的, 十分的, 过分的；非常",,,六级,1
superb,sju'pə:b,adj.,"极度的, 华丽的, 极好的",,,六级,1
superficial,.sju:pə'fiʃəl,n./adj.,"表面, 外表；表面的, 肤浅的, 面积的",,,六级,2
superficially,,adv.,"表面, 表面性, 浅层, 不深, 表皮, (贬)肤浅, 一知半解, 浅薄, 平方, 浮面",,,六级,2
superior,sju:'piəriə,n./adj.,"长者, 占优势的人, 上级；上级的, 出众的, 高傲的",,,六级,1
superiority,sju:.piəri'ɒriti,n.,"优越, 高傲；优越性",,,六级,2
supersonic,.sju:pə'sɒnik,adj.,超声波的；超声[波]的,,,六级,2
superstition,.sju:pə'stiʃən,n.,迷信；迷信,,,六级,2
supervise,'sju:pəvaiz,v.,"监督, 管理, 指导",,,六级,1
supervision,.sju:pə'viʒən,n.,"监督, 管理；监督, 管理",,,六级,1
supplement,'sʌplimənt,n./v.,"补充物, 增刊, 补充, 补遗, 补编, 附录, 补角；补充, 增补",,,六级,1
supplementary,.sʌpli'mentəri,adj.,"补足的, 补充的, 追加的；追加的, 补充的, 增补的",,,六级,2
supply,sə'plai,n./v.,"补给, 供给, 供应品；补给, 供给, 提供, 补充；替代",,,六级,1
support,sə'pɒ:t,n./v.,"支持, 支撑, 援助, 供养, 支撑物；支援, 支撑, 帮助, 支持, 忍受, 供养, 证实；后援; 支持",,,六级,1
suppose,sə'pəuz,v.,"推想, 假设, 以为, 想像, 假定；料想",,,六级,1
suppress,sə'pres,v.,"镇压, 使止住, 禁止, 抑制, 查禁；镇压, 平定, 禁止出版",,,六级,1
supreme,sju'pri:m,n./adj.,"至高, 霸权；至高的, 终极的, 极端的, 最大的",,,六级,1
surely,'ʃuəli,adv.,"的确地, 安全地；保证, 保证人, 保证金",,,六级,1
surge,sə:dʒ,n./v.,"巨涌, 汹涌, 澎湃；汹涌, 澎湃, 颠簸, 猛冲, 突然放松；使汹涌奔腾, 急放；电压尖峰",,,六级,2
surgeon,'sə:dʒən,n.,"外科医生, 军医, 船医；外科医师",,,六级,1
surgery,'sə:dʒəri,n.,"外科, 手术, 手术室, 换球术",,,六级,1
surname,'sə:neim,n./v.,"姓, 别号, 绰号；呼以姓氏, 起绰号",,,六级,2
surpass,sə'pɑ:s,v.,"超越, 凌驾, 胜过",,,六级,2
surplus,'sə:pləs,n./adj.,"剩余, 过剩, 盈余；过剩的, 剩余的",,,六级,1
surprising,sə'praiziŋ,adj.,令人惊讶的,,,六级,1
surprisingly,,adv.,"使人惊奇, 出人意外, 惊人, 令人惊讶",,,六级,1
surrender,sə'rendə,v./n.,"交出, 放弃, 使投降, 让与；投降, 自首；交出, 放弃, 投降",,,六级,2
surround,sə'raund,v./n.,"包围, 环绕, 围绕；围绕物",,,六级,1
surroundings,sə'rajndiŋz,n.,"环境, 周围的事物；环境",,,六级,2
survey,sə'vei,n./v.,"纵览, 视察, 测量, 俯瞰, 调查；审视, 视察, 俯瞰, 通盘考虑；测量土地",,,六级,1
survival,sə'vaivəl,n./adj.,"生存, 残存, 幸存者；赖以生存的",,,六级,1
survive,sə'vaiv,v.,"比...活得长, 生存, 生还, 幸免于；活下来, 幸存",,,六级,1
susceptible,sə'septəbl,adj.,"易受影响的, 易感动的, 容许...的；易感的, 易受影响的, 容许",,,六级,2
suspect,sə'spekt,n./adj./v.,"被怀疑者, 嫌疑犯；令人怀疑的, 不可信的, 可疑的；怀疑, 猜想",,,六级,1
suspend,sə'spend,v.,"悬, 吊, 使悬浮, 暂停, 中止, 推迟；暂停, 中止, 悬浮, 停止偿付债务；暂停",,,六级,1
suspension,sə'spenʃən,n.,"悬挂, 暂停, 中止；悬浮; 悬浮体; 悬浮液",,,六级,1
suspicion,sə'spiʃən,n.,"怀疑, 觉察, 嫌疑；怀疑, 疑心, 嫌疑",,,六级,1
suspicious,sə'spiʃəs,adj.,"可疑的, 多疑的, 怀疑的；怀疑的, 令人怀疑的, 可疑的",,,六级,1
sustain,sə'stein,v.,"承受, 支持, 供养, 继续, 忍受, 蒙受, 证实, 准许；持续",,,六级,1
swallow,'swɒləu,n./v.,"燕子, 吞咽, 喉；咽, 淹没, 吞没, 耗尽, 轻信, 忍受, 抑制；吞下, 咽下",,,六级,1
swamp,swɒmp,n./v.,"沼泽, 进退两难的困境；淹没, 击溃, 清除, 使陷于沼泽；陷于沼泽, 淹没",,,六级,2
swan,swɒn,n./v.,"天鹅, 天鹅星座, 有才华的诗人；闲荡, 蜿蜒而行",,,六级,2
swarm,swɒ:m,n./v.,"群, 大群, 蜂群, 分蜂群；分群, 群集, 聚集一块, 云集, 攀；挤满, 爬, 攀",,,六级,2
sway,swei,n./v.,"摇摆, 影响力, 支配；摇动, 支配, 弄歪, 使倾斜, 使动摇, 影响；摇动, 摇摆, 倾斜, 动摇, 统治, 转向",,,六级,2
swear,swєə,v./n.,"发誓, 咒骂, 使宣誓；发誓, 诅咒；诅咒, 誓言",,,六级,1
sweat,swet,n./v.,"汗, 汗水, 水珠, 焦急；出汗, 渗出, 冒出水气, 结水珠, 烦恼, 懊恼；使出汗, 流出, 榨出, 使汗流浃背",,,六级,2
sweater,'swetə,n.,"毛衣, 毛线衫, 运动衫, 出汗者；发汗器",,,六级,2
sweep,swi:p,n./v.,"扫除, 打扫, 肃清, 视野, 范围, 全胜；扫除, 掸去, 猛拉, 扫荡, 肃清, 冲走, 刮起, 环视, 掠过, 扫射；扫, 打扫, 袭击, 席卷, 扫视, 掠过",,,六级,1
sweeten,'swi:tn,v.,"使变甜, 加糖于, 使悦耳, 使温和, 减轻；变甜",,,六级,2
sweetness,'swi:tnis,n.,"甜蜜, 芳香, 美妙",,,六级,2
swell,swel,n./adj./v.,"增大, 隆起的部分, 巨浪, 肿胀；优秀的, 一流的；增大, 膨胀, 肿胀, 增强, 骄傲；使膨胀, 使增大, 使上涨, 使骄傲",,,六级,2
swift,swift,n./adj./adv.,"褐雨燕, 快速爬行的小蜥蜴, 蝙蝠蛾, 大滚筒；迅速的, 快的, 敏捷的, 立刻的；迅速地, 敏捷地",,,六级,2
swing,swiŋ,n./v./adj.,"摇摆, 振幅, 音律, 节奏, 涨落, 秋千, 旋转, 行动自由；摇摆, 悬挂, 旋转, 大摇大摆地走, 转向；挥舞, 使旋转, 使转向, 悬挂, 吊运；旋转的, 悬挂的, 强节奏爵士音乐的",,,六级,1
swiss,swis,n./adj.,"瑞士人, 瑞士腔调；瑞士的, 瑞士风格的",,,六级,2
switch,switʃ,n./v.,"开关, 电闸, 转换, 软枝, 鞭子, 道岔；转变, 切换, 摆动, 转换, 使转轨；转换, 变换, 摆动；开关; 翻转; 转移",,,六级,1
sword,sɒ:d,n.,"刀, 剑, 战争, 武力, 剑状物",,,六级,1
symbol,'simbl,n.,"符号, 象征, 代号, 信条；符号; 码元",,,六级,1
symmetrical,si'metrikl,adj.,"对称的, 匀称的；对称的, 均称的",,,六级,2
symmetry,'simitri,n.,"对称, 匀称；对称; 对称性; 对称现象",,,六级,2
sympathetic,.simpə'θetik,adj./n.,"有同情心的, 合意的, 赞成的；交感神经, 容易感受的人",,,六级,1
sympathize,'simpəθaiz,v.,"同情, 怜悯, 同意, 体谅",,,六级,2
sympathy,'simpəθi,n.,"同情, 赞同, 怜悯, 慰问, 吊唁；交感[作用], 同感[作用], 感应, 同情",,,六级,1
symphony,'simfəni,n.,"交响乐, 交响曲",,,六级,2
symposium,sim'pəuziəm,n.,"讨论会, 座谈会, 专题报告会, 专题论文集",,,六级,2
symptom,'simptəm,n.,"症状, 征候, 征兆；症状",,,六级,1
synthesis,'sinθisis,n.,"综合, 组织, 综合体；合成",,,六级,2
synthesize,'sinθisaiz,v.,"综合, 合成",,,六级,2
synthetic,sin'θetik,n./adj.,"合成物质；综合(性)的, 人造的, 合成的",,,六级,2
system,'sistəm,n.,"系统, 体系, 制度, 方式, 秩序, 分类原则；系统; 体制; 体系",,,六级,1
systematic,.sisti'mætik,adj.,"有系统的, 分类上的, 体系的；系统的, 系的, 分类的",,,六级,1
systematically,.sisti'mætikli,adv.,"有系统地, 有组织地, 有条理地",,,六级,2
tablet,'tæblit,n.,"平板, 门牌, 笔记簿, 碑, 匾, 药片；片剂",,,六级,1
tabulate,'tæbjuleit,v./adj.,"作成表, 作成一览表, 使成平面；平板状的, 平面的；制表",,,六级,2
tack,tæk,n./v.,"平头钉, 大头钉, 粗缝针脚, 行动方针, 食物；以大头针钉住, 附加",,,六级,2
tackle,'tækl,n./v.,"工具, 复滑车, 滑车, 装备, 扭倒；固定, 处理, 抓住；扭倒",,,六级,1
tact,tækt,n.,"机智, 手法, 老练；(自动加工线的)生产节拍",,,六级,2
tactics,'tæktiks,n.,"用兵学, 战术, 兵法；战术, 策略",,,六级,3
tag,tæg,n./v.,"标签, 附属物, 碎片, 结束语, 口头禅, 附加语, 浑名, 标记, 标记符；附以签条, 尾随, 添饰, 起浑名, 连接；紧紧跟随；标记",,,六级,2
tail,teil,n./adj./v.,"尾部, 后部, 辫子, 随员, 特务, 燕尾服, 踪迹, 限定继承(权)；在后面的, 从后面而来的, 限定继承的, 尾部的, 后部的；为...装尾, 附于其后, 尾随, 使搭牢, 跟踪, 监视；跟踪, 船尾搁浅",,,六级,1
tailor,'teilə,n./v.,"裁缝, 成衣匠；缝制, 制作, 使适应；做裁缝",,,六级,2
tale,teil,n.,"故事, 谎言, 谣言, 陈述, 叙述；虚语, 诽语, 谣言",,,六级,1
talent,'tælənt,n.,"天才, 才能, 有才干的人, 天资",,,六级,1
tame,teim,adj./v.,"驯服的, 柔顺的, 被开垦的, 顺从的, 乏味的, 平淡的；驯养, 驯服, 制服, 失去锋芒；变得驯服",,,六级,2
tan,tæn,n./adj./v.,"黄褐色, 鞣料, 马戏团；黄褐色的, 鞣皮的；晒成棕褐色；把...晒黑, 鞣(革), 狠狠鞭打",,,六级,2
tangle,'tæŋgl,n./v.,"缠结, 纠结的一团, 困惑, 纠纷, 混乱；使缠结, 缠住；缠结, 乱作一团",,,六级,2
tank,tæŋk,n./v.,"槽, 箱, 柜, 罐, 池塘, 储水池, 坦克；储于箱中",,,六级,1
tanker,'tæŋkə,n.,"坦克手, 油船, 空中加油飞机, 运油飞机, 油槽/水槽汽车；槽车; 油槽船",,,六级,2
tap,'tæp,n./v.,"轻打, 水龙头；轻打, 轻敲, 敲打出, 选择, 装上嘴子, 使流出, 开发, 分接, 向...乞讨；轻叩, 轻拍, 啪塔啪塔地走；接头",,,六级,1
tape,teip,n./v.,"带子, 录音带, 磁带, 窄带, 卷尺；以带子绑起, 测量, 录音；带",,,六级,1
taper,'teipə,n./adj./v.,"带子操作工, 小蜡烛, 尖细, 渐弱, 锥形, 尖塔；尖细的, 分等级的；(使)一头逐渐变细, (使)逐渐减少",,,六级,2
tar,tɑ:,n./v./adj.,"焦油, 柏油, 水手；涂以焦油, 玷污, 怂恿；焦油的",,,六级,2
target,'tɑ:git,n./v.,"目标, 靶子, 指标；对准, 订指标",,,六级,1
tariff,'tærif,n./v.,"关税, 关税表, 价格表, 收费表；课以关税；价目表",,,六级,2
task,tɑ:sk,n./v.,"工作, 任务, 作业, 困难的工作；派给...工作, 使辛劳；任务",,,六级,1
taste,teist,n./v.,"味道, 品味, 味觉, 感受, 体验, 爱好, 审美, 少量；尝, 察觉...的味道, 体会；品尝, 察觉味道, 有某种味道",,,六级,1
tax,tæks,n./v.,"税, 税款, 重负, 会费；课以税, 使负重荷, 斥责",,,六级,1
teaching,'ti:tʃiŋ,n.,"教学, 学说, 教导",,,六级,1
team,ti:m,n./v.,"队, 组；把马(牛)套在同一辆车上, 把...编成一组；驾驶卡车, 协作",,,六级,1
tear,tiə. tєə,n./v.,"泪滴, 眼泪, 撕, 扯, 裂缝, 激怒, 飞奔；流泪, 撕破, 赶快, 飞奔, 被撕破；撕裂, 戳破, 拉掉, 撕掉, 使分裂, 使精神不安, 折磨",,,六级,1
tease,ti:z,n./v.,"揶揄, 戏弄, 逗惹；戏弄, 取笑, 强求, 梳理, 使起毛",,,六级,2
technical,'teknikl,adj.,"技术上的, 专门的, 工业的, 严格根据法律的；技巧",,,六级,1
technician,tek'niʃən,n.,技师；技师,,,六级,2
technique,tek'ni:k,n.,"技巧, 技术, 方法；工艺方法; 技巧",,,六级,1
technology,tek'nɒlədʒi,n.,"技术, 工业技术, 术语；技术学, 工艺学",,,六级,1
tedious,'ti:diəs,adj.,"沉闷的, 冗长乏味的",,,六级,2
teenager,'ti:nidʒə,n.,十三岁到十九岁的少年,,,六级,1
telegram,'teli^ræm,n.,"电报, 一封电报；电报",,,六级,2
telegraph,'teligrɑ:f,n./v.,"电报, 电报机；打电报；打电报给, 电汇, 流露, 显示出要...的样子",,,六级,1
telescope,'teliskəup,n./v.,"望远镜；叠缩, 嵌进, 缩短；使叠缩, 使缩短",,,六级,2
telex,'teleks,n.,"用户直通电报, 电传打字机；电传, 用户电报",,,六级,2
temper,'tempə,n./v.,"(钢等的)硬度, 脾气, 心情, 中和剂, 倾向, 回火；使回火, 锻炼, 调和, 使缓和；回火",,,六级,1
temperament,'temprəmənt,n.,"气质, 性格, 性情；气质, 禀赋",,,六级,2
temperature,'temprətʃə,n.,"温度, 发烧, 热度；温度",,,六级,1
temple,templ,n.,"圣堂, 庙宇, 教堂, 礼拜堂, 太阳穴, 鬓角；颞颥, 颞部",,,六级,1
tempo,'tempəu,n.,"速度, 节奏, 进行速度, (棋的)一着",,,六级,2
temporary,'tempərəri,adj./n.,"暂时的, 临时的；临时工, 临时雇员；临时",,,六级,1
tempt,tempt,v.,"诱惑, 引诱, 引起...的兴趣, 吸引, 冒...风险",,,六级,1
temptation,temp'teiʃən,n.,"诱惑, 诱惑物；诱惑, 诱惑物",,,六级,1
tenable,'tenəbl,adj.,"可守的, 站得住(脚)的, 合理的, 成立的",,,六级,2
tenant,'tenənt,n./v.,"承租人, 房客, 居住者；租借；占据者",,,六级,1
tend,tend,v.,"走向, 有某种的倾向, 易于, 照顾, 注意；照料, 护理",,,六级,1
tendency,'tendənsi,n.,"趋向, 倾向；趋向, 趋势",,,六级,1
tender,'tendə,adj./v./n.,"嫩的, 柔软的, 脆弱的, 温柔的, 亲切的, 未成熟的, 微妙的, 棘手的, 审慎的；使变嫩, 提供, 偿还；变柔软, 投标；照料, 看管人, 供应船, 小船, 提出, 偿付, 投标",,,六级,1
tense,tens,adj./v./n.,"紧张的, 拉紧的；(使)紧张, (使)拉紧；时态",,,六级,2
tensile,'tensail,adj.,"可拉长的, 可伸长的, 张力的, 拉力的；拉的",,,六级,2
tent,tent,n./v.,"帐篷, 帷幕, 住处, 塞条, 塞子；住帐蓬, 宿营, 暂时居住；用帐篷遮盖, 使住帐篷, 用塞条嵌入",,,六级,1
tentative,'tentətiv,n./adj.,"试验；试验性的, 暂时的",,,六级,2
term,tə:m,n./v.,"术语, 专有名词, 期限, 学期, 任期, 条件, 价钱, 关系, 地位, 项, 界石；称, 呼；检索词; 项",,,六级,1
terminal,'tə:minəl,n./adj.,"终端机, 终点, 末端, 极限, 终点站；终点的, 定期的, 致死的, 结尾的, 末端的, 晚期的；终端; 终端设备",,,六级,1
terminate,'tə:mineit,adj./v.,"有结尾的, (可)结束的；结束, 终止, 满期；使停止, 使结束, 使终止；终止",,,六级,2
terminology,.tə:mi'nɒlədʒi,n.,"术语, 术语学；名词学, 命名法",,,六级,2
terrace,'terəs,n./adj./v.,"阶地, 梯田, 房屋之平顶, 阳台, 沿岸防地, 露台；叠层式的；使成梯田, 使成有平台屋顶",,,六级,1
terrain,'terein,n.,"地带, 地区, 地形, 领域, 范围",,,六级,2
terrible,'terəbl,adj.,"可怕的, 令人恐惧的, 极坏的",,,六级,1
terrific,tə'rifik,adj.,"非常好的, 极端的, 可怕的",,,六级,2
terrify,'terifai,v.,"使恐惧, 恐吓",,,六级,2
territory,'teritəri,n.,"领土, 领地, 版图, 地区, 活动范围；(推销员等的)推销区域",,,六级,1
terror,'terə,n.,"恐怖, 可怕的人；惊吓, 惊悸",,,六级,1
terrorist,'terərist,n.,"恐怖分子；恐怖份子, 恐怖主义",,,六级,1
test,test,n./v.,"测试, 试验, 化验, 检验, 考验, 甲壳；测试, 试验, 化验；接受测验, 进行测试",,,六级,1
testify,'testifai,v.,"证明, 作证, 声明, 表明",,,六级,2
testimony,'testiməni,n.,"证言, 证据, 声明；证据",,,六级,2
textbook,'tekstbuk,n.,教科书,,,六级,2
textile,'tekstail,n./adj.,"纺织品, 纺织业；织的, 纺织的",,,六级,1
texture,'tekstʃə,n.,"(织物的)密度, (材料等的)结构, 纹理；纹理",,,六级,2
thanksgiving,'θæŋks.giviŋ,n.,感谢,,,六级,2
theatre,,n.,"戏院, 电影院, 剧场, 全体观众, 戏剧, 戏剧效果, 阶梯式讲堂, 场所",,,六级,1
theft,θeft,n.,"盗窃, 失窃, 盗窃罪, 赃物；盗窃行为, 偷窃, 失窃",,,六级,1
theme,θi:m,n.,"主题, 话题, 题目",,,六级,1
theorem,'θiərəm,n.,"定理, 原理；定理",,,六级,2
theoretical,θiə'retikəl,adj.,"理论的, 理论上的, 假设的, 推理的；理论的",,,六级,1
theory,'θiəri,n.,"理论, 学说, 原理, 意见, 推测；理论",,,六级,1
therapy,'θerəpi,n.,"治疗；疗法, 治疗",,,六级,1
thereafter,.ðєər'æftə,adv.,"其后, 从那时以后",,,六级,1
thereby,'ðєəbai,adv.,因此,,,六级,1
therefore,'ðєəfɒ:,adv.,"因此, 所以",,,六级,1
therein,.ðєər'in,adv.,"在其中, 在那里, 在那一点上",,,六级,2
thereof,.ðєər'ɒv,adv.,"在其中, 关于..., 由此；由是, 由此, 属于它的",,,六级,2
thermal,'θə:ml,adj./n.,"热的, 热量的, 温泉的；上升温暖气流",,,六级,2
thermometer,θə'mɒmitə,n.,"温度计, 体温计；温度计",,,六级,2
thesis,'θi:sis,n.,"论题, 论文",,,六级,1
thick,θik,adj./adv./n.,"厚的, 粗壮的, 浓的, 迟钝的, 浑浊的, 多雾的, 过分的, 口齿不清的；厚地, 密地, 浓浓地；最浓处, 最厚处, 最密集处；暗, 粗线",,,六级,1
thicken,'θikən,v.,"变浓, 变厚, 变得模糊, 变为复杂；使变厚, 加强, 使模糊",,,六级,2
thickness,'θiknis,n.,"厚度, 密度, 愚钝, 含混不清；厚度",,,六级,2
thief,θi:f,n.,"小偷, 贼；取样",,,六级,1
thigh,θai,n.,"大腿, 股；股, 大腿",,,六级,1
thirdly,'θə:dli,adv.,第三,,,六级,2
thirst,θə:st,n./v.,"口渴, 渴望；口渴, 渴望",,,六级,2
thorn,θɒ:n,n.,"刺, 棘, 荆棘",,,六级,2
thorough,'θʌrə,adj.,"十分的, 彻底的",,,六级,2
thoroughly,'θʌrəli,adv.,"彻底地, 绝对地, 透彻地, 详尽地, 周到地, 完全地, 完善地, 全面地",,,六级,1
thought,θɒ:t,n.,"想法, 思想, 思维, 关心, 挂念；think的过去式和过去分词",,,六级,1
thoughtful,'θɒ:tful,adj.,"深思的, 体贴的",,,六级,2
thoughtless,'θɒ:tlis,adj.,"欠考虑的, 无深虑的, 轻率的",,,六级,2
thrash,θræʃ,v./n.,"打, 使逆行, 胜过, 推敲, 鞭打；打谷, 痛打, 剧烈扭动, 逆行；打谷, (划水)鞭状动作",,,六级,2
thread,θred,n./v.,"线, 丝, 纤维, 线索；穿线于, 穿过, 通过, 用线穿成；穿过；线索, 线程",,,六级,2
threat,θret,n.,"恐吓, 恶兆, 威胁；威胁",,,六级,1
threaten,'θretn,v.,"恐吓, 威胁, 预示...的凶兆；威胁, 恫吓, 可能来临",,,六级,1
thresh,θreʃ,v.,"打谷, 摔打, 反复研究, 推敲；打谷, 鞭打, 剧烈扭动",,,六级,2
threshold,'θreʃəuld,n.,"门槛, 入口, 开端, 阈；阈; 阈值",,,六级,1
thrifty,'θrifti,adj.,"节俭的, 兴旺的, 繁茂的",,,六级,2
thrill,θril,n./v.,"震颤, 激动, 刺激性, 一阵激动；震颤, 颤抖, 激动；使激动, 使颤动",,,六级,2
thrive,θraiv,v.,"繁荣, 兴旺, 茁壮成长；兴旺, 繁荣, 旺盛",,,六级,2
throat,θrəut,n./v.,"咽喉, 喉咙, 嗓音；用喉音说, 开沟于",,,六级,1
throne,'θrəun,n.,"王座, 君主",,,六级,1
throng,θrɒ:ŋ,n./adj./v.,"群, 人群, 群集, 众多；拥挤的；群集, 蜂拥；在...群集, 使拥塞",,,六级,2
throughout,θru:'aut,adv./prep.,"到处, 贯穿全部地, 自始至终；遍及, 在各处；吞吐量",,,六级,1
thrust,θrʌst,n./v.,"插, 戳, 刺, 猛推, 口头攻击, 推力；插入, 猛推, 刺, 戳, 强加, 延伸；插, 刺, 戳, 延伸, (用力)推",,,六级,1
thumb,θʌm,n./v.,"拇指；以拇指拨弄, 笨拙地摆弄, 用拇指翻旧, 迅速翻阅, 作搭车手势",,,六级,1
thunder,'θʌndə,n./v.,"雷, 雷声；打雷, 轰隆地响, 怒喝；大声喊出, 轰隆地发出",,,六级,2
thus,ðʌs,adv.,"如此, 因此, 到如此程度；乳香",,,六级,1
tick,tik,n./v.,"滴答声, 一瞬间, 壁虱, 褥套, 信用, 赊欠；滴答响, 活动；滴答地记录, 标记号于",,,六级,2
tickle,'tikl,n./v.,"胳肢, 痒；胳肢, 使发痒, 使快乐, 逗乐；觉得痒, 使人痒",,,六级,2
tide,taid,n./v.,"潮, 潮汐, 趋势, 潮流, 涨潮, 高潮；使随潮漂流；顺潮行驶",,,六级,1
tidy,'taidi,n./adj./v.,"椅子的背罩, 装杂物的容器；整齐的, 有条理的；弄整齐, 收拾, 整理；整理, 收拾",,,六级,2
tie,tai,n./v.,"带子, 线, 鞋带, 领带, 领结, 关系, 束缚, 平局, 不分胜负；系, 打结, 扎, 约束, 与...成平局；结合, 打结, 不分胜负",,,六级,1
tiger,'taigə,n.,"老虎, 虎, 凶暴的人",,,六级,1
tight,tait,adj./adv.,"紧的, 密封的, 吝啬的, 严厉的；紧紧地",,,六级,1
tighten,'taitn,v.,"勒紧, 使变紧；变紧, 绷紧",,,六级,1
tightly,'taitli,adv.,"紧紧地, 坚固地",,,六级,1
tile,tail,n./v.,"砖瓦, 瓷砖, 瓦片；铺以瓦, 铺以瓷砖；平铺",,,六级,1
tilt,tilt,n./v.,"倾斜, 倾向, 船篷, 车篷；使倾斜, 使倾侧, 用帆布篷遮盖；倾斜, 翘起, 冲, 评击；倾斜",,,六级,2
timber,'timbə,n./v.,"木材, 木料；用木材建造",,,六级,1
timely,'taili,adj./adv.,"及时的, 适时的；及时地",,,六级,2
timetable,'taimteibl,n.,时间表,,,六级,1
timid,'timid,adj.,"胆小的, 羞怯的",,,六级,2
tin,tin,n./v./adj.,"锡, 马口铁, 罐头；在...镀锡于；锡制的；tin阅读程序",,,六级,1
tiny,'taini,adj.,"很少的, 微小的",,,六级,1
tip,tip,n./v.,"顶, 尖端, 梢, 末端, 倾斜, 垃圾场, 小费, 轻击, 指点, 秘密消息；装顶端, 使倾斜, 使翻倒, 泄露, 告诫, 暗示, 给...小费, 轻击；倾斜, 翻倒, 倾覆, 踮脚走, 给小费；终端接口处理器, 提示, 技巧",,,六级,1
tire,taiə,n./v.,"轮胎, 头饰；使疲倦, 使厌烦, 打扮；疲劳, 厌倦",,,六级,2
tiresome,'taiəsəm,adj.,"累人的, 烦人的",,,六级,2
tissue,'tiʃu:,n.,"薄的织物, 薄纱, 棉纸, 组织, 一套；组织",,,六级,1
title,'taitl,n./v.,"头衔, 名称, 标题, 书名, 扉页, 权利, 资格, 冠军, 字幕；授予头衔, 加标题于；标题",,,六级,1
toad,təud,n.,"蟾蜍, 癞蛤蟆, 讨厌的家伙",,,六级,2
toast,təust,n./v.,"吐司, 烤面包, 干杯；敬酒, 烤, 使暖和；烤, 烘",,,六级,2
tobacco,tə'bækəu,n.,"烟草, 香烟；烟草",,,六级,1
toe,təu,n./v.,"足趾, 趾部, 脚趾；以趾踏触, 用脚尖走；动脚尖",,,六级,1
toilet,'tɒilit,n./v.,"厕所, 梳妆；梳妆, 打扮, 上厕所；给...梳妆打扮",,,六级,1
token,'təukən,n./adj.,"表征, 记号, 代币；象征的, 表意的；记号",,,六级,2
tolerance,'tɒlərəns,n.,"宽容, 忍受, 容忍, 容许量, 公差；允许误差",,,六级,2
tolerant,'tɒlərənt,adj.,"宽容的, 容忍的, (对冷、热)能耐的；能耐受的",,,六级,2
tolerate,'tɒləreit,v.,"宽容, 容许, 有耐力",,,六级,1
tomato,tə'mɑ:təu,n.,"番茄, 西红柿",,,六级,1
tomb,tu:m,n./v.,"坟墓, 死亡；埋葬",,,六级,2
ton,tʌn,n.,吨；吨,,,六级,1
tone,təun,n./v.,"音调, 音质, 语调, 语气, 色调, 气氛, 状况, 思想状态；给...定色调, 增强, 使...的声调和谐, 定音调；颜色调和；双音频",,,六级,1
tongue,tʌŋ,n./v.,"舌, 语言能力, 讲话方式, 语言；舔, 斥责, 发...的音；使用舌头, 吹管乐器",,,六级,1
tool,tu:l,n./v.,"工具, 机床, 傀儡；用工具加工；使用工具",,,六级,1
top,tɒp,n./adj./v.,"顶部, 顶端, 极点, 上面, 上部, 顶篷, 最高地位, 首位, 陀螺；最高的, 顶上的, 头等的；盖, 加以顶, 高达, 超越；结束, 达到顶点, 高出；TOP协议",,,六级,1
topic,'tɒpik,n.,"主题, 论题, 话题",,,六级,1
torch,tɒ:tʃ,n.,"火把, 启发之物；火炬",,,六级,2
torment,'tɒ:ment,n./v.,"使人痛苦的东西, 折磨者, 苦痛；使苦恼, 纠缠, 歪曲, 拷问",,,六级,2
torpedo,tɒ:'pi:dəu,n./v.,"鱼雷, 水雷, 地雷；用鱼雷袭击, 破坏",,,六级,2
torque,tɒ:k,n.,"扭转力, 转矩, 项圈；转矩",,,六级,2
torrent,'tɒ:rənt,n.,"奔流, 倾盆大雨, 倾注, 迸发",,,六级,2
tortoise,'tɒ:təs,n.,"龟, 行动迟缓的人",,,六级,2
torture,'tɒ:tʃə,n./v.,"拷问, 苦闷；拷问, 曲解, 折磨, 使弯曲",,,六级,2
toss,tɒs,n./v.,"投掷, 抛, 摇摆, 震荡, 掷钱币决定；投掷, 猛抬, 摇荡, 使不安, 掷钱币决定；被到处扔, 摇摆, 颠簸, 辗转, 掷钱币决定某事",,,六级,1
total,'təutl,adj./v./n./adv.,"全体的, 总的, 全然的；计算...的总和, 共计为；合计；总数, 全体, 合计；统统",,,六级,1
touch,tʌtʃ,n./v.,"触觉, 碰, 触, 机灵, 轻触, 格调, 少许, 缺点, 弹力；接触, 触摸, 触及, 使接触, 达到, 涉及, 影响到, 使轻度受害, 感动；触摸, 接近, 涉及, 提到",,,六级,1
touchable,'tʌtʃəbl,adj.,"可触的, 可使感动的",,,六级,3
tough,tʌf,n./adj.,"恶棍；强硬的, 艰苦的, 坚固的, 坚韧的, 粗暴的, 咬不动的",,,六级,1
tour,tuə,n./v.,"旅游, 观光旅行, 任期；旅行, 周游, 巡回；周游, 观光, 游历, 使巡回演出",,,六级,1
tow,təu,n./v.,"拖, 拖绳, 拖轮；拖, 拉, 牵引",,,六级,2
towards,tə'wɔ:dz,prep.,"向, 对于, 为了",,,六级,1
towel,'tauəl,n./v.,"手巾, 毛巾；擦干身子",,,六级,1
tower,'tauə,n./v.,"塔, 高楼, 堡垒；高耸, 翱翔",,,六级,1
toxic,'tɒksik,adj.,"有毒的, 中毒的；中毒的, 毒物的",,,六级,2
toy,tɒi,n./adj./v.,"玩具, 小玩艺儿, 小型的东西, 消遣；供玩耍的, 作为玩具的；玩弄, 戏弄, 调情",,,六级,1
trace,treis,n./v.,"痕迹, 踪迹, 微量, 迹线, 缰绳；追踪, 回溯, 描绘；追溯, 沿路走",,,六级,1
track,træk,n./v.,"轨迹, 足迹, 径迹, 小道, 轨道, 磁轨, 途径；循路而行, 追踪, 通过, 用纤拉；追踪, 留下足迹, 沿轨道运行；跟踪",,,六级,1
tract,trækt,n.,"大片土地, 地带, 小册子；束, 道",,,六级,2
tractor,'træktə,n.,"牵引器, 拖拉机, 拉纸器；进纸器",,,六级,2
trade,treid,n./v.,"贸易, 商业, 交易, 生意, 职业, 顾客, 信风；进行交易, 做买卖, 经商, 对换, 购物；用...进行交换",,,六级,1
trademark,'treidmɑ:k,n.,商标；商标,,,六级,2
trader,'treidə,n.,"商人, 商船；交易者, 商船",,,六级,1
tradesman,'treidzmən,n.,"零售商, 工匠；商人, 店主, 零售商",,,六级,2
tradition,trə'diʃən,n.,"传说, 传统, 交付；传统, 惯例, 移交",,,六级,1
traditional,trə'diʃənl,adj.,"传统的, 惯例的；传统的, 惯例的",,,六级,1
traffic,'træfik,n./v.,"交通, 通行, 运输, 交通量, 贸易, 交易, 交往, 通信量；交易, 做买卖；用...作交换；通信量, 传输量",,,六级,1
tragedy,'trædʒidi,n.,"悲剧, 惨案, 悲剧作品；惨事, 灾难, 不辛",,,六级,1
tragic,'trædʒik,adj.,"悲惨的, 悲剧的",,,六级,1
trail,treil,n./v.,"踪迹, 痕迹, 一串, 尾部, 小径, 持枪姿势；拖, 尾随, 追踪, 落后于, 开出路；拖曳, 垂下, 落后, 飘出, 蔓生",,,六级,1
training,'treiniŋ,n.,"训练, 培养；训练",,,六级,1
trait,treit,n.,"特征, 特性, 一笔, 少许",,,六级,2
traitor,'treitə,n.,"叛逆者, 叛国者；叛徒, 叛逆, 背信者",,,六级,2
tram,træm,n./v.,"电车轨道, 煤车, 纬纱, 纬丝；用煤车运载；乘电车",,,六级,2
tramp,træmp,n./v.,"坚实(或沉重)的脚步声, 流浪者；践踏, 重步行走, 步行, 流浪；走过, 踩",,,六级,2
trample,'træmpl,n./v.,"践踏(声), 蹂躏；践踏, 无视",,,六级,2
tranquil,'træŋkwil,adj.,安静的,,,六级,2
transaction,træn'sækʃən,n.,"交易, 办理, 学报, 和解协议；事务处理",,,六级,1
transcend,træn'send,v.,"超越, 胜过",,,六级,2
transfer,træns'fə:,n./v.,"迁移, 移动, 传递, 转让, 转移, 过户, 汇兑, 换车；使转移, 调转, 调任, 改变, 传递, 转让；转移, 转学, 转职, 换车；传送",,,六级,1
transform,træns'fɒ:m,v.,"使转换, 改变, 改造, 使...变形；改变, 转化, 变换；变换",,,六级,1
transformation,.trænsfə'meiʃən,n.,"变形, 变质, 变化, 改革, 变换；转化; 变换",,,六级,1
transformer,træns'fɒ:mə,n.,"变压器, 促使变化的人；变压器",,,六级,2
transient,'trænziənt,n./adj.,"瞬, 短期居留者, 过境鸟, 瞬变现象；短暂的, 易变的, 瞬变的, 路过的；瞬变过程; 过渡过程; 过渡的; 瞬变的; 瞬时峰值电压",,,六级,2
transistor,træn'zistə,n.,晶体管；晶体管,,,六级,2
transit,'trænsit,n./v.,"经过, 通行, 运输, 运输线, 转变；运送, 使通过, 经过；通过",,,六级,2
transition,træn'ziʃən,n.,"转变, 转换, 变迁, 过渡时期, 临时转调；跃迁",,,六级,1
translate,træns'leit,v.,"翻译, 解释, 转化, 转变为, 调动；翻译, 被译；转换",,,六级,1
translation,træns'leiʃən,n.,"翻译, 译文, 转化, 调任, 平移, 转译；转换",,,六级,1
transmission,træns'miʃən,n.,"传输, 传送, 变速器；传输",,,六级,1
transmit,træns'mit,v.,"传输, 传染, 传达, 遗传, 发射, 传播；发射信号, 留传下来；传送",,,六级,1
transparent,træns'pærənt,adj.,"透明的, 显然的, 清晰的；透明",,,六级,2
transplant,træns'plɑ:nt,v./n.,"使移居, 移植, 使迁移；移居, 耐移植；移居者, 移植",,,六级,2
transport,træns'pɒ:t,n./v.,"运输, 运输工具, 激动, 狂喜, 流放犯；传送, 运输, 流放；传送",,,六级,1
transportation,.trænspə'teiʃən,n.,"运输, 输送, 交通车辆；运转, 运输, 运输费",,,六级,2
transverse,træns'və:s,n./adj.,"横断物；横的, 横向的",,,六级,2
trap,træp,n./v.,"圈套, 陷阱, 诡计, 存水弯；设圈套, 设陷阱；诱捕, 诱骗, 抓住, 使受限制；俘获; 陷井",,,六级,1
traverse,'trævə:s,n./v./adj.,"越过, 横贯, 横断物, 屏障, 否认, 反驳；横过, 穿过, 经过, 详细研究, 反对, 在...来回移动；横越, 横断, 旋转, 来回移动；横亘的, 横贯的",,,六级,2
tray,trei,n.,"托盘, 公文盘, 满盘, 发射箱；淋盘",,,六级,1
tread,tred,n./v.,"踏, 步态, 梯级, 交尾, 鞋底；踏, 行走, 交尾；踩, 踏, 践踏, 跳(舞)",,,六级,2
treason,'tri:zn,n.,"叛逆, 不忠, 叛国罪；叛逆, 通敌, 叛国罪",,,六级,2
treasure,'treʒə,n./v.,"宝物, 财富；珍爱, 重视, 秘藏",,,六级,1
treasurer,'treʒərə,n.,"会计, 出纳员, 司库；司库, 财务主任, 财政大臣",,,六级,2
treat,tri:t,n./v.,"宴请, 款待；视为, 对待, 论述, 治疗, 款待；讨论, 谈判, 作东",,,六级,1
treatment,'tri:tmənt,n.,"治疗, 待遇, 处理；疗法, 治疗; 处理",,,六级,1
treaty,'tri:ti,n.,"条约, 谈判；协议, 协定, 协商",,,六级,1
tremble,'trembl,n./v.,"战栗, 颤抖；战栗, 忧虑, 摇晃",,,六级,1
tremendous,tri'mendəs,adj.,"巨大的, 非常的, 可怕的",,,六级,1
tremendously,trə'mendəslɪ,adv.,极大地; 极端地; 极其; 非常,,,六级,2
trench,trentʃ,n./v.,"渠, 沟渠, 战壕；在...开沟, 挖战壕于, 用战壕围住；挖战壕, 开沟",,,六级,2
trend,trend,n./v.,"趋势, 倾向, 走向；倾向, 转向；趋势",,,六级,1
trial,'traiəl,n./adj.,"审判, 试验, 艰苦, 麻烦事, 考验；审讯的, 试验性的",,,六级,1
triangle,'traiæŋgl,n.,"三角形, 三个一组, 三角关系；三角, 三角形",,,六级,2
triangular,trai'æŋgjulə,adj.,"三角形的, 三人间的；三角的, 三角形的",,,六级,2
tribe,traib,n.,"宗族, 部落, 一群人；族(生物分类)",,,六级,1
tribute,'tribju:t,n.,"贡物, 礼物, 颂辞",,,六级,1
trick,trik,n./v./adj.,"诡计, 欺诈, 谋略, 恶作剧, 习惯, 决窍；愚弄, 欺骗, 装饰；哄骗, 戏弄；有决窍的, 特技的, 欺诈的, 漂亮的, 靠不住的",,,六级,1
trifle,'traifl,n./v.,"琐事, 少量；浪费；开玩笑, 翻弄, 虚度光阴",,,六级,2
trigger,'trigə,n./v.,"触发器, 扳机；触发, 发射, 引起；松开扳柄；切换开关",,,六级,1
trim,trim,n./adj./v.,"整齐, 情形, 修剪；整齐的；使整齐, 整理, 修剪；调整, 见风使舵；库存管理检查规则程序",,,六级,2
triple,'tripl,n./adj./v.,"三倍数, 三个一组；三倍的；使增至三倍；增至三倍",,,六级,2
triumph,'traiəmf,n./v.,"凯旋, 胜利, 欢欣；得胜, 成功",,,六级,1
triumphant,trai'ʌmfənt,adj.,"得胜的, 得意洋洋的",,,六级,2
trivial,'tiviəl,adj.,"琐碎的, 不重要的, 轻微的, 平常的",,,六级,2
trolley,'trɒli,n./v.,"电车, 手推车, 台车；用手推车运；乘电车",,,六级,2
troop,tru:p,n./v.,"军队, 一群, 一队；群集, 结队, 成群而行",,,六级,1
tropic,'trɒpik,n.,回归线,,,六级,2
tropical,'trɒpikl,adj.,"热带的, 热情的；热带的",,,六级,1
trot,trɒt,n./v.,"快步；快步走, 小跑；使小跑, 策马小跑",,,六级,2
troublesome,'trʌblsəm,adj.,"麻烦的, 令人讨厌的",,,六级,2
trousers,'trauzəz,n.,"裤子, 长裤",,,六级,1
truck,trʌk,n./v.,"卡车, 货车, 对...进行交易, 来往, 实物工资, (供应市场的)蔬菜, 废物, 废话；对...进行交易, 交往, 以卡车运输；驾驶卡车, 以物易物",,,六级,1
truly,'tru:li,adv.,"真实地, 不假",,,六级,1
trumpet,'trʌmpit,n./v.,"喇叭, 小号, 喇叭声；吹喇叭；用喇叭吹出, 吹嘘",,,六级,2
trunk,trʌŋk,n./v./adj.,"树干, 干线, 躯干, 主干, 象鼻, 箱子；把...放入旅行箱内；树干的, 躯干的, 干线的, 箱形的；中继线; 母线",,,六级,1
trust,trʌst,n./adj./v.,"信任, 信赖, 相信, 受托, 职责, 信心, 托拉斯；信托的, 托拉斯的；信赖, 信任, 相信, 盼望, 赊卖给；相信, 信赖, 依靠；委托, 信任",,,六级,1
truth,tru:θ,n.,"事实, 实情；真实, 真相, 事实",,,六级,1
tub,tʌb,n./v.,"桶, 浴盆；装入桶, 洗澡；洗盆浴, 被放在桶里洗",,,六级,2
tube,tju:b,n./v.,"管, 软管, 隧道；把...装管, 使通过管子；管子",,,六级,1
tuberculosis,"tju,bə:kju'ləusis",n.,肺结核；顿挫性结核,,,六级,2
tuck,tʌk,n./v.,"缝褶, 活力, 鼓声, 船尾突出部, 食品；打褶, 卷起, 挤进, 塞, 收藏；缝褶裥, 缩拢",,,六级,1
tug,tʌg,n./v.,"用力拉, 拖曳, 苦干, 挣扎, 绳索；用力拉",,,六级,2
tuition,tju:'iʃən,n.,"学费, 讲授",,,六级,2
tulip,'tju:lip,n.,郁金香,,,六级,2
tumble,tʌmbl,n./v.,"跌倒, 摔跤, 翻斤斗；翻倒, 摔倒, 倒塌, 滚动, 翻斤斗, 仓促地行动；使摔倒, 使滚翻, 弄乱",,,六级,2
tuna,'tju:nə,n.,"金枪鱼, 金枪鱼肉",,,六级,2
tune,tju:n,n./v.,"歌曲, 主旋律, 心情, 声调, 和谐, 一致, 语调, 程度；为...调音, 调整, 调谐, 使一致；协调, 调谐",,,六级,1
tunnel,'tʌnl,n./v.,"隧道, 地下道；挖隧道；掘隧道于",,,六级,1
turbine,'tə:bain,n.,涡轮机；涡轮机,,,六级,2
turbulent,'tə:bjulənt,adj.,"狂暴的, 骚乱的, 紊乱的",,,六级,2
turkey,'tə:ki,n.,"火鸡, 无用的家伙, 土耳其",,,六级,1
turmoil,'tə:mɒil,n.,"骚动, 混乱",,,六级,2
turning,'tə:niŋ,n.,"旋转, 转弯处, 车削工作；车削",,,六级,2
turnip,'tə:nip,n.,"芜菁, 芜菁甘蓝；芜菁, 萝卜",,,六级,2
turnover,'tə:n.əuvə,n./adj.,"翻倒, 翻转, 半圆酥饼, 营业额, 流通, 周转；可翻转的",,,六级,1
turtle,'tə:tl,n.,海龟,,,六级,2
tutor,'tju:tə,n./v.,"家庭教师, 导师, 助教, 监护人；当...的教师, 教, 指导, 约束, 克制；当家庭教师, 受家庭教师的指导",,,六级,1
twilight,'twailait,n./adj.,"暮光, 曙光, 黎明, 黄昏, 微光, 朦胧状态；微明的",,,六级,2
twin,twin,n./adj./v.,"双胞胎中一人, 一对非常相像的人(或物)中的一个；双胞胎的, 成对的, 孪生的；生双胞胎, 成对；怀(双胞胎), 使成对",,,六级,1
twinkle,'twiŋkl,n./v.,"闪烁, 闪耀, 瞬息；闪烁；使闪耀",,,六级,2
twist,twist,n./v.,"一扭, 扭曲, 曲折, 歪曲, 螺旋状, 新手法；拧, 扭, 捻, 编织, 使扭转, 缠绕, 盘绕, 歪曲, 使转动, 使苦恼, 使混乱, 使旋转；转向, 弯曲, 缠绕, 扭动, 呈螺旋形",,,六级,1
type,taip,n./v.,"类型, 样式, 典型, 榜样, 标志, 符号, 型, 式；打字；作为代表, 测定类型, 用打字机打；类型; 键入; DOS内部命令:在屏幕上显示指定文件的内容",,,六级,1
typewriter,'taip.raitə,n.,打字机,,,六级,2
typhoon,tai'fu:n,n.,台风,,,六级,2
typical,'tipikl,adj.,"典型的, 象征性的；典型的",,,六级,1
typist,'taipist,n.,打字员,,,六级,2
tyranny,'tirəni,n.,"专制, 暴政；苛政, 暴政, 专横",,,六级,2
tyrant,'taiərənt,n.,"暴君；专制君主, 暴君, 压制他人者",,,六级,2
tyre,'taiə,n./v.,轮胎；装轮胎于,,,六级,1
ugly,'ʌgli,adj./n.,"丑陋的, 邪恶的, 险恶的, 不祥的；丑陋的人(或物)",,,六级,1
ultimate,'ʌltimit,n./adj.,"终极, 根本, 顶点, 基本原则；终极的, 根本的, 极限的, 最远的, 最后的, 最大的",,,六级,1
ultimately,'ʌltimətli,adv.,"最后, 最终；最后, 终究, 总之",,,六级,1
ultrasonic,.ʌltrə'sɒnik,n./adj.,超声波；超音速的,,,六级,2
ultraviolet,.ʌltrə'vaiəlit,adj.,紫外线的；紫外线的; 紫外线,,,六级,2
unable,ʌn'eibl,adj.,"不能的, 不会的；无能力的, 无资格的, 没有办法的",,,六级,1
unanimous,ju:'næniməs,adj.,"意见一致的, 无异议的",,,六级,2
unavoidable,.ʌnə'vɒidəbl,adj.,"不可避免的, 不得已的, 不能作废的；难免的",,,六级,2
unbearable,.ʌn'bєərəbl,adj.,"无法忍受的, 承受不住的",,,六级,2
uncertain,.ʌn'sə:tn,adj.,"不确定的, 无常的, 不确信的, 不可预测的；不确定的, 未定的, 不确信的",,,六级,1
uncomfortable,.ʌn'kʌmfətəbl,adj.,"不舒服的, 不自在的, 不安的",,,六级,1
unconscious,.ʌn'kɒnʃəs,adj.,"未意识到的, 无意识的, 无知觉的；人事不省的, 神志丧失的; 无意识的",,,六级,2
unconventional,.ʌnkən'venʃənl,adj.,"不依惯例的, 非传统的, 非常规的",,,六级,2
uncover,.ʌn'kʌvə,v.,"揭露, 揭开, 暴露, 脱帽致敬；脱帽致敬, 揭去盖子",,,六级,2
underestimate,.ʌndər'estimeit,n./v.,"低估；低估, 看轻",,,六级,2
undergo,.ʌndə'gəu,v.,"遭受, 经历, 忍受；经受, 经历, 忍受",,,六级,1
undergraduate,.ʌndə'grædjuit,n./adj.,"大学本科生, 大学肄业生；大学生的",,,六级,2
underline,'ʌndəlain,v./n.,"在...下面划线, 作...的衬里, 强调；下划线, 图下说明文字；加下划线; 下划线",,,六级,1
underlying,.ʌndə'laiiŋ,adj.,"在下面的；优先的, 基础的, 放在下面的",,,六级,1
undermine,.ʌndə'main,v.,"在...下面挖, 渐渐破坏, 暗地里破坏；暗中破坏, 以阴谋中伤伤害",,,六级,1
underneath,.ʌndə'ni:θ,adv./prep.,在下面；在...的下面,,,六级,2
understanding,.ʌndə'stændiŋ,n.,"理解, 谅解；协商, 协议, 谅解",,,六级,1
undertake,.ʌndə'teik,v.,"试图, 从事, 保证, 承担, 同意, 接受；承包; 承担",,,六级,1
undertaking,.ʌndə'teikiŋ,n.,"事业, 企业, 保证；企业, 事业, 承担",,,六级,1
underwear,'ʌndəwєə,n.,内衣,,,六级,2
undesirable,.ʌndi'zaiərəbl,adj.,"不受欢迎的, 不合乎社会道德标准的；不受欢迎的人, 不良份子, 不法份子",,,六级,2
undo,.ʌn'du:,v.,"解开, 取消, 破坏, 毁灭, 扰乱；松开；撤消",,,六级,2
undoubtedly,ʌn'dajtidli,adv.,"无疑, 必定, 确实地",,,六级,1
uneasy,.ʌn'i:zi,adj.,"心神不安的, 不自在的, 不稳定的, 不舒服的",,,六级,2
unemployment,.ʌnim'plɒimənt,n.,"失业, 失业人数；失业",,,六级,1
unexpected,.ʌnik'spektid,adj.,"料想不到的, 突然的, 意外的；不能预料的, 意外的",,,六级,1
unfair,.ʌn'fєə,adj.,"不公平的, 不正直的, 不正当的；不正直的, 不公平的, 偏颇的",,,六级,1
unfit,.ʌn'fit,adj./v.,"不适当的, 不胜任的, 不健康的；使不相宜, 使不合格",,,六级,2
unfold,.ʌn'fəuld,v.,"展开, 打开, 披露, 开展, 挑明；伸展, 开花, 呈现",,,六级,2
unfortunate,.ʌn'fɒ:tʃənit,adj.,"不幸的, 不合适的, 不吉利的",,,六级,1
unfortunately,ʌn'fɔ:tjjnətli,adv.,"恐怕, 不幸的是",,,六级,1
unhappy,.ʌn'hæpi,adj.,"不快乐的, 不幸的, 不适当的",,,六级,1
uniform,'ju:nifɒ:m,n./adj.,"制服；统一的, 一律的, 始终如一的",,,六级,1
uniformly,'ju:nifɔ:mli,adv.,"一样, 一致, 相同, 一直不变, 一贯, 始终如一, 均质, 一律, 均匀；均匀地",,,六级,2
unify,'ju:nifai,v.,"统一, 使成一体",,,六级,2
union,'ju:njən,n.,"联盟, 联合, 结合, 工会；联合; 联管节; 活接头",,,六级,1
unique,ju:'ni:k,adj.,"独一无二的, 独特的, 稀罕的",,,六级,1
unit,'ju:nit,n./adj.,"单位, 分队, 部队, 单元, 部件, 装置；单位的, 单元的；单元常数; 部件",,,六级,1
unite,ju:'nait,v.,"联合, 接合, 混合；使联合, 统一, 使粘合, 使结合",,,六级,1
unity,'ju:niti,n.,"一致, 联合, 单一(性), 个体；统一",,,六级,1
universal,.ju:ni'və:sl,adj./n.,"全世界的, 普遍的, 宇宙的, 通用的；一般概念",,,六级,1
universally,ju:ni'v\\\\:səli,adv.,"宇宙, 全世界, 普遍, 一般, 普通, 全体, 一致, 通用, 万能, 广用, 广泛",,,六级,2
universe,'ju:nivə:s,n.,"宇宙, 星系, (思想等)范围",,,六级,1
university,.ju:ni'və:siti,n.,大学,,,六级,1
unjust,.ʌn'dʒʌst,adj.,"不公平的；不公正的人; 不公正的, 不公平的, 不合理的",,,六级,2
unkind,.ʌn'kaind,adj.,"不仁慈的, 不亲切的",,,六级,2
unknown,.ʌn'nəun,adj./n.,"不知道的, 未知的, 陌生的；未知物, 未知数",,,六级,1
unless,.ʌn'les,conj./prep.,除非；除...之外,,,六级,1
unlike,.ʌn'laik,adj./prep.,"不像的, 不同的；不像, 和...不同",,,六级,1
unlikely,.ʌn'laikli,adj.,不太可能的,,,六级,1
unlimited,.ʌn'limitid,adj.,"无限的, 不受限制的, 无条件的；无限的, 不定的",,,六级,2
unload,.ʌn'ləud,v.,"卸货；从...卸下, 摆脱...之负担, 倾销, 卸(货)；卸载",,,六级,2
unlock,.ʌn'lɒk,v.,"开...的锁, 开启, 表露, 放出；被开启, 揭开, 解放；解出锁定",,,六级,2
unlucky,.ʌn'lʌki,adj.,"不吉利的, 不祥的, 不幸的",,,六级,2
unnecessary,.ʌn'nesəsəri,adj.,不必要的,,,六级,1
unorthodox,.ʌn'ɒ:θədɒks,adj.,"非正统的, 异教的",,,六级,2
unpaid,.ʌn'peid,adj.,"未付款的, 不支薪水的；未付的, 未缴纳的",,,六级,2
unpleasant,.ʌn'pleznt,adj.,"使人不愉快的, 使人厌恶的, 煞风景的",,,六级,1
unprecedented,.ʌn'presidentid,adj.,"空前的；空前的, 无前例的",,,六级,2
unreasonable,.ʌn'ri:znəbl,adj.,"不合理的, 过度的, 不切实际的；不讲道理的, 非理智的, 不合理的",,,六级,2
unreliable,.ʌnri'laiəbl,adj.,"不可靠的；不可靠的, 靠不住的",,,六级,2
unsatisfactory,'ʌn.sætis'fæktəri,adj.,不令人满意的,,,六级,2
unstable,.ʌn'steibl,adj.,不稳定的,,,六级,2
unsuitable,.ʌn'sju:təbl,adj.,"不适合的；不适合的, 不适当的",,,六级,2
untie,.ʌn'tai,v.,解开；松开,,,六级,2
unusual,.ʌn'ju:ʒu:l,adj.,"不寻常的, 罕见的, 与众不同的",,,六级,1
unusually,ʌn'ju:ʒəli,adv.,"不寻常地, 异乎寻常地, (非正式)非常",,,六级,2
unwilling,.ʌn'wiliŋ,adj.,"不愿意的, 勉强的；不愿意的, 勉强的, 不服从的",,,六级,2
update,ʌp'deit,v./n.,"更新, 使现代化；更新；更新",,,六级,1
upgrade,'ʌpgreid,n./adv./v.,"上坡, 升级, 上升；往上；使升级, 提升, 改良品种；升级；升级",,,六级,2
uphold,ʌp'həuld,v.,"支撑, 赞成, 鼓励, 举起, 坚持；确认, 赞成, 支持",,,六级,2
upon,ə'pɒn,prep.,"在...之上, 迫近, 紧接着",,,六级,1
upper,'ʌpə,adj./n.,"上面的, 较高的, 上级的, 上院的, 穿在外面的, 北部的, 地表的, 后期的；鞋帮, 上齿",,,六级,1
upright,'ʌprait,adj.,"正直的, 诚实的, 公正的, 垂直的, 竖式的；立杆",,,六级,2
uproar,'ʌprɒ:,n.,"骚动, 喧嚣",,,六级,2
upset,ʌp'set,adj./v.,"弄翻的, 混乱的, 心烦的；弄翻, 颠覆, 推翻, 打乱, 使不适, 使心烦；翻倒",,,六级,1
upstairs,'ʌp'stєəz,adj./adv./n.,"楼上的；在楼上, 向楼上, 处于更高地位；楼层",,,六级,1
upward,'ʌpwəd,adj./adv.,向上的；以上,,,六级,2
upwards,'ʌpwədz,adv.,"以上, 向上",,,六级,1
uranium,ju'reiniəm,n.,铀；铀U,,,六级,2
urban,'ə:bən,adj.,"都市的, 住在都市的, 习惯于都市的；城市的, 都市的, 市区的",,,六级,1
urge,ə:dʒ,n./v.,"冲动, 推动力, 迫切的要求；驱策, 力劝, 竭力主张, 推动；强烈要求",,,六级,1
urgent,'ə:dʒənt,adj.,"紧急的, 急迫的, 催逼的；紧急的, 急迫的",,,六级,1
usage,'ju:sidʒ,n.,"用法, 使用, 习惯, 惯用法, 习惯法；使用情况, 使用用途, 惯例",,,六级,1
used,'ju:st,adj.,"使用过的, 二手的, 习惯的",,,六级,1
useful,'ju:sful,adj.,"有用的, 有益的；有用的, 有效的",,,六级,1
useless,'ju:slis,adj.,"无用的, 无效的, 无益的；无用, 无价值, 无效",,,六级,1
user,'ju:zə,n.,使用者；用户,,,六级,1
usual,'ju:ʒuəl,adj.,"平常的, 通常的",,,六级,1
utensil,ju:'tensl,n.,"器皿, 用具",,,六级,2
utility,ju:'tiliti,n./adj.,"功用, 有用之物, 实用, 公用事业, 实用程序；实用的, 有多种用途的；实用程序, 工具",,,六级,1
utilization,.ju:tilai'zeiʃən,n.,利用；利用,,,六级,2
utilize,'ju:tilaiz,v.,利用,,,六级,2
utmost,'ʌtməust,n./adj.,"极限, 最大限度, 极度；极度的, 最远的",,,六级,2
utter,'ʌtə,adj./v.,"全然的, 绝对的, 完全的；发出声音, 做声, 发表, 发射, 流通",,,六级,2
vacant,'veikənt,adj.,"空的, 空白的, 空虚的, 空闲的, 茫然的, 空缺的；空的, 空虚的, 闲暇的",,,六级,2
vacation,vei'keiʃən,n.,"假期, 休假；假期, 停审期, 休庭期",,,六级,2
vaccinate,'væksineit,v.,预防接种,,,六级,2
vacuum,''vækjuəm,n./adj./v.,"真空, 空间, 真空吸尘器；真空的, 产生真空的, 利用真空的；用吸尘器打扫",,,六级,2
vague,veig,adj.,"含糊的, 不清楚的, 茫然的",,,六级,1
vain,vein,adj.,"无价值的, 徒然的, 空虚的, 自负的, 愚蠢的",,,六级,2
valid,'vælid,adj.,"有确实根据的, 有法律效力的, 正当的, 正确的；有效的",,,六级,1
validity,və'liditi,n.,"有效性, 正确性；有效性",,,六级,1
valley,'væli,n.,"山谷, 溪谷, 流域, 凹地；谷",,,六级,1
valuable,'væljuəbl,adj.,"有价值的, 贵重的, 宝贵的, 可估价的；有价值的, 可估价的, 贵重的",,,六级,1
value,'vælju:,n./v.,"价值, 价格, 购买力, 评价, 估价, 计算结果；评价, 估价, 重视；计算结果",,,六级,1
valve,vælv,n./v.,"活瓣, 阀, 活门；装阀, 用阀调节",,,六级,2
van,væn,n./v.,"货车, 篷车, 先锋, 前驱, 前卫；用货车搬运；增值网",,,六级,1
vanish,'væniʃ,v.,"消失, 不见, 成为零",,,六级,1
vanity,'væniti,n.,"虚荣心, 虚无, 自负, 空虚, 时髦的小摆饰",,,六级,2
vapour,'veipə,n./v.,"汽, 蒸气；蒸发, 吹牛；使蒸发, 使汽化",,,六级,2
variable,'vєəriəbl,n./adj.,"易变的事物, 变数, 可变物, 变量；可变的, 不定的, 易变的, 变量的；变量",,,六级,1
variation,.vєəri'eiʃən,n.,"变更, 变化, 变种, 变奏；变异, 变易; 变度",,,六级,1
variety,və'raiəti,n.,"多样, 种类, 变种, 杂耍；变种",,,六级,1
various,'vєəriəs,adj.,"不同的, 各种的, 多方面的, 许多的, 个别的, 杂色的；不同的, 种种的, 各式各样的",,,六级,1
vary,'vєəri,v.,"改变, 使多样化；变化, 有不同, 违反",,,六级,1
vase,veis,n.,"花瓶, 瓶",,,六级,2
vast,vɑ:st,adj.,"巨大的, 广大的, 非常的, 大量的",,,六级,1
vault,vɒ:lt,n./v.,"拱顶, 窖, 地下室, 撑竿跳, 穹窿；做成圆拱形, 撑竿跳过；成穹状弯曲, 跳跃",,,六级,2
vector,'vektə,n./v.,"矢量, 传病媒介；(用无线电)导引, 给...导航；矢量; 向量",,,六级,2
vegetation,.vedʒi'teiʃən,n.,"植物；贽生物, 贽疣, 增殖体; 生长, 增殖",,,六级,2
vehicle,'vi:ikl,n.,"交通工具, 车辆, 传播媒介；载体; 运载体; 漆料",,,六级,1
veil,veil,n./v.,"面纱, 面罩, 借口, 幕, 帐, 遮蔽物；戴面纱, 隐藏, 遮蔽, 掩饰；蒙上面纱",,,六级,2
vein,vein,n./v.,"血管, 静脉, 纹理, 气质, 情绪；使有脉络, 像脉络般分布于",,,六级,1
velocity,vi'lɒsəti,n.,"速度, 迅速；速度",,,六级,2
velvet,'velvit,n./adj.,天鹅绒；天鹅绒的,,,六级,2
vengeance,'vendʒəns,n.,"复仇, 报仇；报仇, 复仇",,,六级,2
vent,vent,n./v.,"排气口, 出口, 通风孔, 发泄；发泄, 排出, 给...开孔",,,六级,2
ventilate,'ventileit,v.,"使空气流通, 使通风, 公开讨论, 公开；通风, 换气",,,六级,2
venture,'ventʃə,n./v.,"冒险, 风险；敢于, 冒...的危险；冒险",,,六级,1
venus,'vi:nəs,n.,"维纳斯(爱与美的女神), 金星",,,六级,2
verb,və:b,n.,动词；动词,,,六级,1
verbal,'və:bl,adj.,"用言辞的, 言语的, 口头的, 逐字的, 动词的；言语的, 口述的",,,六级,1
verdict,'və:dikt,n.,"裁决, 判决, 判断性意见, 定论, 结论；定论, 判断, 意见",,,六级,1
verge,və:dʒ,n./v.,"边缘, 边界, 起始点；处在边缘, 接近, 下沉, 趋向",,,六级,2
verify,'verifai,v.,"证明, 查证, 证实, 检验, 校验；校验, 检验; DOS内部命令:设定写入磁盘时是否验证写入的正确性",,,六级,2
versatile,'və:sətail,adj.,"多才多艺的, 万用的, 万向的",,,六级,2
verse,və:s,n./v.,"诗, 韵文, 诗句；用诗表达；作诗",,,六级,1
version,'və:ʒən,n.,"一种描述, 版本, 译文；版本",,,六级,1
versus,'və:səs,prep.,"对...；诉, 对, 相形",,,六级,2
vertical,'və:tikl,adj.,"垂直的, 直立的；垂直的, 顶的, 头顶的",,,六级,1
vessel,'vesl,n.,"船, 容器, 脉管；管, 脉管, (容)器",,,六级,1
vest,vest,n./v.,"背心, 汗背心；使穿衣服, 授予；穿衣服, 归属",,,六级,2
veteran,'vetərən,n./adj.,"老手, 退伍军人, 老兵, 老树；老兵的, 老练的, 经验丰富的",,,六级,2
veto,'vi:təu,n./v.,"否决权；否决, 禁止",,,六级,2
vex,veks,v.,"使烦恼, 使苦恼；烦恼",,,六级,2
via,vaiə,prep.,"经由, 经过, 通过；病毒灭活剂",,,六级,1
vibrate,'vaibreit,v.,"振动, 颤动, 激动, 摇摆, 踌躇；使颤动, 使振动, 使摆动",,,六级,2
vibration,vai'breiʃən,n.,"振动, 颤动；振动",,,六级,2
vice,vais,n./v./prep.,"恶习, 恶行, 罪恶, 堕落, 缺陷, 恶癖, 老虎钳；钳住；代替",,,六级,2
vicinity,vi'siniti,n.,"附近, 邻近, 附近地区, 近处；附近, 邻近, 附近地区",,,六级,2
vicious,'viʃəs,adj.,"邪恶的, 堕落的, 品性不端的, 恶毒的, 恶性的, 有错误的；缺点的, 恶的",,,六级,2
victim,'viktim,n.,"受害人, 牺牲者, 牺牲品；受害人, 被害人, 遭难者",,,六级,1
victorious,vik'tɔ:riəs,adj.,"胜利的, 得胜的, 战胜的",,,六级,2
victory,'viktəri,n.,"胜利, 战胜, 克服",,,六级,1
video,'vidiəu,n./adj.,"影像, 电视；图像的, 电视的",,,六级,1
view,vju:,n./v.,"视野, 风景, 见解, 视力, 观看, 视图, 指望, 意图, 印象；看, 考虑, 视察, 查看, 估量；视图",,,六级,1
viewpoint,'vju:pɒint,n.,观点,,,六级,2
vigor,'vigə,n.,"精力, 活力",,,六级,2
vigorous,'vigərəs,adj.,"精力充沛的, 元气旺盛的, 茁壮的, 有力的",,,六级,2
vigour,'vigə,n.,"精力, 活力, 力量, 效力, 气势",,,六级,2
villa,'vilə,n.,别墅,,,六级,1
vine,vain,n./v.,"藤本植物, 葡萄, 藤, 蔓；形成藤蔓",,,六级,2
vinegar,'vinigə,n./v.,"醋, 尖酸刻薄；加醋于",,,六级,2
violate,'vaiəleit,v.,"违犯, 亵渎, 违反, 侵犯, 妨碍；违犯, 违反",,,六级,2
violation,.vaiə'leiʃən,n.,"违反, 违背, 妨碍；违犯, 违背, 违反",,,六级,2
violence,'vaiələns,n.,"猛烈, 暴力, 暴虐, 暴行；暴行, 暴力, 暴乱",,,六级,1
violent,'vaiələnt,adj.,"暴力的, 猛烈的, 激烈的, 极端的, 凶暴的",,,六级,1
violently,'vaiələntli,adv.,"猛烈地, 激烈地, 极端地",,,六级,2
violet,'vaiəlit,n./adj.,"堇菜, 紫罗兰；堇菜科的, 紫罗兰色的",,,六级,2
violin,.vaiə'lin,n.,小提琴,,,六级,2
virgin,'və:dʒin,n./adj.,"处女；处女的, 贞洁的, 纯洁的, 初始的, 纯的",,,六级,1
virtual,'və:tʃuəl,adj.,"实际上起作用的, 虚的, 实质的, 有效的, 事实上生效的；虚拟",,,六级,2
virtually,'və:tʃuəli,adv.,事实上,,,六级,1
virtue,'və:tju:,n.,"德行, 美德, 优点, 功效, 效力；美德, 贞操, 优点",,,六级,1
virus,'vaiərəs,n.,"病毒, 滤过性病毒, 毒害；病毒",,,六级,1
visa,'vi:zə,n./v.,签证；签发,,,六级,2
viscous,'viskəs,adj.,"粘的, 粘性的；粘的",,,六级,2
visible,'vizəbl,adj./n.,"看得见的, 明显的, 显然的；可见物",,,六级,1
vision,'viʒən,n./v.,"视觉, 眼光, 视力, 幻想；梦见, 想象, 显示",,,六级,1
visitor,'vizitə,n.,"参观者, 游客, 访客；视察人, 检视人, 检查员",,,六级,1
visual,'viʒuəl,adj.,"视觉的；视觉的, 视力的, 视觉性记忆优势者",,,六级,1
visualize,'viʒuəlaiz,v.,"使看得见, 使具体化, 想象, 设想；想象, 显形",,,六级,2
vital,'vaitl,adj.,"生命的, 重要的, 充满活力的, 生死攸关的, 致命的；生命的, 生活的, 生活上必需的, 紧要的",,,六级,1
vitamin,'vaitəmin,n.,维生素；维生素,,,六级,1
vitamine,"'vitəmin, -mi:n; 'vai-",n.,"维生素, 维他命",,,六级,3
vivid,'vivid,adj.,"生动的, 鲜明的, 鲜艳的, 活泼的, 逼真的, 清晰的",,,六级,2
vividly,,adv.,"鲜艳, 强烈, 明亮, 鲜明, 活泼, 有生气, 生动, 清晰, 逼真",,,六级,2
vocabulary,və'kæbjuləri,n.,"词汇(量), 词汇表；词表",,,六级,1
vocal,'vəukl,adj./n.,"嗓音的, 声音的, 有声的, 歌唱的；元音, 声乐作品",,,六级,2
vocation,vəu'keiʃən,n.,"职业, 天命, 天职, 才能, 行业；行业, 职业, 职业上的才能",,,六级,2
vocational,vəu'keiʃənl,adj.,"职业的；职业上的, 天职的",,,六级,2
voice,vɒis,n./v.,"声音, 嗓音, 嗓子, 愿望, 发言权, 表达, 喉舌, 语态；表达, 吐露, 调音",,,六级,1
void,vɒid,n./adj.,"空虚, 空间, 空白, 空隙, 空虚感；空的, 无效的, 无人的, 没有的, 无用的；脱墨; 空白点",,,六级,2
volcano,vɒl'keinəu,n.,火山,,,六级,2
volleyball,'vɒlibɒ:l,n.,排球,,,六级,2
volt,vəult,n.,伏特；伏特,,,六级,2
voltage,'vəultidʒ,n.,"电压, 伏特数；电压",,,六级,2
volume,'vɒljum,n./v./adj.,"册, 卷, 体积, 容量, 大量, 许多, 份量, 音量；成团卷起；把...收集成卷；大量的；卷",,,六级,1
voluntary,'vɒləntəri,adj./n.,"自动的, 自愿的, 故意的, 志愿的, 自发的；自愿行动, 志愿者, 自由调",,,六级,1
volunteer,.vɒlən'tiə,n./adj./v.,志愿者；志愿的；自愿,,,六级,1
vote,vəut,n./v.,"投票, 选举, 选票, 表决, 选举权, 得票数；投票, 选举；投票选举, 投票决定, 公认, 使投票",,,六级,1
vow,vau,n./v.,"誓约, 誓言, 许愿；起誓, 发誓, 郑重宣言；立誓, 起誓要, 郑重地宣布",,,六级,2
vowel,'vauəl,n./adj.,元音；元音的,,,六级,2
voyage,'vɒiidʒ,n./v.,"航行, 航海, 航程, 旅行, 航空；航海, 航行；航行越过, 飞过",,,六级,2
vulgar,'vʌlgə,adj.,"粗俗的, 庸俗的, 普通的, 通俗的, 方言的；庸俗的, 卑下的, 粗俗的",,,六级,2
vulnerable,'vʌlnərəbl,adj.,"易受伤害的, 有弱点的, 易受影响的, 脆弱的, 成局的；易损的",,,六级,1
wade,weid,v./n.,"跋涉；涉水；跋涉, 浅滩",,,六级,2
wag,wæg,v./n.,"摇摆, 摇动, 饶舌；摆动, 喋喋不休；摇摆, 爱说笑打趣的人",,,六级,2
wage,weidʒ,n./v.,"工资, 报应, 报偿；开展, 进行；进行",,,六级,1
waggon,,n.,"运货车, 四轮运货马车, (英)铁路货车, 流动服务车, 小型客车, 囚车, 童车",,,六级,2
waist,weist,n.,"腰部, 腰；腰",,,六级,1
waiter,'weitə,n.,侍者,,,六级,2
waitress,'weitris,n.,"女侍者, 女服务员",,,六级,2
waken,'weikn,v.,"唤醒, 使觉醒, 激发；觉醒, 醒来",,,六级,2
wallet,'wɒlit,n.,"皮夹；皮包, 皮夹, 钱袋",,,六级,2
walnut,'wɒ:lnət,n.,胡桃；胡桃木,,,六级,2
wander,'wɒndə,v.,"游荡, 漫步, 徘徊, 迷路, 离题, 蜿蜒；在...漫游",,,六级,1
war,wɒ:,n./v./adj.,"战争, 战争状态, 战术, 军事, 冲突, 斗争, 竞争；进行战争, 作战, 打仗, 战斗；战争的, 战时用的",,,六级,1
ward,wɒ:d,n./v.,"病房, 守卫, 保卫, 保护, 监护, 牢房, 行政区, 锁孔内的榫舌；使入病房, 守护, 保卫",,,六级,1
wardrobe,'wɒ:drəub,n.,"衣橱, 衣室, 全部衣服",,,六级,2
ware,wєə,n./v./adj.,"物品, 器具, 货物, 商品, 陶器；留心, 小心；知道的, 意识到的, 留神的",,,六级,2
warehouse,'wєəhaus,n./v.,"仓库, 货栈, 大商店；储入仓库",,,六级,1
warfare,'wɒ:fєə,n.,"战争, 战斗, 交战, 斗争, 竞争；战事, 作战, 交战",,,六级,2
warmth,wɒ:mθ,n.,"温暖, 温情, 暖和, 激动, 生气",,,六级,1
warn,wɒ:n,v.,"警告, 提醒, 通知；发出警告",,,六级,1
warning,'wɒ:niŋ,n.,"警告, 预告, 预兆, 通知；警告, 警戒, 预告; 警告的, 注意的",,,六级,1
warrant,'wɒ:rənt,n./v.,"授权, 正当理由, 根据, 证明, 批准, 凭证, 令状, 委任状；授权给, 保证, 担保, 批准, 使有正当理由",,,六级,2
wasp,wɒsp,n.,"黄蜂, 胡蜂, 易怒的人, 刻毒的人；胡蜂, 黄蜂",,,六级,2
waste,weist,n./adj./v.,"浪费, 废物, 损耗, 消耗, 荒地, 垃圾, 地面风化物；废弃的, 荒芜的, 多余的；浪费, 消耗, 使荒芜；浪费, 消耗, 变消瘦",,,六级,1
wasteful,'weistful,adj.,"浪费的, 不经济的",,,六级,2
watchful,'wɒtʃful,adj.,"注意的, 警戒的, 警醒的, (时间)醒着换过的",,,六级,2
waterfall,'wɒtəfɒ:l,n.,瀑布,,,六级,2
waterproof,'wɒtəpru:f,n./adj./v.,"防水材料；不透水的, 防水的；使防水",,,六级,2
watertight,'wɒtətait,adj.,"不透水的, 不漏水的, 无懈可击的；不透水的; 不漏水的",,,六级,2
watery,'wɒ:təri,adj.,"水的, 湿的, 平淡的, 稀薄的, 水淋淋的",,,六级,2
watt,wɒt,n.,瓦(特)；瓦; 瓦特,,,六级,2
wave,weiv,n./v.,"波, 波浪, 波动, 起伏, 高潮, 潮涌, 挥手致意, (气压)突变；波动, 飘动, 挥手示意, 起伏；使波动, 使飘扬, 挥舞, 使成波浪形",,,六级,1
wavelength,'weivleŋθ,n.,波长；波长,,,六级,2
waver,'weivə,n./v.,"动摇, 踌躇, 挥动者；摇摆, 颤抖, 摆动, 摇曳, 犹豫",,,六级,2
wax,wæks,n./v.,"蜡, 蜡状物, 一阵发怒, 增加, (月亮)渐盈；变大, 增大, 月亮渐满；上蜡于",,,六级,2
weak,wi:k,adj.,"不牢固的, 弱的, 虚弱的, 软弱的, 无力的, 无权力的, (论据等)不充分的；疲软的",,,六级,1
weaken,'wi:kən,v.,"削弱, 减弱, 使虚弱；变弱, 变软弱",,,六级,1
weakness,'wi:knis,n.,"虚弱, 薄弱, 弱点；欲振乏力",,,六级,1
wealth,welθ,n.,"财富, 资源, 财产, 丰富, 富裕, 大量；财富",,,六级,1
wealthy,'welθi,adj.,"富有的, 丰裕的, 充分的",,,六级,1
weapon,'wepən,n./v.,"武器, 兵器；武装",,,六级,1
weary,'wiəri,adj./v.,"疲倦的, 萎靡的, 厌倦的, 厌烦的；使疲倦, 使厌烦；疲乏, 生厌, 不耐烦",,,六级,2
weave,wi:v,n./v.,"编法, 织法, 编织式样；编织, 组合, 编排, 使迂回前进；纺织, 迂回行进",,,六级,2
weaver,'wi:və,n.,"织布者, 织工",,,六级,2
web,web,n./v.,"网, 蛛丝, 蹼, 织物, 圈套, 卷筒纸；结网, 形成网；织蜘蛛网于, 使落入圈套",,,六级,2
wedding,'wediŋ,n.,"婚礼, 结婚, 结婚周年纪念日, 结合；结婚, 婚礼, 结婚纪念日",,,六级,1
wedge,wedʒ,n./v.,"楔子, 楔形物, 起因, 导致分裂的东西；楔住, 挤进, 楔入；楔入, 挤进",,,六级,2
weed,wi:d,n./v.,"杂草, 野草；除草；除...的草, 剔除",,,六级,2
weekday,'wi:kdei,n.,"周日, 平日；工作日",,,六级,2
weekly,'wi:kli,n./adj./adv.,"周刊, 周报；每周的, 一周一次的, 周刊的；每周, 一周一次",,,六级,1
weep,wi:p,n./v.,"哭, 哭泣；哭泣, 流泪, 哀悼, 滴落；哭着使..., 悲叹, 滴下",,,六级,2
weigh,wei,v./n.,"称...重量, 衡量, 把...压弯, 考虑, 权衡, 起锚；称分量, 有意义, 重压, 起锚；过秤, 称分量",,,六级,1
weld,weld,n./v.,"焊接处, 焊接；焊接, 使密接, 使结合, 使成整体；焊牢",,,六级,2
welfare,'welfєə,n./adj.,"福利, 安宁, 幸福, 福利事业；福利的",,,六级,1
westward,'westwəd,n./adj./adv.,朝西的方向；向西的；向西的,,,六级,2
whale,hweil,n./v.,"鲸；捕鲸；使惨败, 猛揍",,,六级,1
wharf,hwɒ:f,n./v.,"码头；卸在码头上, 靠码头；靠码头, 入坞",,,六级,2
whatever,hwɒt'evə,pron.,无论什么,,,六级,1
wheat,hwi:t,n.,小麦,,,六级,2
wheel,hwi:l,n./v.,"轮子, 车轮, 轮, 方向盘, 旋转, 机构, 重要人物；使旋转, 转动, 使转向；旋转, 转弯, 盘旋",,,六级,1
whenever,hwen'evə,conj./adv.,"每当；不论何时, 每逢",,,六级,1
whereas,hwєər'æz,conj.,"然而, 鉴于；考虑到, 鉴于, 就...而论",,,六级,1
whereby,(h)weə'bai,adv.,"靠什么, 如何, 为何, 靠那个, 因此, 由此；因此, 由是",,,六级,1
wherever,hwєər'evə,adv.,无论哪里,,,六级,1
whichever,hwitʃ'evə,pron.,"无论那一个, 任何一个",,,六级,2
whilst,wailst,conj.,"当...的时候, 和...同时, 虽然, 只要, 然而, 而, 尽管",,,六级,1
whip,hwip,n./v.,"鞭子, 抽打, 车夫, 搅拌器；鞭打, 搅拌, 煽动, 召集, 仓促制成；拍击, 急走, 抽打",,,六级,2
whirl,hwə:l,n./v.,"回旋, 旋转, 急走, 眩晕；使旋转, 使回旋, 卷走；回旋, 旋转, 急走, 发晕",,,六级,2
whisker,'hwiskə,n.,"腮须, 胡须, 一丝儿；晶须",,,六级,2
whisky,'hwiski,n.,"威士忌酒, 轻便马车；威士忌酒",,,六级,1
whisper,'hwispə,n./v.,"耳语, 密谈, 谣传, 沙沙声；耳语, 密谈, 沙沙地响；低声说",,,六级,1
whistle,'hwisl,n./v.,"口哨, 汽笛, 啸啸声, 口哨声；吹口哨, 鸣汽笛, 发嘘嘘声；用口哨或吹哨传意, 用口哨演奏",,,六级,2
whitewash,'hwaitwɒʃ,n.,"白色涂料, 粉饰, 得零分的惨败",,,六级,2
whoever,hu'evə,pron.,"任何人, 无论谁",,,六级,1
whole,həul,n./adj.,"全部, 全体, 整体, 完全之体系；所有的, 完整的, 完全的, 纯粹的",,,六级,1
wholesome,'həulsəm,adj.,"有益健康的, 合乎卫生的, 健全的, 有益的, 有生气的, 审慎的",,,六级,2
wholly,'həuli,adv.,"完全地, 整个, 统统, 全部；完全地, 统统地",,,六级,1
wicked,'wikid,adj.,"坏的, 邪恶的, 缺德的, 刻毒的, 恶劣的, 淘气的",,,六级,2
widely,'waidli,adv.,广泛地,,,六级,1
widen,'waidn,v.,"弄宽, 加宽, 扩大；变宽, 扩大",,,六级,1
widespread,'waidspred,adj.,"充分伸展的, 广布的, 普及的, 流传广的",,,六级,1
widow,'widəu,n./v.,"寡妇, 孀妇；使成寡妇",,,六级,1
width,widθ,n.,"宽度, 宽广, 广博；宽度",,,六级,1
wield,wi:ld,v.,"挥舞, 运用",,,六级,2
wild,waild,n./adj./adv.,"荒野, 荒地；野性的, 野蛮的, 野生的, 失控的, 任性的, 杂乱的, 轻率的, 狂热的, 疯狂的；狂暴地, 失控地",,,六级,1
wilful,'wilful,adj.,"任性的, 固执的, 故意的, 存心的；有意的, 故意的, 任性的",,,六级,2
willing,'wiliŋ,adj.,"乐意的, 自愿的, 甘愿的",,,六级,1
willow,'wiləu,n./adj.,"柳树, 柳木制品；柳树的, 柳木制的",,,六级,2
win,win,v./n.,"赢得, 打胜, 成功；获胜, 达到, 影响；胜利, 赢, 收益",,,六级,1
winding,'waindiŋ,n./adj.,"绕, 卷, 弯曲, 线圈；蜿蜒的, 卷绕的, 弯曲的",,,六级,2
windmill,'windmil,n.,风车,,,六级,2
windy,'windi,adj.,"多风的, 风强的, 腹胀的, 吹牛的",,,六级,2
wine,wain,n./v.,"葡萄酒, 果酒, 暗红色；(请)喝酒",,,六级,1
wing,wiŋ,n./v.,"翅膀, 翼, 机翼, 派别；给...装上翼, 飞过, 使飞, 空运, 增加...速度；飞行",,,六级,1
wink,wiŋk,n./v.,"眨眼, 使眼色, 瞬间；眨眼, 使眼色, 闪烁；眨",,,六级,2
winner,'winə,n.,"胜利者, 优胜者；取胜者",,,六级,1
wipe,waip,n./v.,"擦拭, 用力打, 凸轮；擦, 揩, 消灭, 涂上, 拭去；擦, 打",,,六级,1
wire,'waiə,n./v.,"电线, 电报, 电信, 铁丝网, 金属丝；用金属丝捆扎, 拍电报；打电报",,,六级,1
wireless,'waiəlis,n./adj.,"无线电；无线的, 无线电的",,,六级,2
wisdom,'wizdəm,n.,"智慧, 明智行为, 学识, 名言, 贤人",,,六级,1
wise,waiz,adj./v./n.,"明智的, 慎虑的, 聪明的, 博学的, 狡猾的, 机灵的；知道；教导, 告诉, 劝导；方法, 方式；教育信息系统",,,六级,1
wit,wit,n.,"机智, 智力, 头脑, 理智, 妙语, 机智的人",,,六级,2
withdraw,wið'drɒ:,v.,"撤回, 取回, 撤消, 使撤退, 拉开, 移开；撤退, 离开",,,六级,1
wither,'wiðə,v.,"使凋谢, 使消亡, 使畏缩；枯萎, 衰退",,,六级,2
withhold,wið'həuld,v.,"使停止, 扣留, 保留, 拒给；克制, 忍住",,,六级,2
within,wi'ðin,n./adv./prep.,"内部, 里头；在内部, 在内心里；在...之内",,,六级,1
withstand,wið'stænd,v.,"抵住, 顶住, 经得起",,,六级,2
witness,'witnis,n./v.,"证人, 目击者, 证据, 证词；目击, 作证, 证明, 表明；作证人, 作为证据",,,六级,1
witty,'witi,adj.,"富于机智的, 诙谐的",,,六级,2
woe,wəu,n.,"悲哀, 悲痛, 苦痛",,,六级,2
wolf,wulf,n./v.,"狼, 残忍贪婪之人, 极度穷困；狼吞虎咽, 大吃",,,六级,2
wonder,'wʌndə,n./v.,"奇迹, 惊奇, 惊愕；惊奇, 想知道；惊讶, 怀疑",,,六级,1
wonderful,'wʌndəful,adj.,"令人惊奇的, 奇妙的, 极好的",,,六级,1
wood,wud,n./v.,"木材, 木制品；植林于, 给...添加木柴；收集木材",,,六级,1
wooden,'wudn,adj.,"木制的, 呆笨的, 木然的",,,六级,1
woodpecker,'wudpekə,n.,啄木鸟,,,六级,2
wool,wul,n.,"羊毛, 毛织物, 毛线, 绒线；羊毛, 绒毛, 棉[花]",,,六级,1
woollen,'wulin,n./adj.,毛织品；羊毛制的,,,六级,2
workman,'wə:kmən,n.,"工人, 工匠, 男工",,,六级,2
workpiece,'wə:kpi:s,n.,工件,,,六级,3
workshop,'wə:kʃɒp,n.,"工场, 车间, 研讨会；讨论会; 专题研究组",,,六级,1
worm,wə:m,n./v.,"虫, 蠕虫, 小人物, 螺纹, 蜗杆；蠕行, 慢慢前进；使蠕行, 慢慢地走, 除虫；蠕虫病毒",,,六级,2
worse,wə:s,n./adj./adv.,"更坏的事, 更恶劣的事, 败局；更坏的, 更恶劣的；更坏地, 更恶劣地",,,六级,2
worship,'wə:ʃip,n./v.,"崇拜, 礼拜, 尊敬；参加礼拜；崇拜, 尊敬",,,六级,1
worst,wə:st,n./adj./adv.,"最坏, 最坏的时候；最坏的, 最恶劣的, 最不利的；最坏, 最糟",,,六级,2
worthless,'wə:θlis,adj.,"无价值的, 无益的, 无足轻重的；无价值的, 无用的",,,六级,2
worthwhile,'wə:θ'hwail,adj.,"值得花时间的, 值得做的, 有真实价值的",,,六级,1
worthy,'wə:ði,n./adj.,"杰出人物；有价值的, 可敬的, 值得的",,,六级,1
wound,wu:nd,n./v.,"创伤, 伤口, 伤疤, 伤害, 痛苦；伤害, 损害, 使受伤；打伤, 伤害；wind的过去式和过去分词",,,六级,1
wrap,ræp,n./v.,"外套, 围巾, 包裹物, 限制, 约束, 秘密, 换行；包装, 卷, 缠绕, 包, 裹, 覆盖, 遮蔽, 隐藏, 掩护；缠绕, 穿外衣, 包起来；换行",,,六级,1
wrath,rɒ:θ,n.,"愤怒, 激怒, 愤怒的举动, (自然现象等)严酷",,,六级,2
wreath,ri:θ,n.,"花圈, 花环, 圈状物；花冠, 花冠体(细胞核分裂的一时期)",,,六级,2
wreck,rek,n./v.,"失事, 残骸, 破坏；使失事, 拆毁, 破坏；(船)失事, 营救失事船只",,,六级,2
wrench,'rentʃ,n./v.,"扳钳, 扳手, 扭伤, 歪曲, 痛苦；猛扭, 扭伤, 曲解, 折磨；猛扭, 猛绞",,,六级,2
wrestle,'resl,n./v.,"摔跤, 角力, 扭斗；摔跤, 搏斗, 斗争, 斟酌；与(对手)摔跤",,,六级,2
wretched,'retʃid,adj.,"可怜的, 不幸的, 卑鄙的",,,六级,2
wring,riŋ,n./v.,"扭绞, 拧, 挤；拧, 绞, 扭, 勒索, 折磨, 使痛苦；蠕动, 扭动, 绞, 扭, 感到痛苦",,,六级,2
wrinkle,'riŋkl,n./v.,"皱纹, 妙计, 方法, 技巧；起皱；使起皱纹",,,六级,2
wrist,rist,n.,"手腕, 腕关节；腕",,,六级,1
writer,'raitə,n.,"作家, 撰稿者, 抄写员；记录器",,,六级,1
writing,'raitiŋ,n.,"书写, 著作, 笔迹, 作品；书写",,,六级,1
xerox,'ziərɒks,v.,静电复印,,,六级,2
yacht,jɒt,n./v.,"快艇, 游艇；驾游艇, 乘游艇",,,六级,1
yard,jɑ:d,n.,"码, 庭院, 工场；堆置场",,,六级,1
yawn,jɒ:n,n./v.,"哈欠；打哈欠, 裂开；打着哈欠说",,,六级,2
yearly,'jiəli,adj./adv.,"每年的, 一年一度的；一年一次, 每年",,,六级,2
yearn,jə:n,v.,"渴望, 想念, 怀念, 同情",,,六级,2
yeast,ji:st,n.,酵母；酵母,,,六级,2
yell,jel,v./n.,"叫喊, 大叫, (齐声)呐喊欢呼；喊叫着说；叫声, 喊声, 呐喊",,,六级,2
yield,ji:ld,n./v.,"生产量, 投资收益；出产, 给予, 让出, 放弃, 使屈服；出产, 屈服, 投降, 倒塌",,,六级,1
yielding,'ji:ldiŋ,adj.,"生产的, 屈从的, 柔顺的, 易弯曲的；屈服",,,六级,2
yoke,jəuk,n./v.,"轭, 牛轭, 束缚；给...上轭, 连接, 结合, 使匹配；结合, 匹配；磁轭; 磁头组; 偏转线圈",,,六级,2
yolk,jəuk,n.,"蛋黄, 卵黄；卵黄, 羊毛脂",,,六级,2
youngster,'jʌŋstə,n.,"小孩, 年轻人, 少年；儿童, 少年, 青年",,,六级,1
youth,ju:θ,n.,"年轻, 青年时代, 青年们, 青春；青年, 青年时期, 青春时期",,,六级,1
youthful,'ju:θful,adj.,"年轻的, 青年的；青年的, 年轻的",,,六级,2
zeal,zi:l,n.,"热心, 热衷, 热诚",,,六级,2
zealous,'zeləs,adj.,"热衷的, 热诚的, 热心的, 热情的",,,六级,2
zebra,'zi:brə,n.,斑马,,,六级,2
zinc,ziŋk,n./v.,锌；镀锌于,,,六级,2
zone,zəun,n./v.,"地带, 带, 地区；环绕, 使分成地带；分成区；卡片顶部的三行区; 区; 区域",,,六级,1
